	Erlotinib	AG1024	Imatinib	Trichostatin A	Etoposide	Fascaplysin	Methotrexate	Bortezomib-batch1	Paclitaxel	PS-1145	SAHA (Vorinostat)	Ixabepilone	Cisplatin	Geldanamycin	API-2(Tricir)	Pemetrexed	Purvalanol A	Rapamycin	Sunitinib Malate	Carboplatin	Docetaxel	Oxaliplatin	Nelfinavir	17-AAG	CPT-11(FD)	Doxorubicin(FD)	Iressa	Baicalein	Sorafenib	Mebendazole	Bortezomib-batch2	Cetuximab	AKT1-2 inhibitor	AZD6244	Lestaurtinib(CEP-701)	NSC663284	Oxamflatin	SB-3CT	TCS PIM-11	Valproic acid	VX-680	5-FU	Gemcitabine	BEZ235	5-FdUR	AS-252424	Ibandronate sodium salt	LBH589	MG-132	Nilotinib	Olomoucine II	PD98059(LC Labs)	TCS2312 dihydrochloride	Sodium Dichloroacetate	Tamoxifen	TPT(FD)	FTase inhibitor I	ICRF-193	PD184352	Rafi IV (L779450)	ZM447439	Disulfiram	AG1478	Vinorelbine	Glycyl H1152	SKI-606(Bosutinib)	XRP44X	NU6102	Epirubicin	ERKi II (FR180304)	Temsirolimus(Torisel)	IKK 16	BIBW2992	TPCA-1	Everolimus	PD173074	Z-Leu-Leu-Norvalinal	4-HC	4-HC+Dox Combo	Doxorubicin	TCS JNK 5a	Methyl Glyoxol	Z-Leu-Leu-Leu-al	Herceptin	QNZ	Bromopyruvate	GM6001	TAPI-0 (IC-1)	GW5074	Chloroquine	2-deoxy-D-glucose	Chk2 inhibitor II	GW843682X	Ro 32-0432	DMSO	Sulindac sulfide	Celecoxib(Celebrex)	LY294002	CI1040	UO126
MCF12A	5.41E-07	5.66E-06	4.23E-05	1.97E-05	3.66E-07	3.58E-07	5.97E-06	4.07E-08	1.07E-08	1.89E-03	1.71E-04	7.46E-09	6.61E-05	1.85E-08	3.40E-07	1.91E-07	7.04E-05	8.37E-08	6.42E-06	8.89E-05	2.57E-09	1.77E-06	2.27E-05	3.30E-08	1.62E-06	4.58E-08	6.72E-07	1.66E-05	2.40E-05	1.81E-06	3.28E-07	6.85E-07	9.73E-06	2.05E-07	4.64E-07	1.74E-06	1.74E-06	1.67E-04	4.33E-05	0.0018082	4.64E-07	1.52E-05	6.69E-08	4.69E-07	1.38E-05	2.10E-05	1.87E-04	4.46E-07	4.84E-08	2.00E-04	6.06E-06	5.00E-05	6.91E-07	3.33E-06	1.28E-05	2.60E-08	6.67E-05	1.94E-07	1.03E-05	1.07E-05	7.52E-06	1.08E-05	6.92E-08	1.24E-08	1.26E-05	1.03E-06	2.16E-07	1.57E-05	5.55E-08	1.00E-04	9.26E-06	4.04E-06	8.69E-08	8.30E-06	1.35E-05	2.18E-05	9.94E-08	7.95E-06	5.72E-06	5.57E-08	1.07E-05	5.08E-04	4.84E-08	7.20E-06	3.33E-05	3.60E-08	3.33E-05	3.33E-05	3.33E-05	1.28E-05	       NA	      NA	      NA	      NA	      NA	      NA	      NA	   NA	      NA	      NA
MCF10A	1.07E-06	6.99E-06	4.33E-05	1.52E-05	3.70E-06	3.73E-07	4.05E-08	2.31E-07	9.33E-09	1.89E-03	2.09E-04	7.93E-09	7.87E-06	5.85E-09	1.56E-06	2.92E-03	5.08E-05	4.54E-07	5.37E-06	6.30E-05	2.34E-09	3.87E-06	1.27E-05	3.99E-08	2.00E-06	1.62E-07	6.73E-07	1.95E-05	4.92E-05	3.18E-06	3.40E-08	5.22E-07	4.57E-06	1.94E-07	5.46E-07	2.26E-06	7.30E-07	8.97E-05	2.71E-05	0.00107	9.08E-07	1.11E-05	1.99E-08	5.48E-08	1.38E-05	6.67E-05	4.09E-04	1.45E-07	6.23E-08	2.00E-04	3.06E-06	5.00E-05	1.27E-06	3.33E-06	6.96E-05	5.92E-08	3.33E-05	8.51E-08	1.34E-06	1.19E-05	3.33E-05	1.17E-05	2.23E-07	3.74E-08	5.24E-06	1.41E-06	2.81E-07	4.74E-06	1.94E-07	3.33E-05	4.19E-07	2.76E-06	3.26E-08	4.50E-06	8.28E-07	1.05E-05	1.25E-07	9.52E-06	7.69E-06	9.83E-08	9.41E-06	4.99E-04	6.40E-08	7.20E-06	3.33E-05	1.45E-08	3.33E-05	3.33E-05	3.26E-05	       NA	       NA	      NA	      NA	      NA	      NA	      NA	      NA	   NA	      NA	      NA
HCC1143	5.72E-05	2.62E-05	2.92E-05	1.71E-05	5.12E-06	2.76E-07	2.38E-08	7.62E-09	1.59E-08	1.89E-03	1.25E-04	9.75E-09	9.06E-06	7.91E-08	1.15E-05	2.92E-03	1.67E-04	5.32E-07	6.98E-06	1.32E-04	8.76E-09	1.98E-05	7.33E-06	1.38E-07	1.31E-05	2.51E-07	1.17E-05	7.00E-05	5.90E-05	9.68E-07	3.83E-09	6.85E-07	1.35E-05	5.00E-05	3.34E-07	1.99E-06	5.21E-07	1.00E-04	1.33E-04	0.00221	1.01E-06	1.72E-04	1.21E-08	3.33E-05	8.37E-05	6.67E-05	4.17E-05	8.10E-08	1.58E-07	2.00E-04	3.10E-06	1.00E-04	2.70E-07	3.33E-06	5.19E-05	2.62E-07	3.33E-05	5.00E-05	3.33E-05	4.11E-05	8.43E-07	1.13E-07	1.67E-04	3.21E-07	9.00E-06	4.88E-06	2.04E-06	1.36E-05	2.63E-07	2.53E-05	1.59E-06	5.01E-06	1.38E-06	8.52E-06	1.47E-06	1.21E-05	5.00E-07	1.23E-05	1.13E-05	1.11E-07	6.21E-05	4.11E-04	3.57E-07	7.20E-06	3.33E-05	       NA	3.33E-05	3.33E-05	3.33E-05	       NA	       NA	      NA	      NA	      NA	      NA	      NA	      NA	   NA	      NA	      NA
HCC1428	1.79E-05	8.70E-06	1.59E-05	1.85E-06	3.42E-05	3.71E-08	3.33E-04	5.25E-08	2.64E-08	1.89E-03	3.78E-05	5.95E-08	4.66E-05	2.84E-08	4.14E-07	2.92E-03	6.68E-05	5.16E-08	5.09E-06	1.38E-04	1.69E-08	8.09E-06	6.84E-06	4.12E-09	2.28E-05	1.21E-06	1.08E-05	3.89E-05	4.59E-05	6.67E-05	1.63E-08	6.85E-07	4.46E-06	5.00E-05	5.00E-07	3.61E-06	4.65E-07	5.71E-05	8.18E-05	0.0007339	7.83E-06	1.02E-05	2.62E-04	3.08E-06	9.02E-05	4.61E-06	1.29E-04	1.05E-07	3.44E-07	2.00E-04	5.07E-06	1.00E-04	7.82E-07	3.33E-06	3.23E-06	4.48E-07	3.33E-05	5.00E-05	6.67E-05	1.07E-05	2.73E-05	1.08E-05	1.67E-04	2.17E-06	6.67E-05	3.75E-06	1.41E-06	1.36E-05	1.33E-06	2.73E-05	5.68E-06	3.96E-06	1.74E-06	2.86E-06	8.77E-06	6.70E-06	6.21E-07	8.33E-06	9.68E-06	5.46E-07	7.28E-07	1.38E-03	3.11E-07	7.20E-06	5.87E-08	       NA	3.33E-05	3.33E-05	       NA	       NA	       NA	      NA	      NA	      NA	      NA	      NA	      NA	   NA	      NA	      NA
HCC1569	1.67E-05	3.33E-05	1.77E-05	8.68E-06	6.31E-05	4.70E-07	3.33E-04	7.51E-09	1.11E-08	1.89E-03	1.04E-04	2.82E-07	7.83E-06	3.41E-08	3.33E-05	2.92E-03	2.00E-05	1.98E-07	7.19E-06	1.09E-04	7.53E-09	4.42E-06	3.33E-05	1.43E-07	2.41E-05	2.59E-06	6.48E-06	4.69E-05	5.37E-05	4.85E-06	4.24E-09	6.85E-07	8.50E-06	5.00E-05	6.48E-07	4.33E-06	1.32E-06	1.67E-04	4.71E-05	0.0017071	2.07E-06	1.09E-04	1.75E-07	4.66E-07	4.18E-04	2.90E-05	6.19E-05	1.55E-07	2.09E-07	2.00E-04	5.22E-06	5.00E-05	4.90E-07	3.33E-06	1.67E-04	1.58E-06	6.67E-05	5.00E-05	3.33E-05	1.68E-05	2.04E-06	6.67E-05	5.52E-06	3.83E-07	6.16E-06	1.74E-06	2.52E-05	1.61E-05	8.64E-07	1.00E-04	3.22E-06	3.28E-06	2.76E-07	3.21E-06	7.16E-06	6.14E-06	4.55E-07	3.23E-05	2.65E-05	3.24E-07	1.85E-04	1.05E-03	2.47E-07	7.20E-06	      NA	4.09E-08	      NA	      NA	       NA	       NA	       NA	      NA	      NA	      NA	      NA	      NA	      NA	   NA	      NA	      NA
MCF10F	2.89E-07	4.66E-06	1.93E-05	6.05E-05	7.45E-07	2.60E-07	9.92E-08	2.56E-08	8.36E-09	1.89E-03	8.32E-04	8.38E-09	3.80E-06	7.18E-09	1.34E-07	2.92E-03	1.84E-05	3.64E-06	4.09E-06	3.92E-05	2.55E-09	4.47E-06	1.03E-05	3.17E-08	6.54E-06	2.29E-07	6.97E-07	1.67E-04	3.45E-05	3.54E-06	3.30E-08	6.85E-07	3.81E-06	2.38E-06	1.89E-06	2.54E-06	3.86E-06	1.00E-04	1.33E-04	0.00378	1.02E-05	4.30E-06	8.34E-08	3.33E-05	4.60E-05	3.33E-05	1.54E-04	9.12E-07	7.32E-08	2.00E-04	9.23E-06	5.00E-05	2.37E-06	3.33E-06	1.67E-04	2.13E-07	3.33E-05	5.00E-05	3.33E-05	1.20E-05	1.00E-04	6.67E-05	2.03E-07	1.78E-08	6.67E-05	1.79E-06	1.33E-04	9.99E-06	4.81E-07	8.07E-05	7.76E-07	4.27E-06	9.82E-08	7.12E-06	9.94E-07	8.20E-06	2.29E-07	3.18E-05	3.65E-05	3.67E-07	1.33E-04	2.49E-04	7.28E-08	6.13E-06	      NA	       NA	      NA	      NA	       NA	       NA	       NA	      NA	      NA	      NA	      NA	      NA	      NA	   NA	      NA	      NA
BT474	1.05E-05	3.33E-05	3.02E-05	9.71E-06	2.32E-05	1.85E-07	3.33E-04	5.72E-09	1.02E-08	1.89E-03	5.31E-05	3.80E-09	3.78E-05	1.44E-08	6.76E-07	2.92E-03	1.67E-04	2.42E-08	1.66E-05	1.06E-04	6.34E-09	1.86E-05	1.27E-05	1.46E-06	2.04E-05	3.08E-07	7.21E-07	4.97E-05	6.91E-05	3.13E-07	5.36E-09	6.85E-07	8.32E-07	5.00E-05	2.46E-07	2.73E-06	2.71E-07	1.03E-05	1.33E-04	0.000941	1.44E-05	1.77E-04	1.31E-05	2.26E-07	4.22E-04	3.90E-06	1.04E-04	3.50E-08	1.78E-07	2.00E-04	6.28E-06	2.62E-05	6.15E-07	3.33E-06	2.39E-06	2.53E-06	6.67E-05	5.00E-05	3.33E-05	1.62E-05	5.11E-05	6.67E-05	6.70E-07	4.77E-08	6.67E-05	1.94E-06	2.46E-05	1.61E-05	6.75E-06	2.06E-05	2.69E-08	5.41E-06	5.85E-09	6.67E-05	3.04E-08	8.48E-06	6.09E-07	1.28E-05	2.21E-05	1.59E-07	4.05E-07	4.78E-04	4.37E-07	       NA	3.02E-08	7.96E-08	3.33E-05	3.33E-05	3.33E-05	1.13E-05	1.28E-06	      NA	      NA	      NA	      NA	      NA	      NA	   NA	      NA	      NA
SUM1315MO2	9.27E-06	6.27E-06	2.33E-05	4.87E-05	2.44E-07	4.15E-07	3.33E-04	1.78E-08	5.08E-09	1.89E-03	1.69E-04	6.08E-09	1.76E-06	2.00E-08	2.05E-06	2.92E-03	8.14E-06	2.77E-06	7.50E-06	2.72E-05	1.94E-09	1.37E-05	3.33E-05	1.90E-08	4.62E-06	1.88E-07	1.49E-06	2.83E-05	2.81E-05	6.67E-05	1.94E-09	8.27E-09	4.57E-06	2.67E-06	3.56E-08	1.09E-06	2.30E-06	9.65E-05	1.77E-05	0.0024189	1.60E-06	4.28E-04	1.24E-07	3.20E-07	6.59E-04	1.19E-05	5.15E-05	2.42E-07	1.21E-07	2.00E-04	3.35E-06	5.00E-05	3.07E-07	3.33E-06	3.50E-05	8.37E-09	6.67E-05	4.46E-07	2.54E-05	2.05E-05	5.00E-05	4.41E-07	8.40E-07	2.23E-09	7.09E-06	7.53E-07	7.30E-07	3.84E-06	3.63E-08	1.94E-05	8.74E-07	1.54E-06	1.62E-07	8.09E-07	5.95E-06	3.38E-06	1.17E-07	4.67E-06	2.97E-06	2.73E-08	7.85E-07	6.00E-04	1.14E-07	       NA	      NA	       NA	      NA	      NA	       NA	       NA	       NA	      NA	      NA	      NA	      NA	      NA	      NA	   NA	      NA	      NA
HCC38	6.67E-05	3.33E-05	3.53E-05	5.97E-06	2.89E-07	2.73E-07	3.33E-04	1.04E-08	7.34E-09	1.89E-03	3.35E-05	2.83E-09	1.65E-06	2.75E-08	2.83E-06	2.92E-03	1.67E-04	4.91E-08	5.71E-06	1.74E-05	2.02E-09	3.71E-06	1.67E-05	5.71E-08	7.25E-07	7.17E-08	1.76E-05	3.02E-05	8.55E-05	3.32E-07	1.73E-08	6.85E-07	1.27E-05	5.00E-05	8.70E-08	2.31E-06	1.70E-07	4.90E-05	1.12E-04	0.0008865	1.80E-07	1.91E-04	6.77E-09	3.33E-05	1.62E-04	6.67E-05	4.98E-05	3.51E-08	2.53E-07	9.33E-05	2.92E-06	5.14E-05	1.16E-07	3.33E-06	5.26E-05	2.46E-09	3.33E-05	2.98E-07	3.33E-05	1.71E-05	6.11E-07	1.10E-06	1.25E-04	1.15E-08	1.09E-06	8.86E-07	1.69E-06	9.36E-06	8.53E-08	5.82E-05	1.23E-05	3.54E-06	1.82E-06	3.88E-06	5.67E-07	3.35E-06	5.43E-07	3.70E-07	6.60E-07	5.84E-09	2.27E-06	       NA	2.98E-07	7.20E-06	7.42E-08	1.32E-07	3.33E-05	3.33E-05	       NA	1.36E-05	2.29E-04	6.67E-05	3.33E-05	3.33E-05	      NA	1.33E-04	1.67E-03	   NA	      NA	      NA
SUM229PE	1.13E-05	7.26E-06	5.35E-06	1.49E-05	9.13E-07	3.09E-07	3.33E-04	3.29E-08	1.91E-08	1.89E-03	9.59E-05	1.89E-09	5.53E-06	1.22E-08	4.13E-06	2.98E-05	1.22E-05	1.37E-05	3.49E-06	5.41E-05	1.15E-08	1.89E-06	1.46E-05	2.75E-08	6.92E-06	1.90E-07	6.21E-06	8.33E-05	9.94E-06	2.07E-06	2.59E-09	6.85E-07	1.15E-05	7.35E-08	3.33E-07	5.45E-06	1.80E-06	1.00E-04	2.67E-05	0.00223	3.35E-07	8.35E-05	5.04E-08	2.14E-07	6.88E-05	6.67E-05	5.39E-05	2.68E-07	1.04E-07	2.00E-04	7.40E-06	5.00E-05	1.20E-06	3.33E-06	2.40E-06	6.29E-08	3.33E-05	7.20E-07	5.62E-07	2.99E-05	1.18E-06	3.14E-05	1.67E-04	2.08E-09	4.94E-06	1.32E-06	2.53E-07	8.02E-06	2.41E-07	3.33E-05	1.34E-05	1.01E-06	1.13E-06	1.66E-06	1.77E-05	8.67E-06	3.98E-07	2.94E-05	2.00E-05	2.12E-07	       NA	4.70E-04	2.52E-07	       NA	      NA	3.98E-08	      NA	      NA	       NA	1.35E-05	7.09E-04	      NA	      NA	      NA	      NA	      NA	      NA	   NA	      NA	      NA
BT549	4.06E-05	3.33E-05	3.54E-05	7.38E-06	1.30E-06	5.19E-07	3.33E-04	6.13E-09	6.99E-09	1.89E-03	1.49E-04	5.46E-09	2.54E-06	5.99E-09	9.81E-06	2.92E-03	1.67E-04	4.73E-06	5.15E-06	2.46E-05	3.44E-09	1.56E-06	1.03E-05	3.07E-08	3.42E-06	1.14E-07	1.39E-05	2.30E-05	8.37E-05	4.96E-07	4.70E-09	6.85E-07	8.30E-06	5.00E-05	6.42E-07	1.58E-06	1.09E-06	6.75E-06	1.33E-04	0.00268	1.76E-06	9.74E-05	8.35E-09	3.33E-05	2.72E-04	3.33E-05	2.97E-05	1.22E-07	9.17E-08	2.00E-04	2.17E-06	4.41E-05	5.35E-07	3.33E-06	1.67E-04	2.42E-08	6.67E-05	5.00E-05	3.33E-05	3.33E-05	3.35E-06	1.28E-07	4.66E-05	9.52E-09	9.84E-06	1.11E-06	1.49E-06	2.53E-05	1.99E-07	1.00E-04	2.45E-07	3.98E-06	1.34E-06	6.67E-05	1.32E-07	7.37E-06	3.41E-07	       NA	       NA	       NA	7.33E-07	6.77E-05	1.20E-07	7.20E-06	3.33E-05	       NA	3.33E-05	3.33E-05	3.33E-05	       NA	       NA	      NA	      NA	      NA	      NA	      NA	      NA	   NA	      NA	      NA
MDAMB361	6.67E-05	3.33E-05	2.71E-05	8.20E-06	1.42E-05	8.11E-08	1.60E-07	2.91E-06	1.64E-08	1.89E-03	5.48E-05	2.27E-09	8.65E-06	1.67E-08	3.33E-05	6.42E-07	1.67E-04	5.98E-07	1.20E-05	4.58E-05	1.21E-08	3.49E-06	1.07E-05	5.18E-08	5.61E-06	2.35E-07	9.44E-06	1.67E-04	5.99E-05	5.81E-07	1.24E-08	6.85E-07	8.80E-07	5.00E-05	3.51E-07	5.34E-06	7.05E-07	1.67E-04	1.33E-04	0.00151	7.91E-06	1.04E-04	5.85E-09	2.07E-07	4.02E-04	1.66E-05	1.47E-05	3.45E-08	2.41E-07	2.00E-04	9.80E-06	5.05E-05	2.85E-07	3.33E-06	1.67E-04	9.23E-07	6.67E-05	4.10E-05	6.67E-05	1.75E-05	3.89E-06	2.76E-07	1.51E-05	9.97E-10	2.23E-05	1.25E-06	1.01E-06	2.60E-05	2.26E-07	2.15E-05	2.74E-07	5.73E-06	6.13E-09	7.94E-06	4.45E-09	5.02E-06	3.73E-08	       NA	       NA	       NA	1.26E-05	1.31E-03	       NA	       NA	3.33E-05	2.06E-07	3.33E-05	3.33E-05	3.33E-05	1.25E-05	       NA	1.72E-05	3.33E-05	3.33E-05	3.33E-05	1.33E-04	9.14E-04	   NA	      NA	      NA
HCC1419	6.24E-06	3.33E-05	1.80E-05	1.27E-05	6.63E-05	2.62E-07	5.70E-08	1.38E-09	9.06E-08	1.89E-03	5.33E-05	1.18E-05	1.24E-05	3.21E-08	7.37E-06	2.92E-03	1.67E-04	4.35E-09	1.90E-05	9.46E-05	1.59E-08	1.79E-05	2.21E-06	3.89E-08	2.39E-05	4.69E-07	3.16E-06	8.18E-05	1.01E-04	1.90E-05	4.30E-09	6.85E-07	9.23E-07	1.79E-05	1.14E-06	1.90E-06	1.31E-06	1.67E-04	4.95E-05	0.00118	1.56E-05	1.70E-04	1.54E-05	6.32E-08	1.86E-03	2.02E-05	7.65E-06	5.83E-08	1.57E-07	2.00E-04	4.41E-06	1.00E-04	1.08E-06	3.33E-06	1.67E-04	3.52E-07	6.67E-05	5.00E-05	3.33E-05	1.64E-05	4.77E-06	6.67E-05	1.21E-06	3.56E-07	1.71E-05	1.06E-06	1.33E-04	2.88E-05	7.11E-07	1.32E-05	5.31E-08	4.37E-06	2.98E-09	1.33E-04	3.97E-09	7.02E-06	       NA	       NA	       NA	       NA	2.00E-04	3.04E-03	       NA	2.55E-06	5.87E-09	3.75E-07	3.33E-05	3.33E-05	7.18E-07	6.68E-06	5.25E-04	      NA	      NA	      NA	      NA	      NA	      NA	   NA	      NA	      NA
SUM52PE	1.05E-05	3.52E-06	2.24E-05	2.65E-06	2.58E-06	1.80E-07	3.33E-04	5.22E-09	6.28E-09	7.53E-04	1.88E-05	2.92E-10	1.66E-06	1.18E-08	9.77E-06	2.92E-03	1.64E-05	3.02E-09	1.15E-06	1.94E-05	2.13E-09	3.47E-06	1.77E-05	1.64E-08	1.34E-06	9.69E-08	7.89E-06	3.78E-05	1.71E-06	1.40E-07	4.59E-09	6.85E-07	1.40E-06	9.73E-06	1.36E-07	2.41E-06	5.95E-07	4.67E-05	1.92E-05	0.0012259	3.83E-07	2.25E-05	7.09E-09	3.06E-06	3.53E-04	2.05E-05	3.41E-05	1.47E-07	7.59E-08	6.08E-05	6.40E-06	1.20E-05	3.98E-07	3.33E-06	5.25E-05	8.37E-09	1.18E-05	2.52E-06	6.67E-05	7.39E-06	3.44E-06	2.97E-05	1.67E-04	1.06E-08	8.01E-06	1.42E-06	8.63E-07	5.32E-06	3.78E-08	3.21E-05	1.50E-09	1.16E-06	3.41E-06	5.64E-07	1.86E-08	       NA	4.35E-07	1.22E-05	1.18E-05	2.52E-07	1.39E-05	1.44E-05	1.07E-07	       NA	      NA	       NA	      NA	      NA	       NA	       NA	       NA	      NA	      NA	      NA	      NA	      NA	      NA	   NA	      NA	      NA
HCC1187	7.52E-06	3.33E-05	2.52E-05	4.78E-06	6.15E-07	1.47E-08	2.57E-06	5.45E-09	8.97E-09	1.89E-03	1.62E-05	2.18E-09	2.13E-06	1.57E-08	4.99E-07	2.92E-03	2.36E-05	1.65E-08	5.52E-06	2.18E-05	2.48E-09	1.40E-06	1.40E-05	5.13E-06	4.44E-05	5.03E-08	2.94E-05	1.15E-05	3.21E-05	3.95E-06	1.16E-09	6.85E-07	3.73E-06	5.00E-05	7.33E-07	1.88E-06	6.48E-07	1.48E-05	3.83E-05	0.00167	1.28E-07	9.06E-05	8.47E-06	3.33E-05	1.54E-04	1.69E-06	1.70E-04	1.74E-07	7.90E-08	1.73E-04	6.55E-06	4.04E-06	1.05E-06	3.33E-06	4.33E-05	3.12E-07	3.33E-05	8.00E-07	6.67E-05	8.55E-06	4.07E-07	3.27E-07	1.67E-04	2.28E-08	6.07E-07	3.14E-06	8.83E-07	7.80E-06	4.73E-07	1.99E-05	7.98E-07	5.60E-06	       NA	2.12E-06	       NA	1.07E-05	       NA	       NA	       NA	       NA	8.30E-07	4.24E-06	       NA	       NA	      NA	       NA	      NA	      NA	       NA	       NA	       NA	6.67E-05	9.10E-06	3.33E-05	      NA	1.33E-04	1.67E-03	1.00E-04	3.33E-05	      NA
HCC3153	3.10E-05	7.71E-06	3.01E-05	2.40E-05	2.68E-06	2.81E-07	3.33E-04	1.26E-08	1.98E-08	1.89E-03	1.71E-04	6.23E-09	7.58E-06	6.59E-08	1.05E-06	2.92E-03	1.47E-04	5.64E-06	1.09E-05	3.58E-05	9.83E-09	6.47E-06	6.21E-06	1.53E-07	1.86E-05	3.33E-07	3.33E-05	2.06E-05	4.87E-05	2.06E-07	5.30E-09	6.85E-07	9.75E-06	5.00E-05	8.70E-06	2.29E-06	1.52E-06	1.00E-04	1.33E-04	0.0027898	1.91E-05	3.51E-04	6.44E-08	6.46E-07	7.84E-04	6.67E-05	8.98E-05	2.94E-07	1.43E-07	2.00E-04	3.10E-06	7.93E-05	4.89E-07	3.33E-06	1.67E-04	2.09E-07	3.33E-05	3.33E-05	3.33E-05	3.33E-05	1.00E-04	7.48E-06	1.67E-04	5.14E-08	3.33E-05	6.56E-06	1.81E-06	1.57E-05	6.49E-07	3.33E-05	2.32E-05	3.30E-06	       NA	1.39E-05	1.42E-05	1.71E-05	5.00E-07	1.78E-05	1.47E-05	1.11E-07	1.89E-06	1.70E-04	1.47E-07	       NA	4.15E-07	1.97E-08	3.33E-05	3.33E-05	3.33E-05	6.65E-05	       NA	6.67E-05	3.33E-05	3.33E-05	      NA	1.33E-04	1.67E-03	   NA	      NA	      NA
HS578T	6.67E-05	3.33E-05	8.01E-05	1.69E-05	5.97E-06	1.04E-06	3.33E-04	1.56E-08	4.14E-09	1.89E-03	2.97E-04	2.40E-09	6.99E-06	5.28E-08	3.33E-05	2.56E-05	1.67E-04	4.50E-05	4.22E-06	7.92E-05	1.74E-09	1.80E-05	8.53E-06	1.09E-07	3.16E-05	4.87E-07	1.72E-05	4.80E-05	1.00E-03	3.50E-07	9.06E-09	6.85E-07	1.28E-05	1.78E-05	1.02E-06	2.01E-06	1.38E-06	3.82E-05	6.67E-05	0.00475	2.71E-07	4.56E-05	2.21E-06	3.33E-05	3.04E-04	8.66E-06	9.42E-06	2.79E-07	2.30E-07	2.00E-04	6.61E-06	5.00E-05	7.96E-07	3.33E-06	1.67E-04	1.57E-05	3.33E-05	2.32E-06	6.67E-05	2.06E-05	1.31E-06	3.67E-06	8.70E-05	1.03E-08	1.50E-06	1.59E-06	9.96E-07	2.02E-05	3.66E-07	3.33E-05	2.19E-05	2.98E-06	       NA	3.35E-06	       NA	4.90E-06	5.59E-07	1.64E-05	1.12E-05	1.22E-07	8.51E-07	2.18E-04	2.26E-07	       NA	      NA	2.24E-07	      NA	      NA	       NA	4.53E-06	6.91E-04	      NA	      NA	      NA	      NA	      NA	      NA	   NA	      NA	      NA
MCF7	6.67E-05	3.33E-05	1.52E-05	6.63E-06	7.35E-06	1.92E-07	4.58E-08	1.77E-08	1.62E-08	1.89E-03	6.47E-05	3.63E-10	2.21E-05	2.42E-07	9.27E-07	2.92E-03	5.17E-05	1.45E-07	5.88E-06	2.29E-04	1.22E-08	4.92E-06	1.57E-05	5.59E-07	2.28E-05	7.68E-07	3.33E-05	5.00E-05	6.47E-05	6.07E-07	3.11E-08	6.85E-07	1.68E-06	5.00E-05	1.43E-06	3.68E-06	1.81E-06	1.00E-04	1.33E-04	0.00228	8.28E-06	4.29E-05	1.69E-05	3.33E-05	1.68E-04	1.57E-05	4.88E-05	8.02E-08	3.38E-07	2.00E-04	5.89E-06	5.00E-05	1.00E-06	3.33E-06	1.67E-04	1.30E-06	3.33E-05	3.33E-05	3.33E-05	3.33E-05	3.33E-05	3.53E-05	8.96E-05	1.42E-08	2.14E-05	2.55E-06	4.01E-07	2.36E-05	3.51E-07	3.33E-05	1.57E-06	       NA	       NA	       NA	3.44E-07	       NA	8.61E-07	1.80E-05	1.47E-05	2.46E-07	1.33E-04	1.09E-03	1.59E-07	7.20E-06	3.27E-07	3.27E-07	3.33E-05	3.33E-05	3.33E-05	8.48E-06	3.33E-03	      NA	      NA	      NA	      NA	      NA	      NA	   NA	      NA	      NA
MDAMB415	6.67E-05	3.33E-05	2.30E-05	1.85E-05	2.76E-05	6.01E-08	3.33E-04	4.01E-08	6.65E-09	1.89E-03	1.10E-04	3.93E-09	1.44E-04	2.99E-08	4.48E-07	2.92E-03	1.67E-04	2.05E-09	5.58E-06	1.63E-04	3.33E-09	2.93E-05	5.65E-06	3.54E-08	1.14E-05	3.02E-07	8.05E-06	1.67E-04	1.09E-04	5.25E-07	1.80E-08	6.85E-07	1.99E-06	1.09E-05	3.45E-07	2.56E-06	6.05E-07	1.71E-05	1.33E-04	0.0008615	2.64E-06	2.20E-04	8.83E-07	1.62E-07	3.19E-05	3.33E-05	5.10E-05	2.17E-08	8.26E-08	2.00E-04	4.77E-06	2.54E-05	4.12E-07	3.33E-06	3.38E-05	1.85E-07	6.67E-05	4.04E-06	3.33E-05	2.56E-05	3.56E-06	1.30E-05	1.67E-04	1.85E-08	9.26E-06	1.85E-06	6.26E-07	2.62E-05	2.65E-07	1.00E-04	4.33E-09	       NA	1.38E-06	       NA	7.62E-09	       NA	2.42E-06	1.90E-05	1.27E-05	1.79E-07	4.71E-07	       NA	1.66E-06	7.20E-06	      NA	4.79E-08	      NA	      NA	       NA	6.80E-06	3.33E-03	      NA	      NA	      NA	      NA	      NA	      NA	   NA	      NA	      NA
MDAMB175VII	3.05E-06	1.51E-05	9.71E-06	5.04E-06	6.46E-05	2.10E-07	3.33E-04	5.03E-09	1.82E-08	1.72E-03	5.10E-05	9.40E-08	4.27E-06	1.77E-08	6.90E-06	8.00E-09	7.60E-05	3.71E-09	6.56E-06	3.64E-05	1.60E-08	3.63E-06	7.07E-06	4.03E-08	6.75E-05	3.30E-07	2.85E-07	1.09E-04	3.48E-05	2.50E-07	1.72E-08	6.85E-07	1.77E-06	2.56E-06	8.10E-07	5.02E-06	3.87E-06	1.00E-04	1.33E-04	0.00109	1.91E-05	1.09E-04	7.55E-09	3.46E-07	2.04E-05	5.11E-06	3.41E-05	3.87E-07	2.21E-07	2.00E-04	7.18E-06	1.40E-05	1.48E-06	3.33E-06	1.67E-04	1.11E-06	3.33E-05	5.00E-05	3.15E-05	8.21E-06	5.51E-06	9.59E-08	8.41E-07	3.92E-08	6.67E-05	8.49E-07	3.62E-06	5.28E-05	8.95E-08	8.28E-06	2.18E-05	       NA	4.50E-09	       NA	7.86E-06	       NA	6.79E-07	8.25E-06	7.68E-06	1.06E-07	1.33E-04	2.60E-03	2.53E-07	       NA	      NA	       NA	      NA	      NA	       NA	       NA	       NA	3.32E-05	3.33E-05	3.33E-05	      NA	1.01E-04	      NA	   NA	      NA	      NA
AU565	1.18E-05	3.33E-05	1.92E-05	3.66E-06	6.38E-07	1.13E-07	4.38E-06	4.76E-09	7.28E-09	1.89E-03	8.41E-05	3.76E-09	1.89E-06	4.42E-08	1.35E-07	2.92E-03	4.04E-05	2.41E-08	3.77E-06	1.11E-05	4.96E-09	2.76E-06	3.33E-05	5.73E-08	1.47E-06	9.44E-08	1.06E-06	4.19E-05	1.16E-04	1.10E-07	3.07E-09	6.85E-07	2.46E-06	5.00E-05	8.46E-07	1.56E-06	6.47E-07	1.00E-04	6.67E-05	0.00141	2.17E-06	2.06E-05	1.55E-08	2.56E-07	1.07E-05	1.33E-05	1.80E-04	1.05E-07	8.82E-08	2.00E-04	4.66E-06	7.51E-06	2.73E-07	3.33E-06	8.81E-05	1.88E-08	3.33E-05	7.28E-07	3.33E-05	3.33E-05	1.51E-06	1.46E-07	1.64E-05	5.81E-09	7.22E-06	2.12E-06	4.43E-07	2.29E-05	1.43E-07	3.33E-05	       NA	2.61E-06	       NA	6.67E-05	       NA	7.49E-06	4.61E-07	5.56E-06	5.55E-06	4.16E-08	1.33E-04	1.43E-04	2.71E-07	7.20E-06	1.31E-05	       NA	3.33E-05	3.33E-05	3.33E-05	       NA	       NA	      NA	      NA	      NA	      NA	      NA	      NA	   NA	      NA	      NA
SUM159PT	1.17E-05	3.33E-05	1.78E-05	5.89E-06	7.79E-07	4.30E-07	3.33E-04	7.24E-09	5.71E-09	3.15E-20	1.19E-04	6.97E-09	3.98E-06	6.10E-09	1.62E-05	2.92E-03	1.67E-04	4.53E-08	1.54E-06	2.82E-05	1.68E-09	2.52E-06	1.73E-05	3.47E-08	4.30E-06	1.68E-07	8.49E-06	1.51E-04	2.17E-05	2.03E-07	1.31E-09	6.85E-07	7.61E-06	2.19E-07	2.83E-07	1.74E-06	3.15E-07	1.40E-05	3.44E-05	0.00122	3.39E-07	2.10E-05	1.02E-08	3.63E-08	3.21E-05	5.91E-06	4.23E-05	1.31E-07	5.33E-08	2.00E-04	4.81E-06	9.40E-05	5.25E-07	3.33E-06	1.17E-04	2.26E-07	9.95E-06	2.92E-07	4.65E-07	1.65E-05	7.24E-07	2.26E-07	1.72E-05	1.23E-08	1.74E-06	1.37E-06	6.20E-07	1.27E-05	1.39E-07	3.33E-05	       NA	1.59E-06	2.59E-06	1.88E-06	4.38E-07	6.33E-06	1.87E-07	       NA	       NA	       NA	       NA	       NA	5.55E-08	       NA	3.33E-05	       NA	3.33E-05	3.33E-05	3.33E-05	       NA	       NA	6.67E-05	7.22E-06	3.33E-05	      NA	1.33E-04	1.67E-03	   NA	      NA	      NA
SKBR3	1.58E-05	3.33E-05	2.34E-05	6.18E-06	1.19E-06	2.23E-07	5.25E-07	1.33E-08	1.15E-08	1.89E-03	4.80E-05	1.03E-08	1.71E-05	1.62E-08	2.74E-07	9.51E-06	6.46E-05	8.12E-09	6.75E-06	1.00E-05	1.01E-08	2.00E-06	8.13E-06	2.85E-08	3.26E-06	1.25E-07	2.76E-06	1.10E-04	4.48E-05	3.23E-07	2.54E-09	6.85E-07	2.07E-06	5.00E-05	1.01E-06	1.37E-06	1.11E-06	1.00E-04	1.33E-04	0.000917	3.33E-05	3.29E-05	1.08E-08	3.33E-05	2.20E-04	3.96E-05	9.00E-05	5.56E-08	2.66E-07	2.00E-04	1.09E-05	1.85E-05	5.36E-07	3.33E-06	4.28E-05	1.11E-08	3.33E-05	6.09E-06	3.33E-05	2.21E-05	1.72E-05	8.02E-08	3.99E-06	1.48E-08	4.64E-05	3.92E-06	       NA	3.09E-05	       NA	1.00E-04	5.42E-08	2.98E-06	1.32E-08	6.67E-05	1.43E-07	7.89E-06	8.71E-07	1.25E-05	1.03E-05	8.23E-08	5.37E-06	7.57E-04	4.40E-07	4.22E-07	2.21E-07	       NA	3.33E-05	3.33E-05	3.33E-05	       NA	       NA	      NA	      NA	      NA	      NA	      NA	      NA	   NA	      NA	      NA
MDAMB453	1.71E-05	3.09E-05	1.13E-05	6.05E-06	4.99E-06	8.68E-08	3.33E-04	8.52E-09	1.02E-08	1.89E-03	3.20E-05	4.62E-09	6.94E-06	2.06E-08	4.61E-07	2.92E-03	1.67E-04	4.91E-08	5.03E-06	5.37E-05	4.83E-09	6.41E-06	6.26E-06	4.41E-08	6.53E-06	2.15E-07	7.33E-06	1.58E-04	8.14E-04	1.79E-07	1.05E-08	6.85E-07	1.88E-06	5.00E-05	6.50E-07	5.45E-06	2.75E-07	1.67E-04	1.33E-04	0.000713	9.32E-06	9.59E-05	1.42E-08	1.20E-07	1.61E-06	2.05E-05	1.08E-04	4.95E-08	3.91E-07	2.00E-04	4.87E-06	5.00E-05	5.24E-07	3.33E-06	3.37E-05	8.51E-08	6.67E-05	1.31E-05	3.33E-05	3.33E-05	5.00E-05	1.45E-07	1.67E-04	1.59E-09	2.63E-05	       NA	9.76E-07	1.22E-05	2.21E-07	1.00E-04	       NA	2.81E-06	9.14E-08	6.67E-05	2.58E-08	1.97E-06	5.52E-07	3.92E-06	3.88E-06	1.42E-07	1.39E-06	1.03E-03	2.13E-07	1.40E-07	      NA	8.51E-08	      NA	      NA	3.33E-05	1.75E-06	3.51E-04	      NA	      NA	      NA	3.33E-05	      NA	      NA	   NA	      NA	      NA
HCC1806	4.24E-06	3.33E-05	7.02E-06	1.06E-05	3.07E-06	2.59E-07	1.73E-06	2.59E-08	7.84E-09	1.89E-03	1.29E-04	4.33E-09	2.09E-06	7.55E-08	7.57E-07	9.01E-07	7.24E-05	9.73E-05	5.04E-06	1.56E-05	2.42E-09	3.58E-06	7.74E-06	8.82E-08	1.55E-06	1.64E-07	4.91E-06	1.87E-05	5.91E-05	3.19E-07	2.73E-08	6.85E-07	8.88E-06	5.00E-05	1.63E-07	2.44E-06	6.96E-07	1.00E-04	1.33E-04	0.00266	1.75E-05	2.46E-05	1.91E-09	3.33E-05	9.49E-05	5.56E-06	3.60E-05	1.53E-07	3.15E-07	2.00E-04	8.75E-06	5.00E-05	7.11E-07	3.33E-06	4.94E-05	2.02E-08	3.33E-05	5.00E-05	3.33E-05	1.27E-05	1.00E-04	       NA	2.36E-05	1.07E-08	6.67E-05	2.02E-06	1.07E-06	1.56E-05	1.66E-07	       NA	2.06E-05	1.03E-06	5.35E-07	4.55E-06	2.48E-05	5.01E-06	1.34E-06	1.87E-05	1.21E-05	5.19E-08	1.21E-04	5.09E-05	4.83E-07	7.20E-06	3.33E-05	1.08E-07	3.33E-05	3.33E-05	3.33E-05	6.03E-06	5.18E-04	      NA	      NA	      NA	      NA	      NA	      NA	   NA	      NA	      NA
MDAMB231	4.71E-05	3.33E-05	1.53E-05	5.51E-06	2.02E-06	2.52E-07	3.33E-04	2.17E-08	4.31E-09	1.89E-03	7.81E-05	4.54E-10	2.23E-05	2.26E-08	3.33E-05	2.92E-03	1.67E-04	1.65E-06	3.65E-06	8.10E-05	2.17E-09	1.25E-05	1.24E-05	7.84E-07	8.80E-06	3.61E-07	3.33E-05	1.79E-05	1.46E-04	3.46E-07	1.90E-08	6.85E-07	1.50E-05	5.00E-05	7.27E-07	7.22E-06	2.63E-06	1.67E-04	1.33E-04	0.00692	1.12E-05	1.79E-04	1.18E-06	3.33E-05	4.75E-04	3.33E-05	6.14E-05	2.11E-07	2.55E-07	2.00E-04	6.82E-06	5.00E-05	8.39E-07	3.33E-06	1.67E-04	2.14E-06	6.67E-05	       NA	3.33E-05	1.35E-05	5.00E-05	1.41E-06	1.67E-04	4.12E-09	2.60E-05	2.80E-06	1.05E-06	       NA	2.70E-07	       NA	       NA	3.64E-06	3.06E-06	3.41E-05	5.41E-05	6.72E-06	1.13E-06	1.17E-05	6.19E-06	4.17E-08	       NA	9.32E-04	       NA	7.20E-06	3.33E-05	1.13E-07	3.33E-05	3.33E-05	       NA	5.11E-06	8.13E-04	      NA	      NA	      NA	3.33E-05	      NA	      NA	   NA	      NA	      NA
HCC2185	1.93E-05	7.73E-06	1.53E-05	1.64E-05	7.77E-06	1.26E-07	3.33E-04	4.45E-09	5.96E-09	1.89E-03	5.22E-05	4.79E-09	1.94E-06	2.03E-08	2.19E-07	2.92E-03	3.70E-05	1.61E-09	2.01E-05	1.33E-05	3.01E-09	2.87E-06	3.33E-05	1.17E-07	3.18E-06	5.18E-08	2.98E-05	5.02E-05	1.47E-05	6.67E-05	1.51E-09	6.85E-07	1.39E-06	5.00E-05	3.05E-06	1.08E-06	3.39E-07	4.70E-05	4.71E-05	0.0013158	3.34E-07	3.82E-04	2.45E-08	5.69E-08	6.30E-04	1.22E-05	1.19E-05	6.86E-08	2.20E-07	2.00E-04	7.84E-06	8.75E-06	1.50E-06	      NA	6.23E-05	4.12E-08	3.33E-05	1.93E-06	3.33E-05	3.33E-05	1.10E-06	6.67E-05	2.71E-05	5.90E-06	2.40E-06	5.00E-06	4.93E-07	1.43E-05	1.24E-07	1.00E-04	6.48E-09	7.38E-06	1.39E-06	4.33E-06	1.17E-08	       NA	       NA	       NA	       NA	       NA	1.33E-04	5.40E-02	       NA	1.64E-06	1.34E-09	       NA	3.33E-05	      NA	7.09E-06	       NA	       NA	      NA	      NA	      NA	      NA	      NA	      NA	   NA	      NA	      NA
HCC1954	2.84E-06	3.33E-05	9.02E-06	1.09E-05	9.71E-07	2.71E-07	8.51E-09	7.39E-09	7.05E-09	1.89E-03	1.11E-04	1.94E-09	5.13E-06	7.30E-09	2.26E-05	2.92E-03	7.83E-05	3.53E-09	5.48E-06	3.79E-05	1.67E-09	1.11E-06	9.69E-06	3.19E-08	1.89E-05	1.82E-07	1.21E-06	1.67E-04	5.16E-05	1.52E-07	3.85E-09	5.99E-07	8.41E-06	1.46E-06	4.92E-06	5.99E-06	1.56E-06	1.00E-04	3.00E-05	0.00302	4.74E-06	1.63E-05	3.11E-05	5.28E-08	1.03E-04	3.47E-06	5.48E-05	3.75E-07	       NA	2.00E-04	1.12E-05	5.00E-05	3.21E-06	3.33E-06	2.88E-05	2.83E-07	3.33E-05	1.52E-05	1.57E-05	3.33E-05	3.33E-05	6.67E-05	2.29E-06	5.70E-07	3.33E-05	1.19E-06	5.06E-07	4.56E-05	1.98E-07	3.33E-05	2.21E-07	1.71E-06	1.22E-07	1.59E-05	       NA	7.64E-06	6.78E-07	1.47E-05	9.28E-06	6.37E-08	       NA	       NA	4.46E-07	7.20E-06	      NA	       NA	      NA	      NA	       NA	       NA	       NA	      NA	      NA	      NA	      NA	      NA	      NA	   NA	      NA	      NA
T47D	6.67E-05	1.65E-05	1.63E-05	3.44E-06	1.03E-06	4.57E-07	3.33E-04	9.61E-09	9.59E-09	1.89E-03	1.06E-04	5.45E-09	5.40E-06	2.41E-08	3.48E-07	2.92E-03	1.67E-04	4.32E-07	1.15E-05	9.45E-05	3.11E-09	2.85E-06	1.33E-05	1.08E-06	4.89E-07	4.28E-08	1.57E-05	2.99E-05	2.55E-05	2.20E-06	3.82E-09	6.85E-07	1.67E-06	5.00E-05	5.60E-06	6.44E-06	8.69E-07	1.00E-04	6.67E-05	0.00295	9.32E-06	       NA	9.46E-07	2.83E-07	3.33E-04	5.65E-06	3.44E-05	1.52E-07	1.08E-07	2.00E-04	6.59E-06	5.00E-05	1.27E-06	3.33E-06	1.67E-04	       NA	3.33E-05	3.33E-05	3.33E-05	3.33E-05	1.14E-05	9.75E-08	1.82E-05	4.62E-06	1.52E-05	       NA	3.89E-06	1.53E-05	       NA	3.33E-05	1.41E-06	2.81E-06	       NA	1.33E-04	1.20E-06	1.34E-05	5.86E-07	4.93E-06	4.41E-06	5.38E-08	1.33E-04	1.01E-03	2.93E-07	       NA	      NA	       NA	      NA	      NA	       NA	       NA	       NA	      NA	      NA	      NA	      NA	      NA	      NA	   NA	      NA	      NA
184A1	2.28E-07	2.14E-07	1.38E-05	1.88E-05	8.41E-06	3.95E-07	6.59E-08	6.58E-09	4.42E-08	1.89E-03	1.36E-04	2.12E-07	2.98E-06	3.86E-09	4.55E-07	4.19E-07	2.42E-05	1.91E-07	4.30E-06	1.25E-05	7.44E-07	1.29E-06	3.34E-06	1.18E-08	3.60E-06	1.12E-07	3.33E-05	1.67E-04	2.95E-06	6.67E-05	       NA	6.08E-08	2.64E-06	3.16E-07	1.35E-06	1.52E-06	1.39E-06	1.67E-04	6.97E-06	0.000989	2.28E-06	1.32E-04	6.91E-07	6.40E-08	2.15E-04	3.74E-06	1.54E-04	2.77E-07	1.88E-08	2.00E-04	3.19E-06	5.00E-05	5.74E-07	3.33E-06	1.67E-04	1.31E-07	6.67E-05	5.00E-05	7.65E-06	8.74E-06	5.00E-05	1.26E-05	       NA	       NA	6.67E-05	5.03E-07	3.19E-07	6.05E-06	2.11E-07	2.48E-05	5.01E-07	9.00E-07	1.83E-08	3.78E-06	6.84E-07	8.32E-06	       NA	       NA	       NA	       NA	1.11E-04	       NA	       NA	2.67E-06	3.33E-05	3.34E-08	3.33E-05	3.33E-05	2.02E-06	       NA	       NA	      NA	      NA	      NA	      NA	      NA	      NA	   NA	      NA	      NA
600MPE	5.03E-05	3.33E-05	2.39E-05	6.43E-06	5.53E-06	2.85E-07	4.09E-06	1.41E-07	3.11E-08	1.89E-03	6.67E-05	2.97E-09	4.66E-05	3.68E-08	3.68E-06	2.92E-03	7.10E-05	7.59E-06	3.94E-06	1.52E-04	2.47E-08	1.29E-05	8.89E-06	2.26E-07	1.97E-05	2.03E-07	6.13E-06	1.67E-04	4.37E-05	9.95E-06	       NA	6.85E-07	7.03E-06	5.80E-07	1.69E-06	4.57E-06	2.98E-06	1.00E-04	1.33E-04	0.00305	8.70E-06	7.68E-05	2.30E-08	3.33E-05	1.56E-06	6.40E-06	2.16E-04	1.89E-07	5.00E-07	2.00E-04	5.92E-06	5.00E-05	1.12E-06	3.33E-06	4.48E-05	       NA	3.33E-05	5.00E-05	3.33E-05	8.57E-06	1.00E-04	8.02E-08	7.84E-05	1.07E-06	6.67E-05	5.40E-06	1.33E-04	       NA	       NA	2.24E-05	1.80E-05	7.75E-06	2.33E-06	6.67E-05	1.99E-05	9.76E-06	1.30E-06	3.25E-05	2.61E-05	2.17E-07	1.33E-04	6.08E-04	4.90E-07	       NA	3.33E-05	3.18E-08	3.33E-05	3.33E-05	3.33E-05	1.21E-08	       NA	      NA	      NA	      NA	      NA	      NA	      NA	   NA	      NA	      NA
BT483	1.66E-05	9.08E-06	1.52E-04	1.00E-05	4.26E-06	6.57E-08	2.34E-04	3.66E-08	1.01E-07	1.89E-03	5.93E-05	5.40E-06	8.89E-05	1.45E-07	1.24E-07	2.92E-03	3.96E-05	1.66E-09	1.87E-05	1.51E-06	2.23E-08	2.75E-05	9.87E-06	2.10E-07	6.07E-06	1.01E-07	6.21E-06	3.64E-05	1.19E-05	2.16E-06	       NA	6.85E-07	6.26E-07	5.00E-05	6.18E-07	6.42E-07	5.43E-07	2.57E-05	1.33E-04	0.0009696	3.61E-06	3.31E-05	8.91E-09	1.35E-06	7.12E-05	1.70E-05	5.71E-05	7.20E-08	1.54E-07	8.45E-05	5.79E-06	3.05E-05	6.30E-07	3.33E-06	3.36E-06	4.21E-08	3.33E-05	5.00E-05	6.67E-05	1.44E-05	2.74E-05	6.63E-05	1.67E-04	7.21E-09	       NA	3.73E-06	5.90E-06	       NA	1.66E-07	3.54E-05	2.67E-07	       NA	1.66E-06	       NA	2.84E-06	       NA	       NA	       NA	       NA	       NA	1.12E-06	       NA	       NA	7.20E-06	      NA	1.32E-08	      NA	      NA	       NA	       NA	       NA	      NA	      NA	      NA	      NA	      NA	      NA	   NA	      NA	      NA
HCC1395	2.95E-05	3.33E-05	1.70E-05	3.17E-05	2.96E-06	3.22E-07	3.33E-04	7.05E-09	1.94E-08	1.89E-03	3.21E-04	1.09E-08	1.22E-06	3.81E-08	3.45E-06	2.92E-03	1.67E-04	1.45E-05	4.43E-06	9.92E-06	5.80E-09	1.06E-05	3.33E-05	2.91E-07	1.01E-06	2.53E-07	6.73E-06	1.86E-05	4.78E-05	4.63E-07	       NA	6.85E-07	5.62E-06	3.78E-05	1.24E-07	7.00E-07	2.13E-06	9.39E-05	1.33E-04	0.0033931	6.18E-06	6.60E-04	3.42E-07	3.33E-05	3.09E-04	5.99E-05	1.28E-05	2.77E-07	2.28E-07	2.00E-04	1.91E-06	1.00E-04	9.62E-08	3.33E-06	4.22E-05	1.51E-08	6.67E-05	2.03E-05	3.33E-05	1.50E-05	5.03E-06	6.67E-05	7.13E-05	3.55E-09	8.98E-06	1.17E-06	9.39E-07	9.40E-06	7.19E-07	2.76E-05	1.47E-05	1.39E-06	1.18E-06	6.09E-06	1.05E-05	6.21E-07	       NA	2.57E-05	2.51E-05	2.16E-07	2.34E-06	1.15E-03	3.15E-07	7.20E-06	3.32E-08	       NA	3.33E-05	3.33E-05	3.33E-05	       NA	       NA	      NA	      NA	      NA	      NA	      NA	      NA	   NA	      NA	      NA
HCC202	2.69E-06	1.21E-05	1.56E-06	3.95E-07	9.23E-07	4.23E-08	2.06E-08	7.27E-09	7.94E-09	1.89E-03	9.25E-06	4.29E-07	8.76E-07	3.94E-09	6.01E-08	7.79E-06	9.65E-05	5.82E-09	9.30E-06	3.66E-05	2.37E-09	5.34E-06	4.52E-06	5.33E-09	4.82E-05	2.45E-07	3.52E-07	3.93E-05	7.25E-05	2.07E-07	       NA	6.85E-07	       NA	       NA	       NA	       NA	       NA	       NA	       NA	       NA	       NA	1.70E-05	1.50E-05	       NA	       NA	       NA	       NA	       NA	       NA	       NA	       NA	       NA	       NA	3.33E-06	2.80E-05	8.24E-07	       NA	       NA	       NA	       NA	       NA	1.46E-05	1.78E-06	1.28E-08	       NA	       NA	       NA	       NA	5.46E-07	       NA	       NA	8.02E-06	       NA	4.05E-05	       NA	7.03E-06	2.09E-07	1.66E-05	1.12E-05	2.89E-07	       NA	       NA	1.07E-07	1.35E-09	      NA	       NA	      NA	      NA	       NA	       NA	       NA	      NA	      NA	      NA	      NA	      NA	      NA	   NA	      NA	      NA
MDAMB134VI	6.67E-05	1.60E-05	3.38E-05	6.30E-06	2.44E-06	2.25E-07	3.33E-04	8.33E-09	1.02E-08	1.89E-03	3.94E-05	1.01E-09	1.88E-04	1.60E-08	2.90E-06	2.92E-03	5.53E-05	2.67E-10	1.07E-05	2.17E-04	1.55E-08	2.91E-04	8.76E-06	3.78E-08	1.16E-05	1.11E-06	1.92E-05	8.58E-05	2.86E-05	       NA	1.08E-08	6.85E-07	8.84E-06	6.33E-07	4.71E-07	6.02E-06	6.58E-07	1.00E-04	1.33E-04	0.0007658	9.30E-07	2.20E-03	1.42E-03	3.33E-05	6.37E-04	3.30E-05	6.77E-05	8.81E-08	2.32E-07	2.00E-04	5.83E-06	1.00E-04	1.61E-06	3.33E-06	1.66E-07	1.14E-07	3.33E-05	4.74E-05	3.33E-05	1.41E-05	9.42E-06	1.33E-06	4.78E-05	1.11E-08	1.27E-06	1.00E-04	8.18E-07	1.82E-05	1.04E-06	1.00E-04	1.30E-07	5.50E-06	3.61E-06	9.50E-06	5.43E-08	1.86E-05	       NA	1.07E-04	1.07E-04	4.00E-07	7.58E-06	2.53E-03	       NA	7.20E-06	      NA	3.79E-07	      NA	      NA	       NA	1.37E-05	3.33E-03	6.67E-05	7.28E-06	3.33E-05	      NA	1.33E-04	1.67E-03	   NA	      NA	      NA
SUM185PE	6.67E-05	2.71E-06	1.24E-05	1.73E-05	4.88E-06	5.51E-08	3.33E-04	5.33E-09	2.29E-07	1.89E-03	3.84E-05	8.47E-09	9.35E-05	1.97E-08	7.20E-07	2.92E-03	2.03E-05	9.03E-07	1.04E-06	1.16E-04	3.95E-07	4.08E-05	5.80E-06	3.37E-08	1.02E-05	3.12E-07	7.74E-06	       NA	1.49E-06	5.06E-07	9.02E-09	6.85E-07	1.12E-06	5.00E-05	6.29E-08	3.16E-07	3.06E-07	1.76E-05	2.13E-05	0.00145	2.42E-06	2.92E-03	3.62E-07	3.33E-05	       NA	       NA	       NA	7.71E-08	9.75E-08	       NA	1.04E-06	1.33E-05	1.50E-07	3.33E-06	8.99E-06	6.35E-08	       NA	5.00E-05	       NA	6.39E-06	3.14E-05	6.67E-05	1.67E-04	8.32E-09	       NA	       NA	       NA	9.57E-06	4.03E-07	3.69E-05	1.33E-04	       NA	3.50E-06	       NA	1.57E-06	       NA	       NA	       NA	       NA	       NA	1.05E-04	1.18E-03	       NA	7.20E-06	      NA	4.04E-08	      NA	      NA	       NA	9.10E-06	2.58E-06	      NA	      NA	      NA	      NA	      NA	      NA	   NA	      NA	      NA
184B5	4.75E-07	2.37E-07	2.37E-05	4.55E-05	8.66E-06	2.93E-07	4.28E-08	4.72E-09	1.80E-08	1.89E-03	1.43E-04	1.75E-07	5.00E-04	9.67E-09	5.65E-07	3.66E-07	3.05E-06	3.33E-05	5.23E-06	5.08E-06	4.03E-09	2.70E-06	4.68E-06	2.77E-08	2.21E-06	       NA	3.70E-08	1.67E-04	3.34E-06	6.67E-05	       NA	2.46E-08	2.77E-06	1.27E-07	3.22E-07	2.67E-06	8.78E-07	1.67E-04	2.45E-06	0.00085	1.81E-06	1.92E-02	7.26E-07	       NA	2.25E-04	2.22E-05	2.40E-04	1.03E-07	1.64E-08	2.00E-04	2.96E-06	5.00E-05	5.01E-07	      NA	       NA	6.84E-08	6.67E-05	3.33E-05	3.02E-06	3.57E-06	5.00E-05	1.17E-05	       NA	       NA	6.67E-05	5.50E-07	2.81E-07	4.08E-06	5.64E-09	1.29E-05	5.12E-06	1.49E-06	6.04E-08	1.19E-05	2.82E-06	1.29E-05	       NA	       NA	       NA	       NA	1.96E-04	       NA	       NA	7.20E-06	3.45E-08	       NA	3.33E-05	3.33E-05	3.01E-06	       NA	       NA	      NA	      NA	      NA	      NA	      NA	      NA	   NA	      NA	      NA
SUM149PT	1.99E-06	3.33E-05	2.16E-05	7.27E-06	2.65E-06	4.01E-07	3.33E-04	9.98E-09	9.39E-09	1.89E-03	9.57E-05	5.49E-09	1.60E-06	6.03E-09	2.27E-06	2.92E-03	1.33E-05	9.36E-06	2.69E-06	1.51E-05	1.72E-09	1.47E-06	1.04E-05	9.77E-08	       NA	       NA	2.42E-06	5.07E-05	1.58E-05	6.66E-07	3.60E-09	8.68E-08	1.09E-05	4.81E-07	7.54E-08	2.06E-06	5.94E-07	5.40E-05	3.24E-05	0.0013673	8.43E-06	7.20E-05	1.43E-08	3.14E-07	7.67E-05	1.00E-05	1.72E-04	2.51E-07	1.58E-07	2.00E-04	6.64E-06	2.19E-05	2.38E-07	3.33E-06	7.81E-05	       NA	1.74E-05	2.59E-06	1.24E-05	7.27E-06	1.00E-04	       NA	1.18E-06	1.41E-08	2.67E-05	7.40E-07	1.31E-06	7.28E-06	2.17E-07	1.85E-05	6.15E-06	1.53E-06	7.40E-08	1.66E-06	3.80E-06	9.13E-06	8.11E-07	1.85E-06	4.58E-06	1.92E-07	       NA	1.72E-05	5.38E-06	       NA	1.13E-05	       NA	3.33E-05	3.33E-05	3.33E-05	       NA	       NA	      NA	      NA	      NA	      NA	      NA	      NA	   NA	      NA	      NA
MDAMB157	6.67E-05	3.33E-05	1.73E-05	2.08E-05	9.63E-07	1.70E-07	7.53E-08	6.97E-09	5.35E-09	1.89E-03	9.85E-05	4.66E-09	2.42E-05	1.95E-08	7.32E-06	2.92E-03	1.67E-04	1.67E-04	6.22E-06	8.53E-05	1.75E-09	1.57E-05	8.22E-06	       NA	3.74E-06	3.24E-07	1.19E-05	5.30E-05	1.66E-04	5.01E-07	6.84E-09	6.85E-07	1.39E-05	5.00E-05	3.49E-07	1.36E-06	7.38E-07	1.67E-04	1.33E-04	0.00211	3.74E-06	7.77E-04	       NA	2.84E-07	1.34E-04	3.33E-05	4.34E-05	5.13E-08	1.72E-07	2.00E-04	5.92E-06	5.00E-05	2.15E-07	3.33E-06	8.20E-05	4.01E-07	6.67E-05	6.95E-06	       NA	1.32E-05	2.17E-06	6.02E-08	3.28E-05	1.30E-08	6.67E-05	1.33E-06	1.11E-06	5.52E-05	4.85E-07	1.00E-04	2.37E-05	1.81E-06	2.43E-06	       NA	2.37E-05	2.33E-06	4.64E-07	4.72E-06	6.06E-06	5.73E-08	1.61E-04	4.71E-04	1.45E-07	       NA	1.17E-05	5.15E-08	3.33E-05	3.33E-05	3.33E-05	1.67E-06	1.13E-03	      NA	      NA	      NA	3.33E-05	      NA	      NA	   NA	      NA	      NA
MDAMB231ATCC	6.11E-05	3.33E-05	1.58E-05	3.14E-05	6.97E-06	1.98E-07	3.33E-04	1.92E-08	1.10E-08	1.89E-03	1.51E-04	6.52E-10	3.33E-05	2.18E-08	3.33E-05	2.92E-03	1.67E-04	5.41E-17	7.42E-06	2.86E-04	7.58E-09	3.07E-05	       NA	1.77E-06	7.38E-05	8.89E-07	3.33E-05	       NA	1.36E-04	       NA	       NA	6.85E-07	       NA	       NA	       NA	       NA	       NA	       NA	       NA	       NA	       NA	2.11E-04	1.29E-07	       NA	       NA	       NA	       NA	       NA	       NA	       NA	       NA	       NA	       NA	      NA	1.67E-04	8.64E-06	       NA	       NA	       NA	       NA	       NA	       NA	1.67E-04	6.28E-09	       NA	       NA	       NA	       NA	3.70E-07	       NA	       NA	       NA	       NA	       NA	       NA	       NA	       NA	       NA	       NA	       NA	       NA	       NA	       NA	       NA	      NA	       NA	      NA	      NA	       NA	       NA	       NA	      NA	      NA	      NA	      NA	      NA	      NA	   NA	      NA	      NA
CAMA1	6.67E-05	1.76E-05	1.94E-05	2.68E-06	4.87E-06	2.47E-07	1.06E-07	1.25E-08	1.11E-08	1.89E-03	7.42E-05	9.56E-10	4.07E-05	3.36E-08	6.56E-06	2.42E-05	1.35E-04	1.50E-08	8.51E-06	1.89E-04	       NA	9.50E-06	4.26E-06	2.54E-07	1.43E-05	2.64E-07	       NA	4.04E-05	5.98E-05	4.73E-07	8.44E-09	6.85E-07	6.83E-06	5.00E-05	3.82E-06	2.58E-06	8.05E-07	1.00E-04	1.33E-04	0.0016186	2.97E-05	3.08E-04	1.61E-07	2.15E-07	4.41E-05	6.67E-05	1.53E-04	4.96E-08	2.02E-07	2.00E-04	5.00E-06	4.74E-05	7.08E-07	3.33E-06	3.44E-05	3.97E-07	3.33E-05	5.00E-05	6.67E-05	3.95E-05	9.46E-06	1.41E-05	3.47E-05	1.32E-08	3.33E-05	7.74E-06	9.85E-07	1.64E-05	       NA	1.00E-04	       NA	2.71E-06	2.24E-06	1.33E-04	7.05E-09	1.67E-05	4.44E-07	1.92E-05	1.41E-05	1.13E-07	       NA	2.01E-03	2.79E-07	7.20E-06	      NA	1.04E-07	      NA	      NA	       NA	1.25E-05	3.33E-03	6.67E-05	3.33E-05	3.33E-05	3.33E-05	1.33E-04	1.67E-03	   NA	      NA	      NA
HCC1937	3.91E-05	3.33E-05	2.05E-05	1.52E-05	4.54E-06	3.92E-07	3.33E-04	7.87E-09	1.54E-08	1.89E-03	1.77E-04	1.75E-07	3.34E-06	3.21E-08	3.33E-05	6.71E-04	4.23E-05	1.23E-06	6.88E-06	3.41E-05	       NA	7.90E-06	7.15E-06	1.33E-07	7.24E-06	3.27E-07	8.23E-06	3.46E-05	1.72E-04	1.27E-05	       NA	6.85E-07	9.96E-06	5.00E-05	6.17E-07	8.54E-07	1.46E-06	1.00E-04	1.33E-04	0.00273	8.03E-06	2.19E-04	1.06E-06	3.33E-05	4.31E-04	6.67E-05	2.92E-05	1.89E-07	1.51E-07	2.00E-04	6.34E-06	3.14E-05	3.05E-07	3.33E-06	1.67E-04	       NA	3.33E-05	5.00E-05	3.33E-05	1.45E-05	5.87E-06	1.29E-07	1.29E-05	2.22E-07	6.67E-05	1.44E-06	1.33E-04	5.34E-05	2.06E-07	1.00E-04	4.40E-07	2.56E-06	2.08E-06	6.67E-05	7.93E-07	7.62E-06	3.64E-07	9.73E-06	1.01E-05	1.90E-07	1.33E-04	2.75E-04	1.10E-07	       NA	      NA	       NA	      NA	      NA	3.33E-05	       NA	       NA	      NA	      NA	      NA	      NA	      NA	      NA	   NA	      NA	      NA
ZR751	6.67E-05	3.24E-05	2.77E-05	1.83E-05	2.07E-06	3.54E-07	4.91E-08	2.80E-08	1.73E-08	1.89E-03	1.68E-04	2.10E-07	1.02E-05	8.67E-08	3.33E-05	8.88E-06	1.67E-04	       NA	1.33E-05	8.02E-05	1.84E-08	2.44E-06	1.15E-05	1.49E-07	3.67E-06	1.34E-07	3.33E-05	4.13E-05	3.70E-05	2.38E-07	1.05E-08	6.85E-07	7.38E-07	1.76E-05	1.77E-06	1.75E-06	2.23E-06	1.67E-04	9.96E-05	0.0016626	5.16E-06	3.00E-05	3.55E-08	1.83E-06	2.79E-06	6.37E-06	6.97E-05	1.58E-07	5.54E-07	2.00E-04	6.17E-06	5.00E-05	7.13E-07	3.33E-06	1.67E-04	6.93E-08	6.67E-05	8.48E-07	5.40E-05	2.57E-05	3.37E-06	       NA	1.67E-04	4.24E-08	1.54E-05	1.14E-05	1.24E-06	1.53E-05	2.52E-07	5.89E-06	1.33E-04	5.14E-06	2.32E-06	3.67E-05	2.84E-08	1.51E-05	2.26E-06	7.25E-06	5.50E-06	7.76E-08	1.24E-05	       NA	6.12E-07	       NA	5.31E-08	4.18E-08	3.33E-05	3.33E-05	3.33E-05	1.37E-05	2.04E-03	      NA	      NA	      NA	      NA	      NA	      NA	   NA	      NA	      NA
ZR75B	6.67E-05	3.33E-05	2.37E-05	4.98E-06	8.75E-07	4.10E-07	3.33E-04	2.98E-08	4.15E-08	1.89E-03	9.60E-05	1.12E-07	8.63E-05	8.94E-08	7.93E-06	2.92E-03	1.67E-04	       NA	       NA	3.00E-04	9.38E-09	3.04E-06	7.33E-06	5.39E-08	1.53E-06	2.13E-07	2.13E-05	4.34E-05	6.88E-04	1.54E-07	       NA	6.85E-07	1.17E-06	5.00E-05	4.56E-07	5.55E-06	3.91E-07	2.40E-05	1.33E-04	0.00197	1.62E-07	1.12E-05	4.52E-08	1.42E-07	6.96E-06	9.14E-06	1.43E-04	8.32E-08	4.00E-07	2.00E-04	5.89E-06	2.58E-05	8.68E-07	3.33E-06	       NA	5.49E-08	3.33E-05	2.49E-07	3.33E-05	3.07E-05	       NA	       NA	1.67E-04	8.91E-09	6.67E-05	7.14E-06	1.25E-06	1.42E-05	1.15E-07	2.73E-05	1.07E-07	       NA	3.02E-06	       NA	       NA	       NA	2.99E-06	1.80E-05	1.63E-05	3.95E-08	       NA	1.64E-03	2.10E-06	7.20E-06	      NA	       NA	      NA	      NA	       NA	       NA	       NA	      NA	      NA	      NA	      NA	      NA	      NA	   NA	      NA	      NA
LY2	6.67E-05	3.33E-05	2.24E-05	1.02E-05	3.33E-04	7.96E-09	3.40E-08	3.47E-07	1.06E-08	1.89E-03	1.37E-04	5.97E-09	7.83E-06	5.74E-08	2.33E-07	4.73E-07	       NA	       NA	7.31E-06	4.57E-05	6.24E-09	3.57E-06	8.81E-06	1.03E-07	1.31E-05	1.96E-07	2.40E-05	6.43E-05	       NA	4.84E-07	3.06E-08	6.85E-07	1.42E-06	5.00E-05	2.51E-07	5.34E-07	1.30E-06	1.00E-04	1.33E-04	0.0010972	6.14E-06	3.74E-05	2.40E-08	1.60E-07	2.35E-06	3.09E-05	1.26E-04	       NA	3.20E-07	2.00E-04	3.44E-06	5.00E-05	2.24E-07	3.33E-06	5.64E-05	2.59E-07	3.33E-05	1.06E-06	3.33E-05	       NA	       NA	9.81E-06	1.67E-04	1.31E-08	5.30E-07	2.19E-06	8.30E-07	2.77E-05	1.37E-07	       NA	1.41E-07	5.45E-06	2.22E-06	2.85E-05	3.04E-08	7.43E-06	2.43E-06	4.53E-05	9.77E-05	3.45E-07	5.80E-07	       NA	7.11E-07	7.20E-06	      NA	2.21E-07	      NA	      NA	       NA	8.11E-06	3.33E-03	      NA	      NA	      NA	3.33E-05	      NA	      NA	   NA	      NA	      NA
HCC70	1.72E-06	6.21E-06	1.71E-05	1.44E-05	1.30E-05	1.25E-07	3.33E-04	2.51E-09	9.33E-09	1.89E-03	3.44E-05	1.41E-09	1.57E-06	8.06E-08	       NA	2.92E-03	1.67E-04	1.20E-07	2.49E-06	1.50E-05	3.25E-09	4.17E-06	1.76E-05	2.39E-07	1.08E-05	4.32E-06	8.91E-06	4.95E-05	3.58E-05	1.39E-07	3.48E-10	6.85E-07	1.81E-06	1.79E-06	1.93E-07	3.03E-06	4.37E-07	1.67E-04	3.40E-05	0.0010297	2.52E-06	1.03E-04	2.62E-05	1.60E-07	2.15E-04	2.14E-05	6.26E-05	7.81E-08	6.46E-08	2.00E-04	3.39E-06	5.00E-05	2.97E-07	      NA	1.67E-04	5.06E-07	6.67E-05	5.00E-05	1.24E-05	3.21E-05	1.41E-06	6.67E-05	6.19E-05	2.18E-08	9.15E-07	9.32E-07	1.07E-06	1.97E-05	4.49E-07	2.89E-05	3.26E-07	2.89E-06	4.65E-07	3.60E-06	1.10E-07	7.00E-06	2.13E-07	8.15E-06	5.41E-06	5.41E-08	       NA	1.14E-03	9.08E-08	       NA	5.51E-08	       NA	5.13E-06	1.93E-06	3.33E-05	       NA	       NA	      NA	      NA	      NA	      NA	      NA	      NA	   NA	      NA	      NA
MDAMB468D	6.74E-06	3.33E-05	1.41E-05	1.94E-05	1.65E-06	1.22E-07	2.64E-08	1.63E-08	8.43E-09	1.89E-03	1.93E-04	1.94E-09	       NA	       NA	2.54E-06	5.00E-05	2.90E-05	2.17E-06	4.40E-06	       NA	2.12E-09	       NA	2.32E-05	       NA	       NA	       NA	       NA	2.87E-05	6.86E-05	3.04E-07	5.29E-09	       NA	9.87E-06	5.00E-05	4.08E-07	6.47E-06	2.72E-06	1.00E-04	1.33E-04	0.00377	1.11E-07	       NA	       NA	3.33E-05	6.00E-04	6.67E-05	9.34E-05	2.32E-07	2.57E-07	2.00E-04	5.55E-06	4.76E-05	8.57E-07	3.33E-06	       NA	       NA	3.33E-05	1.07E-05	3.33E-05	1.25E-05	6.59E-07	2.22E-06	       NA	       NA	2.05E-06	2.59E-06	1.18E-06	1.41E-05	       NA	2.70E-05	5.60E-06	1.46E-06	6.32E-07	1.15E-06	8.83E-07	6.65E-06	5.61E-07	5.85E-06	5.65E-06	8.21E-08	       NA	5.84E-04	2.64E-07	       NA	3.33E-05	       NA	3.33E-05	3.33E-05	       NA	       NA	       NA	      NA	      NA	      NA	3.33E-05	      NA	      NA	   NA	      NA	      NA
T47DKBLUC	6.67E-05	3.33E-05	2.12E-05	3.94E-06	1.62E-06	4.88E-08	2.68E-07	2.99E-07	1.43E-08	1.89E-03	1.03E-04	2.45E-08	       NA	       NA	       NA	2.92E-03	1.67E-04	2.26E-06	7.61E-06	       NA	1.17E-08	       NA	3.33E-05	       NA	       NA	       NA	       NA	9.91E-05	4.15E-05	2.63E-05	1.86E-08	       NA	4.86E-06	5.00E-05	6.81E-06	4.19E-06	1.26E-06	1.67E-04	1.33E-04	0.00173	3.23E-05	       NA	       NA	3.33E-05	1.60E-03	3.33E-05	1.19E-04	1.33E-07	1.71E-07	2.00E-04	       NA	5.00E-05	       NA	3.33E-06	       NA	       NA	6.67E-05	3.33E-05	3.33E-05	       NA	5.00E-05	1.01E-07	       NA	       NA	6.67E-05	3.33E-05	       NA	3.68E-05	       NA	1.00E-04	2.78E-05	4.18E-06	3.53E-06	1.33E-04	9.90E-06	1.28E-05	9.73E-07	6.83E-06	6.52E-06	9.70E-08	2.00E-04	1.51E-03	3.19E-07	       NA	      NA	5.29E-08	      NA	      NA	       NA	       NA	       NA	      NA	      NA	      NA	      NA	      NA	      NA	   NA	      NA	      NA
BT20	2.01E-06	3.33E-05	1.30E-05	2.07E-05	3.34E-06	3.12E-07	3.33E-04	4.69E-08	       NA	1.89E-03	1.81E-04	3.52E-09	       NA	       NA	5.49E-06	2.92E-03	2.72E-05	6.71E-08	1.64E-05	       NA	       NA	       NA	6.92E-06	       NA	       NA	       NA	       NA	8.86E-05	6.27E-05	6.45E-07	9.01E-09	6.85E-07	8.12E-06	5.00E-05	2.92E-06	3.26E-06	3.80E-06	6.14E-05	1.33E-04	0.0035992	4.54E-06	       NA	       NA	2.54E-06	3.20E-04	1.17E-05	2.05E-05	3.86E-07	4.24E-07	6.13E-05	3.69E-06	3.58E-05	1.88E-06	3.33E-06	       NA	       NA	3.33E-05	5.00E-05	6.67E-05	2.39E-05	4.68E-06	5.00E-08	       NA	       NA	6.57E-06	1.28E-06	5.08E-06	       NA	       NA	2.80E-05	6.67E-07	3.77E-06	2.76E-06	1.47E-06	       NA	1.07E-05	3.04E-07	4.69E-05	3.38E-05	3.31E-07	9.58E-07	       NA	5.28E-08	7.20E-06	3.33E-05	       NA	3.33E-05	5.72E-06	       NA	       NA	       NA	3.89E-05	3.33E-05	3.33E-05	3.33E-05	1.33E-04	      NA	   NA	      NA	      NA
MDAMB436D	6.67E-05	3.33E-05	1.77E-05	2.30E-05	1.31E-06	3.60E-07	3.33E-04	2.86E-08	       NA	1.89E-03	1.60E-04	6.30E-09	       NA	       NA	3.40E-06	2.92E-03	1.67E-04	       NA	3.56E-06	       NA	       NA	       NA	3.19E-06	       NA	       NA	       NA	       NA	3.38E-05	5.17E-05	1.04E-06	1.86E-08	       NA	2.23E-05	5.00E-05	1.37E-06	3.43E-06	4.82E-06	1.67E-04	1.33E-04	0.0124	6.42E-07	       NA	       NA	3.33E-05	4.47E-03	8.01E-06	1.61E-05	3.03E-07	1.45E-07	2.00E-04	8.73E-06	5.00E-05	4.09E-07	3.33E-06	       NA	       NA	6.67E-05	5.00E-05	3.33E-05	2.08E-06	1.90E-06	2.33E-06	       NA	       NA	       NA	4.07E-06	1.17E-06	2.05E-05	       NA	1.00E-04	3.46E-05	2.79E-06	3.69E-06	6.91E-06	       NA	6.39E-06	       NA	       NA	       NA	       NA	       NA	1.40E-03	       NA	       NA	1.02E-08	7.55E-08	3.33E-05	3.33E-05	3.33E-05	9.41E-06	3.33E-03	      NA	      NA	      NA	3.33E-05	      NA	      NA	   NA	      NA	      NA
MX1	6.91E-06	3.33E-05	2.24E-05	1.62E-05	4.61E-07	2.97E-07	1.52E-08	8.64E-09	       NA	1.89E-03	8.78E-05	2.93E-09	       NA	       NA	1.93E-07	2.92E-03	1.67E-04	1.68E-06	5.40E-06	       NA	       NA	       NA	7.05E-06	       NA	       NA	       NA	       NA	2.18E-05	       NA	3.76E-07	6.68E-09	       NA	3.54E-06	4.55E-07	6.73E-08	6.72E-07	4.76E-07	1.42E-05	1.86E-05	0.000356	1.55E-07	       NA	       NA	3.33E-05	1.45E-03	2.20E-05	1.16E-04	3.36E-08	1.33E-07	2.00E-04	5.82E-06	4.11E-05	1.95E-07	3.33E-06	       NA	       NA	3.33E-05	1.12E-06	9.61E-06	1.05E-05	4.48E-07	2.87E-05	       NA	       NA	1.09E-06	4.17E-07	9.12E-07	3.41E-06	       NA	3.33E-05	3.57E-06	       NA	2.65E-07	       NA	4.66E-06	       NA	8.98E-07	5.85E-06	7.71E-06	1.56E-07	1.34E-06	5.19E-04	3.97E-07	       NA	      NA	3.20E-08	      NA	      NA	       NA	9.88E-06	       NA	3.20E-05	3.33E-05	3.33E-05	      NA	      NA	3.33E-05	   NA	      NA	      NA
UACC893D	1.28E-05	3.33E-05	1.38E-05	2.91E-06	5.44E-05	2.69E-07	3.33E-04	1.92E-08	       NA	1.89E-03	3.59E-05	7.60E-09	       NA	       NA	2.74E-06	2.92E-03	1.67E-04	       NA	9.65E-06	       NA	       NA	       NA	6.31E-06	       NA	       NA	       NA	       NA	1.52E-04	1.00E-03	3.22E-07	       NA	       NA	9.66E-07	4.27E-07	1.80E-06	3.02E-06	4.65E-07	1.67E-04	1.33E-04	0.00154	1.72E-05	       NA	       NA	6.74E-08	1.32E-04	2.69E-05	3.38E-05	4.37E-08	2.03E-07	2.00E-04	4.94E-06	       NA	1.00E-06	3.33E-06	       NA	       NA	       NA	       NA	1.08E-05	1.72E-05	5.00E-05	9.81E-06	       NA	       NA	6.67E-05	1.64E-06	1.01E-06	4.15E-05	       NA	       NA	1.11E-06	4.11E-06	3.51E-09	9.94E-06	2.86E-08	6.84E-06	8.41E-06	5.65E-06	1.59E-06	6.18E-08	8.62E-05	9.89E-04	5.45E-06	       NA	      NA	2.17E-07	      NA	      NA	3.33E-05	2.26E-06	1.63E-04	      NA	      NA	      NA	3.33E-05	      NA	      NA	   NA	      NA	      NA
SUM225CWN	1.30E-05	7.27E-06	1.27E-05	1.38E-05	1.02E-05	5.65E-08	3.33E-04	1.00E-08	       NA	1.89E-03	1.45E-04	1.09E-06	       NA	       NA	6.49E-07	2.92E-03	4.34E-05	1.06E-08	6.11E-06	       NA	       NA	       NA	       NA	       NA	       NA	       NA	       NA	3.68E-05	2.51E-05	       NA	7.85E-09	       NA	6.94E-07	5.00E-05	9.43E-07	2.30E-06	8.67E-07	1.00E-04	2.96E-05	0.0017228	1.73E-05	       NA	       NA	2.08E-07	2.94E-04	3.36E-06	5.01E-04	1.09E-07	9.66E-08	2.00E-04	5.26E-06	2.29E-05	8.21E-07	      NA	       NA	       NA	3.22E-05	3.33E-05	3.33E-05	7.05E-06	1.05E-05	       NA	       NA	       NA	6.67E-05	1.54E-06	3.13E-06	5.01E-05	       NA	2.40E-05	2.54E-06	3.09E-06	9.30E-09	7.52E-05	2.40E-08	1.34E-05	       NA	       NA	       NA	       NA	1.39E-05	       NA	       NA	       NA	      NA	       NA	      NA	      NA	       NA	       NA	       NA	6.67E-05	3.33E-05	3.33E-05	      NA	4.12E-13	1.67E-03	   NA	      NA	      NA
MB157	6.06E-08	3.33E-05	2.17E-05	8.85E-06	2.80E-07	1.89E-07	5.79E-09	1.25E-08	       NA	1.89E-03	7.76E-05	6.06E-09	       NA	       NA	6.92E-06	3.16E-07	       NA	1.73E-07	2.69E-06	       NA	       NA	       NA	       NA	1.38E-07	3.72E-06	8.75E-08	4.97E-06	       NA	2.45E-04	       NA	       NA	       NA	1.28E-05	1.03E-07	9.22E-07	2.48E-06	6.84E-07	1.67E-04	1.33E-04	0.00463	8.46E-08	       NA	       NA	1.46E-07	8.29E-06	3.33E-05	1.05E-04	7.73E-08	2.27E-07	2.00E-04	7.26E-06	5.00E-05	3.34E-07	      NA	9.11E-05	1.22E-08	6.67E-05	3.33E-05	7.58E-06	1.25E-05	6.04E-07	       NA	       NA	       NA	1.87E-06	1.71E-07	1.17E-06	1.37E-05	       NA	       NA	2.23E-07	       NA	1.01E-08	       NA	4.83E-08	       NA	       NA	       NA	       NA	       NA	1.72E-04	       NA	       NA	       NA	      NA	       NA	      NA	      NA	       NA	       NA	       NA	      NA	      NA	      NA	      NA	      NA	      NA	   NA	      NA	      NA
MDAMB468L	1.48E-05	2.18E-06	2.64E-06	7.57E-06	3.64E-06	5.13E-08	3.33E-04	8.16E-09	       NA	       NA	       NA	8.59E-10	       NA	       NA	7.13E-07	       NA	1.46E-05	1.56E-06	       NA	       NA	       NA	       NA	       NA	       NA	       NA	       NA	       NA	       NA	       NA	       NA	       NA	       NA	       NA	       NA	       NA	       NA	       NA	       NA	       NA	       NA	       NA	       NA	       NA	       NA	       NA	       NA	       NA	       NA	       NA	       NA	       NA	       NA	       NA	      NA	       NA	       NA	       NA	       NA	       NA	       NA	       NA	       NA	       NA	       NA	       NA	       NA	       NA	       NA	       NA	       NA	       NA	       NA	       NA	       NA	       NA	       NA	       NA	       NA	       NA	       NA	       NA	       NA	       NA	       NA	      NA	       NA	      NA	      NA	       NA	       NA	       NA	      NA	      NA	      NA	      NA	      NA	      NA	   NA	      NA	      NA
MDAMB436L	4.42E-05	3.29E-06	1.80E-05	2.02E-05	6.81E-07	4.80E-07	2.00E-08	8.69E-09	       NA	1.89E-03	2.05E-04	       NA	       NA	       NA	2.39E-06	2.92E-03	1.67E-04	       NA	1.88E-05	       NA	       NA	       NA	       NA	       NA	       NA	       NA	       NA	1.32E-05	       NA	       NA	       NA	       NA	       NA	       NA	       NA	       NA	       NA	       NA	       NA	       NA	       NA	       NA	       NA	       NA	       NA	       NA	       NA	       NA	       NA	       NA	       NA	       NA	       NA	      NA	       NA	       NA	       NA	       NA	       NA	       NA	       NA	       NA	       NA	       NA	       NA	       NA	       NA	       NA	       NA	       NA	       NA	       NA	       NA	       NA	       NA	       NA	       NA	       NA	       NA	       NA	       NA	       NA	       NA	       NA	      NA	       NA	      NA	      NA	       NA	       NA	       NA	      NA	      NA	      NA	      NA	      NA	      NA	   NA	      NA	      NA
UACC893L	8.58E-06	2.21E-06	5.65E-04	1.14E-06	1.26E-05	1.02E-07	5.04E-05	6.47E-10	       NA	1.89E-03	8.45E-06	1.77E-10	       NA	       NA	8.19E-07	       NA	8.64E-06	       NA	8.72E-07	       NA	       NA	       NA	       NA	       NA	       NA	       NA	       NA	2.70E-05	3.33E-04	       NA	       NA	       NA	       NA	       NA	       NA	       NA	       NA	       NA	       NA	       NA	       NA	       NA	       NA	       NA	       NA	       NA	       NA	       NA	       NA	       NA	       NA	       NA	       NA	      NA	       NA	       NA	       NA	       NA	       NA	       NA	       NA	       NA	       NA	       NA	       NA	       NA	       NA	       NA	       NA	       NA	       NA	8.17E-06	       NA	9.22E-11	       NA	8.58E-06	       NA	       NA	       NA	       NA	       NA	       NA	       NA	       NA	6.14E-09	       NA	      NA	3.21E-07	       NA	       NA	       NA	      NA	      NA	      NA	      NA	      NA	      NA	   NA	      NA	      NA
UACC812	1.23E-05	3.33E-05	1.04E-05	8.93E-06	       NA	       NA	       NA	       NA	8.26E-09	1.89E-03	4.26E-05	5.69E-06	3.28E-06	1.06E-08	       NA	2.92E-03	       NA	4.67E-08	       NA	1.72E-05	4.08E-09	1.40E-06	3.33E-05	1.10E-08	3.26E-06	7.50E-08	9.06E-07	6.39E-05	       NA	1.25E-05	       NA	6.85E-07	3.55E-06	5.00E-05	1.79E-06	2.52E-06	1.78E-06	1.00E-04	1.33E-04	0.00255	1.64E-05	4.60E-05	1.77E-08	2.03E-06	7.80E-05	1.32E-05	1.47E-04	1.30E-07	1.92E-07	2.00E-04	6.47E-06	2.25E-05	1.03E-06	3.33E-06	       NA	4.99E-08	3.33E-05	3.33E-05	6.67E-05	1.25E-05	3.90E-06	9.24E-08	       NA	7.34E-08	2.58E-05	2.78E-06	7.01E-07	3.83E-05	       NA	2.74E-05	6.10E-07	8.12E-06	2.81E-09	1.18E-04	3.23E-08	7.22E-06	1.05E-06	7.91E-06	1.06E-05	2.29E-07	1.06E-06	1.42E-03	3.39E-07	9.95E-07	      NA	7.84E-08	      NA	      NA	       NA	       NA	       NA	6.67E-05	3.33E-05	3.33E-05	3.33E-05	1.33E-04	1.67E-03	   NA	      NA	      NA
HBL100	6.67E-05	3.33E-05	2.38E-05	       NA	2.13E-06	5.46E-07	3.33E-04	4.49E-08	4.44E-09	       NA	       NA	       NA	8.87E-06	2.54E-08	3.33E-05	       NA	2.51E-05	5.76E-05	4.59E-06	7.12E-05	1.78E-09	2.25E-06	       NA	1.08E-06	3.13E-06	4.27E-08	1.14E-05	       NA	4.65E-05	       NA	       NA	6.85E-07	       NA	       NA	       NA	       NA	       NA	       NA	       NA	       NA	       NA	7.07E-05	2.29E-08	       NA	       NA	       NA	       NA	       NA	       NA	       NA	       NA	       NA	       NA	      NA	4.78E-05	1.36E-08	       NA	       NA	       NA	       NA	       NA	       NA	1.67E-04	9.64E-09	       NA	       NA	       NA	       NA	1.31E-07	       NA	       NA	       NA	       NA	       NA	       NA	       NA	       NA	       NA	       NA	       NA	       NA	       NA	       NA	7.20E-06	      NA	       NA	      NA	      NA	       NA	       NA	       NA	      NA	      NA	      NA	      NA	      NA	      NA	   NA	      NA	      NA
21NT	       NA	       NA	       NA	       NA	       NA	       NA	       NA	       NA	       NA	       NA	       NA	       NA	       NA	       NA	       NA	       NA	       NA	       NA	       NA	       NA	       NA	       NA	2.70E-05	       NA	       NA	       NA	       NA	       NA	       NA	8.40E-07	2.52E-06	       NA	       NA	       NA	       NA	       NA	       NA	       NA	       NA	       NA	       NA	       NA	       NA	       NA	       NA	       NA	       NA	       NA	       NA	       NA	       NA	       NA	       NA	3.33E-06	       NA	       NA	       NA	       NA	       NA	       NA	       NA	1.91E-05	       NA	       NA	       NA	       NA	       NA	       NA	       NA	       NA	       NA	       NA	       NA	       NA	       NA	       NA	2.59E-07	6.27E-06	7.79E-06	1.82E-07	       NA	5.35E-04	9.58E-08	       NA	      NA	       NA	      NA	      NA	       NA	       NA	       NA	      NA	      NA	      NA	      NA	      NA	      NA	   NA	      NA	      NA
ZR7530	       NA	       NA	       NA	       NA	       NA	       NA	       NA	       NA	2.18E-08	       NA	       NA	       NA	2.63E-06	7.14E-09	       NA	       NA	       NA	       NA	       NA	2.79E-05	3.99E-09	6.29E-04	1.83E-06	       NA	7.38E-05	1.10E-07	       NA	       NA	       NA	4.46E-07	       NA	       NA	       NA	       NA	       NA	       NA	       NA	       NA	       NA	       NA	       NA	       NA	       NA	       NA	       NA	       NA	       NA	       NA	       NA	       NA	       NA	       NA	       NA	3.33E-06	       NA	       NA	       NA	       NA	       NA	       NA	       NA	9.00E-08	       NA	       NA	       NA	       NA	       NA	       NA	       NA	       NA	       NA	       NA	       NA	       NA	       NA	       NA	       NA	1.67E-04	1.67E-04	1.47E-10	       NA	       NA	       NA	       NA	      NA	       NA	      NA	      NA	       NA	       NA	       NA	      NA	      NA	      NA	      NA	      NA	      NA	   NA	      NA	      NA
21MT1	       NA	       NA	       NA	       NA	       NA	       NA	       NA	       NA	       NA	       NA	       NA	       NA	       NA	       NA	       NA	       NA	       NA	       NA	       NA	       NA	       NA	       NA	1.36E-05	       NA	       NA	       NA	       NA	       NA	       NA	1.81E-05	1.53E-06	       NA	       NA	       NA	       NA	       NA	       NA	       NA	       NA	       NA	       NA	       NA	       NA	       NA	       NA	       NA	       NA	       NA	       NA	       NA	       NA	       NA	       NA	3.33E-06	       NA	       NA	       NA	       NA	       NA	       NA	       NA	6.67E-05	       NA	       NA	       NA	       NA	       NA	       NA	       NA	       NA	       NA	       NA	       NA	       NA	       NA	       NA	3.72E-07	2.47E-05	2.04E-05	2.43E-07	       NA	8.43E-04	9.97E-08	       NA	      NA	       NA	      NA	      NA	       NA	       NA	       NA	      NA	      NA	      NA	      NA	      NA	      NA	   NA	      NA	      NA
SUM44PE	       NA	       NA	       NA	       NA	       NA	       NA	       NA	       NA	       NA	       NA	       NA	       NA	       NA	       NA	       NA	       NA	       NA	5.49E-10	       NA	       NA	       NA	       NA	       NA	1.43E-09	       NA	       NA	       NA	       NA	       NA	       NA	       NA	       NA	       NA	       NA	       NA	       NA	       NA	       NA	       NA	       NA	       NA	       NA	       NA	       NA	       NA	       NA	       NA	       NA	       NA	       NA	       NA	       NA	       NA	      NA	9.36E-08	3.71E-07	       NA	       NA	       NA	       NA	       NA	       NA	       NA	       NA	       NA	       NA	       NA	       NA	       NA	       NA	       NA	       NA	       NA	       NA	       NA	       NA	       NA	       NA	       NA	       NA	       NA	       NA	       NA	       NA	      NA	       NA	      NA	      NA	       NA	       NA	       NA	      NA	      NA	      NA	      NA	      NA	      NA	   NA	      NA	      NA
MDAMB436	       NA	       NA	       NA	       NA	       NA	       NA	       NA	       NA	2.22E-08	       NA	       NA	       NA	1.00E-05	7.05E-08	       NA	       NA	       NA	1.42E-04	       NA	5.14E-05	8.53E-09	3.48E-05	       NA	1.10E-06	6.65E-06	5.14E-07	3.33E-05	       NA	       NA	       NA	       NA	6.85E-07	       NA	       NA	       NA	       NA	       NA	       NA	       NA	       NA	       NA	1.07E-03	3.25E-08	       NA	       NA	       NA	       NA	       NA	       NA	       NA	       NA	       NA	       NA	      NA	3.06E-05	2.24E-08	       NA	       NA	       NA	       NA	       NA	       NA	8.05E-05	2.71E-08	       NA	       NA	       NA	       NA	1.19E-06	       NA	       NA	       NA	       NA	       NA	       NA	       NA	       NA	       NA	       NA	       NA	       NA	       NA	       NA	       NA	      NA	       NA	      NA	      NA	       NA	       NA	       NA	      NA	      NA	      NA	      NA	      NA	      NA	1.00E-04	      NA	6.67E-05
MDAMB468	       NA	       NA	       NA	       NA	       NA	       NA	       NA	       NA	8.61E-09	       NA	       NA	       NA	5.43E-06	1.82E-08	       NA	       NA	       NA	1.79E-05	       NA	4.84E-05	2.27E-09	4.23E-05	       NA	2.29E-06	3.24E-05	7.41E-07	1.89E-05	       NA	       NA	       NA	       NA	       NA	       NA	       NA	       NA	       NA	       NA	       NA	       NA	       NA	       NA	2.41E-04	9.81E-08	       NA	       NA	       NA	       NA	       NA	       NA	       NA	       NA	       NA	       NA	      NA	       NA	2.20E-08	       NA	       NA	       NA	       NA	       NA	       NA	1.67E-04	9.79E-09	       NA	       NA	       NA	       NA	7.09E-07	       NA	       NA	       NA	       NA	       NA	       NA	       NA	       NA	       NA	       NA	       NA	       NA	       NA	       NA	       NA	      NA	       NA	      NA	      NA	       NA	       NA	       NA	      NA	      NA	      NA	      NA	      NA	      NA	   NA	      NA	      NA
UACC893	       NA	       NA	       NA	       NA	       NA	       NA	       NA	       NA	1.18E-08	       NA	       NA	       NA	1.74E-04	7.25E-09	       NA	       NA	       NA	1.67E-04	       NA	9.17E-04	1.70E-08	1.47E-04	       NA	1.71E-08	6.04E-05	7.32E-07	1.15E-06	       NA	       NA	       NA	       NA	6.85E-07	       NA	       NA	       NA	       NA	       NA	       NA	       NA	       NA	       NA	3.56E-04	2.86E-04	       NA	       NA	       NA	       NA	       NA	       NA	       NA	       NA	       NA	       NA	      NA	1.92E-05	2.56E-07	       NA	       NA	       NA	       NA	       NA	       NA	4.08E-07	1.09E-08	       NA	       NA	       NA	       NA	7.79E-07	       NA	       NA	       NA	       NA	       NA	       NA	       NA	       NA	       NA	       NA	       NA	       NA	       NA	       NA	5.38E-06	      NA	       NA	      NA	      NA	       NA	       NA	       NA	      NA	      NA	      NA	      NA	      NA	      NA	   NA	      NA	      NA
21PT	       NA	       NA	       NA	       NA	       NA	       NA	       NA	       NA	       NA	       NA	       NA	       NA	       NA	       NA	       NA	       NA	       NA	       NA	       NA	       NA	       NA	       NA	       NA	       NA	       NA	       NA	       NA	       NA	       NA	       NA	1.93E-08	       NA	       NA	       NA	       NA	       NA	       NA	       NA	       NA	       NA	       NA	       NA	       NA	       NA	       NA	       NA	       NA	       NA	       NA	       NA	       NA	       NA	       NA	      NA	       NA	       NA	       NA	       NA	       NA	       NA	       NA	       NA	       NA	       NA	       NA	       NA	       NA	       NA	       NA	       NA	       NA	       NA	       NA	       NA	       NA	       NA	       NA	       NA	       NA	       NA	       NA	       NA	       NA	       NA	      NA	       NA	      NA	      NA	       NA	       NA	       NA	      NA	      NA	      NA	      NA	      NA	      NA	   NA	      NA	      NA
JIMT1	       NA	       NA	       NA	       NA	       NA	       NA	       NA	       NA	       NA	       NA	       NA	       NA	       NA	       NA	       NA	       NA	       NA	       NA	       NA	       NA	       NA	       NA	       NA	       NA	       NA	       NA	       NA	       NA	       NA	       NA	1.34E-08	       NA	       NA	       NA	       NA	       NA	       NA	       NA	       NA	       NA	       NA	       NA	       NA	       NA	       NA	       NA	       NA	       NA	       NA	       NA	       NA	       NA	       NA	      NA	       NA	       NA	       NA	       NA	       NA	       NA	       NA	       NA	       NA	       NA	       NA	       NA	       NA	       NA	       NA	       NA	       NA	       NA	       NA	       NA	       NA	       NA	       NA	       NA	       NA	       NA	       NA	       NA	       NA	       NA	      NA	       NA	      NA	      NA	       NA	       NA	       NA	      NA	      NA	      NA	3.33E-05	      NA	      NA	   NA	      NA	      NA
S1	       NA	       NA	       NA	       NA	       NA	       NA	       NA	       NA	1.43E-08	       NA	       NA	       NA	3.52E-06	1.50E-09	       NA	       NA	       NA	       NA	       NA	3.33E-05	4.73E-09	2.11E-05	       NA	1.29E-07	7.38E-05	8.15E-07	2.70E-07	       NA	       NA	       NA	       NA	1.95E-08	       NA	       NA	       NA	       NA	       NA	       NA	       NA	       NA	       NA	1.27E-04	9.09E-08	       NA	       NA	       NA	       NA	       NA	       NA	       NA	       NA	       NA	       NA	      NA	1.43E-06	2.37E-05	       NA	       NA	       NA	       NA	       NA	       NA	5.56E-08	4.56E-09	       NA	       NA	       NA	       NA	3.83E-07	       NA	       NA	       NA	       NA	       NA	       NA	       NA	       NA	       NA	       NA	       NA	       NA	       NA	       NA	       NA	      NA	       NA	      NA	      NA	       NA	       NA	       NA	      NA	      NA	      NA	      NA	      NA	      NA	   NA	      NA	      NA
SUM102PT	       NA	       NA	       NA	       NA	       NA	       NA	       NA	       NA	       NA	       NA	       NA	       NA	5.00E-04	3.34E-09	       NA	       NA	       NA	       NA	       NA	       NA	       NA	       NA	       NA	       NA	       NA	2.44E-07	1.87E-06	       NA	       NA	       NA	       NA	6.85E-07	       NA	       NA	       NA	       NA	       NA	       NA	       NA	       NA	       NA	       NA	       NA	       NA	       NA	       NA	       NA	       NA	       NA	       NA	       NA	       NA	       NA	      NA	       NA	7.55E-07	       NA	       NA	       NA	       NA	       NA	       NA	       NA	       NA	       NA	       NA	       NA	       NA	       NA	       NA	       NA	       NA	       NA	       NA	       NA	       NA	       NA	       NA	       NA	       NA	       NA	       NA	       NA	7.20E-06	      NA	       NA	      NA	      NA	       NA	       NA	       NA	      NA	      NA	      NA	      NA	      NA	      NA	   NA	      NA	      NA
SUM190PT	       NA	       NA	       NA	       NA	       NA	       NA	       NA	       NA	1.14E-08	       NA	       NA	       NA	4.48E-07	9.85E-08	       NA	       NA	       NA	       NA	       NA	4.46E-06	6.48E-09	1.40E-06	       NA	3.54E-06	       NA	       NA	9.47E-07	       NA	       NA	       NA	       NA	       NA	       NA	       NA	       NA	       NA	       NA	       NA	       NA	       NA	       NA	1.92E-02	2.41E-09	       NA	       NA	       NA	       NA	       NA	       NA	       NA	       NA	       NA	       NA	      NA	1.56E-06	       NA	       NA	       NA	       NA	       NA	       NA	       NA	1.89E-06	       NA	       NA	       NA	       NA	       NA	1.17E-07	       NA	       NA	       NA	       NA	       NA	       NA	       NA	       NA	       NA	       NA	       NA	       NA	       NA	       NA	       NA	      NA	       NA	      NA	      NA	       NA	       NA	       NA	      NA	      NA	      NA	      NA	      NA	      NA	   NA	      NA	      NA
T4	       NA	       NA	       NA	       NA	       NA	       NA	       NA	       NA	9.19E-09	       NA	       NA	       NA	9.48E-06	6.04E-09	       NA	       NA	       NA	       NA	       NA	8.36E-05	1.69E-09	6.15E-06	       NA	       NA	5.88E-06	1.25E-07	       NA	       NA	       NA	       NA	       NA	       NA	       NA	       NA	       NA	       NA	       NA	       NA	       NA	       NA	       NA	       NA	       NA	       NA	       NA	       NA	       NA	       NA	       NA	       NA	       NA	       NA	       NA	      NA	       NA	       NA	       NA	       NA	       NA	       NA	       NA	       NA	       NA	       NA	       NA	       NA	       NA	       NA	       NA	       NA	       NA	       NA	       NA	       NA	       NA	       NA	       NA	       NA	       NA	       NA	       NA	       NA	       NA	       NA	      NA	       NA	      NA	      NA	       NA	       NA	       NA	      NA	      NA	      NA	      NA	      NA	      NA	   NA	      NA	      NA
1%BT20	       NA	       NA	       NA	       NA	       NA	       NA	       NA	       NA	       NA	       NA	       NA	       NA	       NA	       NA	       NA	       NA	       NA	       NA	       NA	       NA	       NA	       NA	       NA	       NA	       NA	       NA	       NA	       NA	       NA	       NA	       NA	       NA	       NA	       NA	       NA	       NA	       NA	       NA	       NA	       NA	       NA	       NA	       NA	       NA	       NA	       NA	       NA	       NA	       NA	       NA	       NA	       NA	       NA	      NA	       NA	       NA	       NA	       NA	       NA	       NA	       NA	       NA	       NA	       NA	       NA	       NA	       NA	       NA	       NA	       NA	       NA	       NA	       NA	       NA	       NA	       NA	       NA	       NA	       NA	       NA	       NA	       NA	       NA	       NA	      NA	       NA	      NA	      NA	       NA	       NA	       NA	      NA	      NA	      NA	      NA	      NA	      NA	   NA	      NA	      NA
1%CAMA1	       NA	       NA	       NA	       NA	       NA	       NA	       NA	       NA	       NA	       NA	       NA	       NA	       NA	       NA	       NA	       NA	       NA	       NA	       NA	       NA	       NA	       NA	       NA	       NA	       NA	       NA	       NA	       NA	       NA	       NA	       NA	       NA	       NA	       NA	       NA	       NA	       NA	       NA	       NA	       NA	       NA	       NA	       NA	       NA	       NA	       NA	       NA	       NA	       NA	       NA	       NA	       NA	       NA	      NA	       NA	       NA	       NA	       NA	       NA	       NA	       NA	       NA	       NA	       NA	       NA	       NA	       NA	       NA	       NA	       NA	       NA	       NA	       NA	       NA	       NA	       NA	       NA	       NA	       NA	       NA	       NA	       NA	       NA	       NA	      NA	       NA	      NA	      NA	       NA	       NA	       NA	      NA	      NA	      NA	      NA	      NA	      NA	   NA	      NA	      NA
1%JIMT1	       NA	       NA	       NA	       NA	       NA	       NA	       NA	       NA	       NA	       NA	       NA	       NA	       NA	       NA	       NA	       NA	       NA	       NA	       NA	       NA	       NA	       NA	       NA	       NA	       NA	       NA	       NA	       NA	       NA	       NA	       NA	       NA	       NA	       NA	       NA	       NA	       NA	       NA	       NA	       NA	       NA	       NA	       NA	       NA	       NA	       NA	       NA	       NA	       NA	       NA	       NA	       NA	       NA	      NA	       NA	       NA	       NA	       NA	       NA	       NA	       NA	       NA	       NA	       NA	       NA	       NA	       NA	       NA	       NA	       NA	       NA	       NA	       NA	       NA	       NA	       NA	       NA	       NA	       NA	       NA	       NA	       NA	       NA	       NA	      NA	       NA	      NA	      NA	       NA	       NA	       NA	      NA	      NA	      NA	      NA	      NA	      NA	   NA	      NA	      NA
1%LY2	       NA	       NA	       NA	       NA	       NA	       NA	       NA	       NA	       NA	       NA	       NA	       NA	       NA	       NA	       NA	       NA	       NA	       NA	       NA	       NA	       NA	       NA	       NA	       NA	       NA	       NA	       NA	       NA	       NA	       NA	       NA	       NA	       NA	       NA	       NA	       NA	       NA	       NA	       NA	       NA	       NA	       NA	       NA	       NA	       NA	       NA	       NA	       NA	       NA	       NA	       NA	       NA	       NA	      NA	       NA	       NA	       NA	       NA	       NA	       NA	       NA	       NA	       NA	       NA	       NA	       NA	       NA	       NA	       NA	       NA	       NA	       NA	       NA	       NA	       NA	       NA	       NA	       NA	       NA	       NA	       NA	       NA	       NA	       NA	      NA	       NA	      NA	      NA	       NA	       NA	       NA	      NA	      NA	      NA	      NA	      NA	      NA	   NA	      NA	      NA
1%MDAMB157	       NA	       NA	       NA	       NA	       NA	       NA	       NA	       NA	       NA	       NA	       NA	       NA	       NA	       NA	       NA	       NA	       NA	       NA	       NA	       NA	       NA	       NA	       NA	       NA	       NA	       NA	       NA	       NA	       NA	       NA	       NA	       NA	       NA	       NA	       NA	       NA	       NA	       NA	       NA	       NA	       NA	       NA	       NA	       NA	       NA	       NA	       NA	       NA	       NA	       NA	       NA	       NA	       NA	      NA	       NA	       NA	       NA	       NA	       NA	       NA	       NA	       NA	       NA	       NA	       NA	       NA	       NA	       NA	       NA	       NA	       NA	       NA	       NA	       NA	       NA	       NA	       NA	       NA	       NA	       NA	       NA	       NA	       NA	       NA	      NA	       NA	      NA	      NA	       NA	       NA	       NA	      NA	      NA	      NA	      NA	      NA	      NA	   NA	      NA	      NA
1%MDAMB231	       NA	       NA	       NA	       NA	       NA	       NA	       NA	       NA	       NA	       NA	       NA	       NA	       NA	       NA	       NA	       NA	       NA	       NA	       NA	       NA	       NA	       NA	       NA	       NA	       NA	       NA	       NA	       NA	       NA	       NA	       NA	       NA	       NA	       NA	       NA	       NA	       NA	       NA	       NA	       NA	       NA	       NA	       NA	       NA	       NA	       NA	       NA	       NA	       NA	       NA	       NA	       NA	       NA	      NA	       NA	       NA	       NA	       NA	       NA	       NA	       NA	       NA	       NA	       NA	       NA	       NA	       NA	       NA	       NA	       NA	       NA	       NA	       NA	       NA	       NA	       NA	       NA	       NA	       NA	       NA	       NA	       NA	       NA	       NA	      NA	       NA	      NA	      NA	       NA	       NA	       NA	      NA	      NA	      NA	      NA	      NA	      NA	   NA	      NA	      NA
1%MDAMB361	       NA	       NA	       NA	       NA	       NA	       NA	       NA	       NA	       NA	       NA	       NA	       NA	       NA	       NA	       NA	       NA	       NA	       NA	       NA	       NA	       NA	       NA	       NA	       NA	       NA	       NA	       NA	       NA	       NA	       NA	       NA	       NA	       NA	       NA	       NA	       NA	       NA	       NA	       NA	       NA	       NA	       NA	       NA	       NA	       NA	       NA	       NA	       NA	       NA	       NA	       NA	       NA	       NA	      NA	       NA	       NA	       NA	       NA	       NA	       NA	       NA	       NA	       NA	       NA	       NA	       NA	       NA	       NA	       NA	       NA	       NA	       NA	       NA	       NA	       NA	       NA	       NA	       NA	       NA	       NA	       NA	       NA	       NA	       NA	      NA	       NA	      NA	      NA	       NA	       NA	       NA	      NA	      NA	      NA	      NA	      NA	      NA	   NA	      NA	      NA
1%MDAMB436D	       NA	       NA	       NA	       NA	       NA	       NA	       NA	       NA	       NA	       NA	       NA	       NA	       NA	       NA	       NA	       NA	       NA	       NA	       NA	       NA	       NA	       NA	       NA	       NA	       NA	       NA	       NA	       NA	       NA	       NA	       NA	       NA	       NA	       NA	       NA	       NA	       NA	       NA	       NA	       NA	       NA	       NA	       NA	       NA	       NA	       NA	       NA	       NA	       NA	       NA	       NA	       NA	       NA	      NA	       NA	       NA	       NA	       NA	       NA	       NA	       NA	       NA	       NA	       NA	       NA	       NA	       NA	       NA	       NA	       NA	       NA	       NA	       NA	       NA	       NA	       NA	       NA	       NA	       NA	       NA	       NA	       NA	       NA	       NA	      NA	       NA	      NA	      NA	       NA	       NA	       NA	      NA	      NA	      NA	      NA	      NA	      NA	   NA	      NA	      NA
1%MDAMB453	       NA	       NA	       NA	       NA	       NA	       NA	       NA	       NA	       NA	       NA	       NA	       NA	       NA	       NA	       NA	       NA	       NA	       NA	       NA	       NA	       NA	       NA	       NA	       NA	       NA	       NA	       NA	       NA	       NA	       NA	       NA	       NA	       NA	       NA	       NA	       NA	       NA	       NA	       NA	       NA	       NA	       NA	       NA	       NA	       NA	       NA	       NA	       NA	       NA	       NA	       NA	       NA	       NA	      NA	       NA	       NA	       NA	       NA	       NA	       NA	       NA	       NA	       NA	       NA	       NA	       NA	       NA	       NA	       NA	       NA	       NA	       NA	       NA	       NA	       NA	       NA	       NA	       NA	       NA	       NA	       NA	       NA	       NA	       NA	      NA	       NA	      NA	      NA	       NA	       NA	       NA	      NA	      NA	      NA	      NA	      NA	      NA	   NA	      NA	      NA
1%MDAMB468D	       NA	       NA	       NA	       NA	       NA	       NA	       NA	       NA	       NA	       NA	       NA	       NA	       NA	       NA	       NA	       NA	       NA	       NA	       NA	       NA	       NA	       NA	       NA	       NA	       NA	       NA	       NA	       NA	       NA	       NA	       NA	       NA	       NA	       NA	       NA	       NA	       NA	       NA	       NA	       NA	       NA	       NA	       NA	       NA	       NA	       NA	       NA	       NA	       NA	       NA	       NA	       NA	       NA	      NA	       NA	       NA	       NA	       NA	       NA	       NA	       NA	       NA	       NA	       NA	       NA	       NA	       NA	       NA	       NA	       NA	       NA	       NA	       NA	       NA	       NA	       NA	       NA	       NA	       NA	       NA	       NA	       NA	       NA	       NA	      NA	       NA	      NA	      NA	       NA	       NA	       NA	      NA	      NA	      NA	      NA	      NA	      NA	   NA	      NA	      NA
1%UACC812	       NA	       NA	       NA	       NA	       NA	       NA	       NA	       NA	       NA	       NA	       NA	       NA	       NA	       NA	       NA	       NA	       NA	       NA	       NA	       NA	       NA	       NA	       NA	       NA	       NA	       NA	       NA	       NA	       NA	       NA	       NA	       NA	       NA	       NA	       NA	       NA	       NA	       NA	       NA	       NA	       NA	       NA	       NA	       NA	       NA	       NA	       NA	       NA	       NA	       NA	       NA	       NA	       NA	      NA	       NA	       NA	       NA	       NA	       NA	       NA	       NA	       NA	       NA	       NA	       NA	       NA	       NA	       NA	       NA	       NA	       NA	       NA	       NA	       NA	       NA	       NA	       NA	       NA	       NA	       NA	       NA	       NA	       NA	       NA	      NA	       NA	      NA	      NA	       NA	       NA	       NA	      NA	      NA	      NA	      NA	      NA	      NA	   NA	      NA	      NA
1%UACC893D	       NA	       NA	       NA	       NA	       NA	       NA	       NA	       NA	       NA	       NA	       NA	       NA	       NA	       NA	       NA	       NA	       NA	       NA	       NA	       NA	       NA	       NA	       NA	       NA	       NA	       NA	       NA	       NA	       NA	       NA	       NA	       NA	       NA	       NA	       NA	       NA	       NA	       NA	       NA	       NA	       NA	       NA	       NA	       NA	       NA	       NA	       NA	       NA	       NA	       NA	       NA	       NA	       NA	      NA	       NA	       NA	       NA	       NA	       NA	       NA	       NA	       NA	       NA	       NA	       NA	       NA	       NA	       NA	       NA	       NA	       NA	       NA	       NA	       NA	       NA	       NA	       NA	       NA	       NA	       NA	       NA	       NA	       NA	       NA	      NA	       NA	      NA	      NA	       NA	       NA	       NA	      NA	      NA	      NA	      NA	      NA	      NA	   NA	      NA	      NA
CAL120	       NA	       NA	       NA	       NA	       NA	       NA	       NA	       NA	       NA	       NA	       NA	       NA	       NA	       NA	       NA	       NA	       NA	       NA	       NA	       NA	       NA	       NA	       NA	       NA	       NA	       NA	       NA	       NA	       NA	       NA	2.10E-08	       NA	       NA	       NA	       NA	       NA	       NA	       NA	       NA	       NA	       NA	       NA	       NA	       NA	       NA	       NA	       NA	       NA	       NA	       NA	       NA	       NA	       NA	      NA	       NA	       NA	       NA	       NA	       NA	       NA	       NA	       NA	       NA	       NA	       NA	       NA	       NA	       NA	       NA	       NA	       NA	       NA	       NA	       NA	       NA	       NA	       NA	       NA	       NA	       NA	       NA	       NA	       NA	       NA	      NA	       NA	      NA	      NA	       NA	       NA	       NA	      NA	      NA	      NA	      NA	      NA	      NA	   NA	      NA	      NA
CAL148	       NA	       NA	       NA	       NA	       NA	       NA	       NA	       NA	       NA	       NA	       NA	       NA	       NA	       NA	       NA	       NA	       NA	       NA	       NA	       NA	       NA	       NA	       NA	       NA	       NA	       NA	       NA	       NA	       NA	       NA	4.30E-08	       NA	       NA	       NA	       NA	       NA	       NA	       NA	       NA	       NA	       NA	       NA	       NA	       NA	       NA	       NA	       NA	       NA	       NA	       NA	       NA	       NA	       NA	      NA	       NA	       NA	       NA	       NA	       NA	       NA	       NA	       NA	       NA	       NA	       NA	       NA	       NA	       NA	       NA	       NA	       NA	       NA	       NA	       NA	       NA	       NA	       NA	       NA	       NA	       NA	       NA	       NA	       NA	       NA	      NA	       NA	      NA	      NA	       NA	       NA	       NA	      NA	      NA	      NA	      NA	      NA	      NA	   NA	      NA	      NA
CAL85	       NA	       NA	       NA	       NA	       NA	       NA	       NA	       NA	       NA	       NA	       NA	       NA	       NA	       NA	       NA	       NA	       NA	       NA	       NA	       NA	       NA	       NA	       NA	       NA	       NA	       NA	       NA	       NA	       NA	       NA	2.62E-09	       NA	       NA	       NA	       NA	       NA	       NA	       NA	       NA	       NA	       NA	       NA	       NA	       NA	       NA	       NA	       NA	       NA	       NA	       NA	       NA	       NA	       NA	      NA	       NA	       NA	       NA	       NA	       NA	       NA	       NA	       NA	       NA	       NA	       NA	       NA	       NA	       NA	       NA	       NA	       NA	       NA	       NA	       NA	       NA	       NA	       NA	       NA	       NA	       NA	       NA	       NA	       NA	       NA	      NA	       NA	      NA	      NA	       NA	       NA	       NA	      NA	      NA	      NA	      NA	      NA	      NA	   NA	      NA	      NA
EFM192A	       NA	       NA	       NA	       NA	       NA	       NA	       NA	       NA	       NA	       NA	       NA	       NA	       NA	       NA	       NA	       NA	       NA	       NA	       NA	       NA	       NA	       NA	       NA	       NA	       NA	       NA	       NA	       NA	       NA	       NA	1.70E-09	       NA	       NA	       NA	       NA	       NA	       NA	       NA	       NA	       NA	       NA	       NA	       NA	       NA	       NA	       NA	       NA	       NA	       NA	       NA	       NA	       NA	       NA	      NA	       NA	       NA	       NA	       NA	       NA	       NA	       NA	       NA	       NA	       NA	       NA	       NA	       NA	       NA	       NA	       NA	       NA	       NA	       NA	       NA	       NA	       NA	       NA	       NA	       NA	       NA	       NA	       NA	       NA	       NA	      NA	       NA	      NA	      NA	       NA	       NA	       NA	      NA	      NA	      NA	      NA	      NA	      NA	   NA	      NA	      NA
EFM192B	       NA	       NA	       NA	       NA	       NA	       NA	       NA	       NA	       NA	       NA	       NA	       NA	       NA	       NA	       NA	       NA	       NA	       NA	       NA	       NA	       NA	       NA	       NA	       NA	       NA	       NA	       NA	       NA	       NA	       NA	6.90E-09	       NA	       NA	       NA	       NA	       NA	       NA	       NA	       NA	       NA	       NA	       NA	       NA	       NA	       NA	       NA	       NA	       NA	       NA	       NA	       NA	       NA	       NA	      NA	       NA	       NA	       NA	       NA	       NA	       NA	       NA	       NA	       NA	       NA	       NA	       NA	       NA	       NA	       NA	       NA	       NA	       NA	       NA	       NA	       NA	       NA	       NA	       NA	       NA	       NA	       NA	       NA	       NA	       NA	      NA	       NA	      NA	      NA	       NA	       NA	       NA	      NA	      NA	      NA	      NA	      NA	      NA	   NA	      NA	      NA
EFM192C	       NA	       NA	       NA	       NA	       NA	       NA	       NA	       NA	       NA	       NA	       NA	       NA	       NA	       NA	       NA	       NA	       NA	       NA	       NA	       NA	       NA	       NA	       NA	       NA	       NA	       NA	       NA	       NA	       NA	       NA	3.07E-09	       NA	       NA	       NA	       NA	       NA	       NA	       NA	       NA	       NA	       NA	       NA	       NA	       NA	       NA	       NA	       NA	       NA	       NA	       NA	       NA	       NA	       NA	      NA	       NA	       NA	       NA	       NA	       NA	       NA	       NA	       NA	       NA	       NA	       NA	       NA	       NA	       NA	       NA	       NA	       NA	       NA	       NA	       NA	       NA	       NA	       NA	       NA	       NA	       NA	       NA	       NA	       NA	       NA	      NA	       NA	      NA	      NA	       NA	       NA	       NA	      NA	      NA	      NA	      NA	      NA	      NA	   NA	      NA	      NA
EFM19	       NA	       NA	       NA	       NA	       NA	       NA	       NA	       NA	       NA	       NA	       NA	       NA	       NA	       NA	       NA	       NA	       NA	       NA	       NA	       NA	       NA	       NA	       NA	       NA	       NA	       NA	       NA	       NA	       NA	       NA	3.84E-09	       NA	       NA	       NA	       NA	       NA	       NA	       NA	       NA	       NA	       NA	       NA	       NA	       NA	       NA	       NA	       NA	       NA	       NA	       NA	       NA	       NA	       NA	      NA	       NA	       NA	       NA	       NA	       NA	       NA	       NA	       NA	       NA	       NA	       NA	       NA	       NA	       NA	       NA	       NA	       NA	       NA	       NA	       NA	       NA	       NA	       NA	       NA	       NA	       NA	       NA	       NA	       NA	       NA	      NA	       NA	      NA	      NA	       NA	       NA	       NA	      NA	      NA	      NA	      NA	      NA	      NA	   NA	      NA	      NA
