	Erlotinib	AG1024	Imatinib	Trichostatin A	Etoposide	Fascaplysin	Methotrexate	Bortezomib-batch1	Paclitaxel	PS-1145	SAHA (Vorinostat)	Ixabepilone	Cisplatin	Geldanamycin	API-2(Tricir)	Pemetrexed	Purvalanol A	Rapamycin	Sunitinib Malate	Carboplatin	Docetaxel	Oxaliplatin	Nelfinavir	17-AAG	CPT-11(FD)	Doxorubicin(FD)	Iressa	Baicalein	Sorafenib	Mebendazole	Bortezomib-batch2	Cetuximab	AKT1-2 inhibitor	AZD6244	Lestaurtinib(CEP-701)	NSC663284	Oxamflatin	SB-3CT	TCS PIM-11	VX-680	Gemcitabine	BEZ235	5-FdUR	AS-252424	LBH589	MG-132	Nilotinib	Olomoucine II	PD98059(LC Labs)	TCS2312 dihydrochloride	Sodium Dichloroacetate	Tamoxifen	TPT(FD)	FTase inhibitor I	ICRF-193	PD184352	Rafi IV (L779450)	ZM447439	Disulfiram	AG1478	Vinorelbine	Glycyl H1152	SKI-606(Bosutinib)	XRP44X	NU6102	Epirubicin	ERKi II (FR180304)	Temsirolimus(Torisel)	IKK 16	BIBW2992	TPCA-1	Everolimus	PD173074	Z-Leu-Leu-Norvalinal	4-HC	4-HC+Dox Combo	Doxorubicin	TCS JNK 5a	Valproic acid	Z-Leu-Leu-Leu-al	Methyl Glyoxol	5-FU	Herceptin	QNZ	Bromopyruvate	GM6001	TAPI-0 (IC-1)	GW5074	Chloroquine	Ibandronate sodium salt	Chk2 inhibitor II	GW843682X	Ro 32-0432	DMSO	Sulindac sulfide	LY294002	CI1040	UO126	Celecoxib(Celebrex)	2-deoxy-D-glucose
MCF12A	6.67E-05	3.33E-05	9.17E-05	7.45E-05	2.10E-04	1.23E-06	3.33E-04	7.20E-07	3.33E-05	1.89E-03	1.51E-03	2.33E-07	1.46E-04	4.13E-08	3.33E-05	2.92E-03	1.67E-04	1.67E-04	1.23E-05	4.24E-04	1.00E-05	9.50E-05	3.33E-05	7.57E-08	7.31E-05	3.90E-07	4.53E-06	1.67E-04	7.49E-05	6.67E-05	5.51E-06	6.85E-07	4.99E-05	5.00E-05	3.62E-06	2.65E-06	9.56E-06	1.67E-04	1.33E-04	1.00E-04	1.45E-04	3.33E-05	9.44E-04	3.33E-05	1.54E-06	1.17E-07	2.00E-04	3.28E-05	5.00E-05	9.71E-06	3.33E-06	6.95E-05	1.31E-06	6.67E-05	5.00E-05	3.33E-05	3.33E-05	5.00E-05	6.67E-05	1.15E-06	4.64E-05	6.67E-05	4.55E-06	1.33E-04	2.83E-05	8.16E-07	1.00E-04	3.98E-05	9.32E-06	4.30E-06	6.67E-05	5.10E-05	3.33E-05	4.74E-07	4.44E-05	3.80E-05	4.28E-07	2.00E-04	0.007912	1.28E-07	0.00187	0.000291	7.20E-06	3.33E-05	4.53E-08	3.33E-05	3.33E-05	3.33E-05	6.65E-05	MAX	      NA	      NA	      NA	      NA	      NA	   NA	      NA	      NA	     NA	     NA
HCC1428	6.67E-05	3.33E-05	4.98E-05	6.38E-06	3.33E-04	7.59E-08	3.33E-04	2.10E-05	3.33E-05	1.89E-03	1.10E-04	1.72E-05	6.06E-05	1.00E-04	3.33E-05	2.92E-03	1.67E-04	1.67E-04	1.59E-05	3.98E-04	1.00E-05	2.05E-05	3.33E-05	1.02E-05	5.45E-05	2.65E-06	2.55E-05	1.67E-04	1.85E-04	6.67E-05	6.67E-05	6.85E-07	2.64E-05	5.00E-05	1.36E-05	6.76E-06	8.52E-07	9.72E-05	1.33E-04	3.33E-05	7.22E-03	3.33E-05	3.27E-03	6.67E-05	1.94E-07	5.76E-07	2.00E-04	7.75E-05	1.00E-04	2.02E-06	3.33E-06	1.67E-04	3.98E-06	3.33E-05	5.00E-05	6.67E-05	4.55E-05	1.00E-04	6.67E-05	1.67E-04	2.06E-05	6.67E-05	1.69E-05	1.33E-04	2.89E-05	1.72E-06	1.00E-04	5.83E-05	8.07E-06	8.73E-06	1.33E-04	3.73E-05	1.48E-05	3.53E-06	2.03E-05	2.09E-05	5.50E-07	1.33E-04	0.00222	6.67E-05	0.007467	0.0000531	7.20E-06	3.33E-05	       NA	3.33E-05	3.33E-05	      NA	      NA	MAX	      NA	      NA	      NA	      NA	      NA	   NA	      NA	      NA	     NA	     NA
HCC1569	6.67E-05	3.33E-05	6.31E-05	2.43E-05	3.33E-04	1.33E-06	3.33E-04	1.58E-08	3.33E-05	1.89E-03	6.63E-04	9.57E-06	2.50E-04	1.00E-04	3.33E-05	2.92E-03	1.67E-04	1.67E-04	1.83E-05	9.45E-04	1.00E-05	6.29E-04	3.33E-05	1.00E-04	8.17E-05	9.20E-05	3.33E-05	1.67E-04	5.32E-04	6.67E-05	2.44E-08	6.85E-07	4.18E-05	5.00E-05	9.24E-06	7.11E-06	5.93E-06	1.67E-04	1.33E-04	5.57E-05	1.45E-04	3.33E-05	5.00E-03	3.33E-05	6.97E-07	4.40E-07	2.00E-04	1.33E-04	5.00E-05	1.07E-06	3.33E-06	1.67E-04	1.09E-04	6.67E-05	5.00E-05	3.33E-05	3.33E-05	5.00E-05	6.67E-05	1.67E-04	1.23E-05	6.67E-05	1.00E-04	1.33E-04	6.67E-05	9.39E-05	1.00E-04	9.74E-05	8.33E-06	3.01E-05	6.67E-05	4.36E-05	1.33E-05	2.99E-06	9.49E-05	9.33E-05	5.50E-07	2.00E-04	0.009399	6.67E-05	0.002538	0.0172	7.20E-06	      NA	5.06E-08	      NA	      NA	      NA	      NA	MAX	      NA	      NA	      NA	      NA	      NA	   NA	      NA	      NA	     NA	     NA
BT474	6.67E-05	3.33E-05	6.72E-05	2.41E-05	2.87E-04	6.11E-07	3.33E-04	2.40E-07	3.33E-05	1.89E-03	2.13E-04	3.95E-05	7.65E-05	1.00E-04	3.33E-05	2.92E-03	1.67E-04	1.67E-04	2.46E-05	4.02E-04	1.00E-05	2.06E-04	2.96E-05	2.16E-06	8.53E-05	3.31E-05	5.96E-06	1.67E-04	3.65E-04	6.67E-05	3.28E-07	6.85E-07	1.24E-05	5.00E-05	7.50E-06	5.57E-06	2.79E-06	5.98E-05	1.33E-04	5.58E-05	1.45E-04	3.33E-05	5.00E-03	6.67E-05	2.01E-07	3.17E-06	2.00E-04	1.33E-04	1.00E-04	3.33E-05	3.33E-06	1.67E-04	1.09E-04	6.67E-05	5.00E-05	3.33E-05	3.54E-05	1.00E-04	6.67E-05	1.67E-04	1.40E-05	6.67E-05	3.82E-05	1.33E-04	6.67E-05	1.72E-04	1.00E-04	6.06E-05	9.11E-06	8.03E-08	6.67E-05	6.67E-05	1.13E-05	4.31E-06	8.09E-05	8.13E-05	5.50E-07	2.00E-04	0.00575	6.67E-05	0.0043	0.0070245	     NA	3.33E-05	6.29E-07	3.33E-05	3.33E-05	3.33E-05	1.60E-05	MAX	      NA	      NA	      NA	      NA	      NA	   NA	      NA	      NA	     NA	MAX
SUM1315MO2	6.67E-05	3.33E-05	2.96E-05	1.27E-04	5.45E-05	1.20E-06	3.33E-04	1.37E-07	9.01E-07	1.89E-03	1.43E-03	1.73E-07	7.03E-06	1.00E-04	3.33E-05	2.92E-03	1.85E-05	4.16E-05	1.81E-05	1.16E-04	4.70E-07	6.20E-05	8.50E-06	8.20E-07	8.53E-05	1.95E-06	2.54E-05	1.67E-04	1.00E-03	5.98E-05	1.09E-08	6.85E-07	2.44E-05	5.00E-05	2.14E-06	2.72E-06	3.03E-06	1.67E-04	1.33E-04	5.40E-05	1.45E-04	3.33E-05	5.00E-03	3.33E-05	1.27E-06	4.65E-07	2.00E-04	1.04E-05	5.00E-05	1.60E-06	3.33E-06	1.67E-04	3.85E-06	6.67E-05	5.00E-05	3.33E-05	3.33E-05	5.00E-05	6.67E-05	1.67E-04	2.15E-08	6.67E-05	3.27E-06	1.28E-05	3.01E-05	1.27E-06	1.00E-04	6.60E-05	5.78E-06	1.59E-05	6.67E-05	3.15E-05	1.14E-05	2.29E-06	5.77E-05	4.71E-05	5.50E-07	1.85E-06	0.004239	3.49E-07	0.00182	0.0138	     NA	      NA	       NA	      NA	      NA	      NA	      NA	MAX	      NA	      NA	      NA	      NA	      NA	   NA	      NA	      NA	     NA	     NA
MCF10F	6.67E-05	3.33E-05	6.43E-05	1.69E-04	3.33E-04	8.82E-07	3.33E-04	4.64E-07	3.33E-05	1.89E-03	3.06E-03	1.59E-06	2.11E-05	2.07E-08	6.66E-06	2.92E-03	1.67E-04	1.67E-04	8.32E-06	1.82E-04	1.00E-05	2.07E-04	2.52E-05	1.26E-07	8.53E-05	2.34E-06	3.33E-05	1.67E-04	4.33E-05	6.67E-05	5.32E-07	6.85E-07	3.21E-05	5.00E-05	6.54E-06	9.13E-06	9.74E-06	1.00E-04	1.33E-04	3.33E-05	1.45E-04	3.33E-05	5.00E-03	3.33E-05	2.34E-06	2.27E-07	2.00E-04	1.99E-05	5.00E-05	5.80E-06	3.33E-06	1.67E-04	2.46E-05	3.33E-05	5.00E-05	3.33E-05	1.70E-05	1.00E-04	6.67E-05	1.67E-04	3.21E-05	6.67E-05	1.00E-04	1.33E-04	3.87E-05	2.11E-06	1.00E-04	1.33E-04	8.50E-06	5.99E-06	1.33E-04	6.67E-05	1.93E-05	9.33E-07	1.67E-04	1.38E-04	5.50E-07	1.33E-04	0.00775	3.92E-07	0.00318	MAX	7.20E-06	      NA	       NA	      NA	      NA	      NA	      NA	MAX	      NA	      NA	      NA	      NA	      NA	   NA	      NA	      NA	     NA	     NA
HCC38	6.67E-05	3.33E-05	7.44E-05	1.30E-05	1.33E-06	8.53E-07	3.33E-04	1.63E-08	2.10E-08	1.89E-03	1.30E-04	1.33E-08	9.05E-06	1.00E-04	3.33E-05	2.92E-03	1.67E-04	1.67E-04	7.28E-06	6.03E-05	2.32E-07	3.77E-05	2.93E-05	1.10E-05	3.16E-06	1.99E-07	3.33E-05	4.00E-05	1.62E-04	6.67E-05	2.21E-08	6.85E-07	2.84E-05	5.00E-05	4.13E-07	6.53E-06	7.77E-07	1.00E-04	1.33E-04	2.48E-05	9.08E-09	3.33E-05	5.00E-03	6.67E-05	9.70E-08	5.01E-07	2.00E-04	1.05E-05	1.00E-04	2.51E-07	3.33E-06	1.67E-04	1.27E-08	3.33E-05	5.00E-05	3.33E-05	3.91E-05	1.00E-04	6.67E-05	1.67E-04	6.22E-08	3.98E-06	1.15E-06	1.33E-04	3.28E-05	2.35E-07	1.00E-04	7.85E-05	8.13E-06	8.28E-06	1.31E-05	6.67E-05	2.74E-05	6.97E-07	5.61E-06	5.51E-06	4.60E-08	1.33E-04	0.003623	4.75E-07	      NA	0.00823	7.20E-06	3.33E-05	2.00E-07	3.33E-05	3.33E-05	      NA	6.65E-05	0.0001452	6.67E-05	3.33E-05	3.33E-05	      NA	1.33E-04	   NA	      NA	      NA	MAX	MAX
MCF10A	6.67E-05	3.33E-05	1.02E-04	8.62E-05	3.33E-04	1.10E-06	3.33E-04	4.13E-06	3.33E-05	1.89E-03	2.26E-03	2.09E-08	5.06E-05	1.10E-08	3.33E-05	2.92E-03	1.67E-04	1.67E-04	1.35E-05	3.39E-04	1.00E-05	1.69E-04	2.91E-05	1.45E-07	8.53E-05	9.95E-07	1.89E-06	1.67E-04	1.00E-03	6.67E-05	2.73E-07	6.85E-07	3.60E-05	5.00E-05	1.16E-05	6.44E-06	3.43E-06	1.00E-04	1.33E-04	3.33E-05	1.45E-04	3.33E-05	5.00E-03	6.67E-05	5.25E-07	1.21E-07	2.00E-04	6.92E-06	5.00E-05	1.66E-06	3.33E-06	1.06E-04	2.76E-06	3.33E-05	3.33E-05	3.33E-05	3.33E-05	3.33E-05	6.67E-05	1.67E-04	4.64E-05	3.33E-05	1.00E-04	1.33E-04	4.45E-05	1.18E-06	3.33E-05	1.33E-04	9.45E-06	6.67E-05	6.67E-05	6.67E-05	3.33E-05	6.66E-07	3.93E-05	4.44E-05	5.50E-07	1.33E-04	0.00522	6.67E-05	MAX	0.000406	7.20E-06	3.33E-05	1.78E-08	3.33E-05	3.33E-05	3.33E-05	      NA	MAX	      NA	      NA	      NA	      NA	      NA	   NA	      NA	      NA	     NA	     NA
HCC1143	6.67E-05	3.33E-05	6.69E-05	5.04E-05	1.12E-04	9.70E-07	3.33E-04	1.39E-08	3.33E-05	1.89E-03	1.87E-02	3.95E-05	4.70E-05	1.00E-04	3.33E-05	2.92E-03	1.67E-04	1.67E-04	8.85E-06	3.10E-04	1.00E-05	8.27E-05	9.79E-06	1.00E-04	7.38E-05	3.33E-07	3.33E-05	1.67E-04	7.47E-05	6.67E-05	4.16E-08	6.85E-07	1.77E-05	5.00E-05	9.64E-06	4.34E-06	5.18E-06	1.00E-04	1.33E-04	3.33E-05	1.45E-04	3.33E-05	5.00E-03	6.67E-05	5.13E-07	4.95E-07	2.00E-04	1.50E-05	1.00E-04	3.33E-05	3.33E-06	1.67E-04	2.88E-06	3.33E-05	5.00E-05	3.33E-05	5.00E-05	1.00E-04	6.67E-05	1.67E-04	3.82E-04	6.67E-05	1.00E-04	1.33E-04	6.67E-05	1.23E-06	1.00E-04	1.33E-04	9.04E-06	1.08E-05	6.67E-05	6.67E-05	3.33E-05	1.86E-06	4.04E-05	3.28E-05	4.69E-07	1.33E-04	MAX	6.67E-05	0.002032	MAX	7.20E-06	3.33E-05	       NA	3.33E-05	3.33E-05	3.33E-05	      NA	MAX	      NA	      NA	      NA	      NA	      NA	   NA	      NA	      NA	     NA	     NA
SUM229PE	6.67E-05	3.33E-05	2.77E-05	3.68E-05	1.03E-05	3.94E-07	3.33E-04	1.88E-07	3.33E-05	1.89E-03	4.91E-04	3.77E-06	1.54E-05	1.00E-04	3.33E-05	2.92E-03	1.67E-04	3.33E-05	1.60E-05	1.35E-03	1.00E-05	6.29E-04	1.66E-05	5.81E-06	2.99E-05	9.20E-05	1.43E-05	1.67E-04	1.00E-03	6.67E-05	8.82E-09	6.85E-07	4.49E-05	5.00E-05	5.61E-06	6.95E-06	5.85E-06	1.00E-04	1.33E-04	3.33E-05	1.45E-04	3.33E-05	5.00E-03	6.67E-05	3.53E-07	1.33E-07	2.00E-04	1.33E-04	5.00E-05	3.33E-05	3.33E-06	1.06E-04	1.09E-04	3.33E-05	3.33E-05	3.33E-05	3.33E-05	3.33E-05	5.24E-05	1.67E-04	3.21E-04	3.33E-05	1.40E-05	1.33E-04	6.67E-05	1.72E-04	3.33E-05	9.44E-05	3.34E-06	1.46E-05	1.33E-04	4.70E-05	1.93E-05	1.30E-06	9.30E-05	5.21E-05	5.50E-07	       NA	0.00665	6.67E-05	0.001069	0.00207	     NA	      NA	5.06E-08	      NA	      NA	      NA	6.65E-05	MAX	      NA	      NA	      NA	      NA	      NA	   NA	      NA	      NA	     NA	MAX
BT549	6.67E-05	3.33E-05	9.17E-05	1.50E-05	1.31E-05	1.25E-06	3.33E-04	1.01E-08	3.33E-05	1.89E-03	4.14E-03	1.17E-06	1.25E-05	1.00E-04	3.33E-05	2.92E-03	1.67E-04	3.64E-05	1.70E-05	9.97E-05	1.00E-05	2.79E-05	2.28E-05	1.00E-04	2.10E-05	6.80E-07	3.33E-05	1.67E-04	3.33E-04	6.67E-05	1.41E-08	6.85E-07	3.80E-05	5.00E-05	1.85E-05	5.02E-06	5.76E-06	8.59E-06	1.33E-04	4.64E-05	7.22E-03	3.33E-05	5.00E-03	3.33E-05	1.02E-06	1.18E-07	2.00E-04	1.33E-04	5.00E-05	1.64E-06	3.33E-06	1.67E-04	4.79E-08	6.67E-05	5.00E-05	3.33E-05	3.33E-05	5.00E-05	6.67E-05	1.67E-04	2.14E-08	6.67E-05	6.30E-06	1.33E-04	6.67E-05	5.96E-07	1.00E-04	1.33E-04	1.06E-05	6.38E-06	6.67E-05	6.67E-05	2.72E-05	5.72E-07	       NA	       NA	       NA	2.00E-04	0.00979	6.67E-05	0.00174	MAX	7.20E-06	3.33E-05	       NA	3.33E-05	3.33E-05	3.33E-05	      NA	MAX	      NA	      NA	      NA	      NA	      NA	   NA	      NA	      NA	     NA	     NA
MDAMB361	6.67E-05	3.33E-05	6.33E-05	1.92E-05	8.37E-05	1.58E-07	3.33E-04	1.33E-04	3.33E-05	1.89E-03	1.98E-04	2.59E-05	6.44E-05	2.66E-08	3.33E-05	2.92E-03	1.67E-04	1.67E-04	2.08E-05	5.36E-04	1.00E-05	8.89E-05	3.33E-05	1.17E-07	8.53E-05	1.06E-06	3.33E-05	1.67E-04	1.00E-03	6.67E-05	8.53E-08	6.85E-07	1.17E-05	5.00E-05	5.53E-06	9.44E-06	2.97E-06	1.67E-04	1.33E-04	4.00E-05	1.45E-04	3.33E-05	5.00E-03	5.61E-05	9.50E-08	5.71E-07	2.00E-04	5.50E-05	1.00E-04	1.16E-06	3.33E-06	1.67E-04	5.00E-05	6.67E-05	5.00E-05	6.67E-05	3.33E-05	3.81E-05	6.67E-05	1.31E-04	9.11E-07	6.67E-05	1.00E-04	1.33E-04	3.57E-05	4.32E-07	1.00E-04	4.02E-05	9.23E-06	9.66E-07	1.33E-04	6.08E-05	2.31E-05	8.67E-06	       NA	       NA	       NA	1.33E-04	0.00562	       NA	0.00642	0.0021592	     NA	3.33E-05	1.73E-06	3.33E-05	3.33E-05	3.33E-05	1.70E-05	0.0000897	6.67E-05	3.33E-05	3.33E-05	3.33E-05	1.33E-04	   NA	      NA	      NA	MAX	     NA
HCC1419	6.67E-05	3.33E-05	4.69E-05	6.21E-05	3.33E-04	7.86E-07	3.33E-04	3.63E-08	3.33E-05	1.89E-03	5.86E-04	2.43E-05	6.58E-05	1.69E-07	3.33E-05	2.92E-03	1.67E-04	6.69E-05	2.62E-05	3.02E-04	1.00E-05	1.36E-04	8.12E-06	6.07E-07	8.53E-05	3.07E-06	2.13E-05	1.67E-04	1.00E-03	6.67E-05	8.74E-08	6.85E-07	2.20E-05	5.00E-05	1.29E-05	7.67E-06	1.40E-05	1.67E-04	1.33E-04	1.00E-04	7.22E-04	3.33E-05	5.00E-03	3.33E-05	4.67E-07	6.61E-07	2.00E-04	7.79E-05	1.00E-04	3.33E-05	3.33E-06	1.67E-04	3.57E-06	6.67E-05	5.00E-05	3.33E-05	3.33E-05	5.00E-05	6.67E-05	6.08E-05	1.64E-05	6.67E-05	4.56E-05	1.33E-04	6.67E-05	1.58E-06	1.00E-04	3.55E-05	1.03E-05	2.20E-07	1.33E-04	6.67E-05	1.83E-05	       NA	       NA	       NA	       NA	2.00E-04	0.00665	       NA	0.0203	0.00572	7.20E-06	3.33E-05	1.66E-06	3.33E-05	3.33E-05	3.33E-05	5.87E-05	MAX	      NA	      NA	      NA	      NA	      NA	   NA	      NA	      NA	     NA	MAX
SUM52PE	6.67E-05	3.33E-05	1.18E-04	9.35E-06	3.35E-05	8.01E-07	3.33E-04	1.27E-08	3.33E-05	1.89E-03	2.18E-04	3.95E-05	1.30E-05	1.00E-04	3.33E-05	2.92E-03	1.67E-04	3.33E-05	6.87E-06	1.44E-04	1.00E-05	5.41E-05	3.33E-05	1.18E-06	8.67E-06	3.89E-07	3.33E-05	1.67E-04	9.31E-04	3.03E-06	6.67E-05	6.85E-07	1.52E-05	5.00E-05	5.22E-06	6.57E-06	3.83E-06	7.60E-05	1.33E-04	1.74E-05	1.45E-04	3.33E-05	5.00E-03	6.67E-05	3.03E-07	1.13E-07	2.00E-04	1.33E-04	1.00E-04	7.04E-06	3.33E-06	1.43E-04	1.54E-07	3.33E-05	5.00E-05	6.67E-05	2.77E-05	3.08E-05	6.67E-05	1.67E-04	7.14E-05	6.67E-05	2.55E-05	1.33E-04	3.08E-05	8.40E-07	1.00E-04	3.85E-05	6.40E-06	1.06E-05	6.67E-05	3.54E-05	       NA	6.70E-07	2.19E-05	2.13E-05	5.50E-07	1.33E-04	0.004683	6.67E-05	0.00249	0.0020319	     NA	      NA	       NA	      NA	      NA	      NA	      NA	MAX	      NA	      NA	      NA	      NA	      NA	   NA	      NA	      NA	     NA	     NA
HCC1187	6.67E-05	3.33E-05	6.52E-05	7.84E-06	8.42E-06	4.54E-08	3.33E-04	9.21E-09	1.18E-08	1.89E-03	8.53E-05	2.79E-09	6.13E-06	1.00E-04	3.33E-05	2.92E-03	1.67E-04	3.33E-05	1.09E-05	5.31E-05	1.93E-08	4.63E-06	1.39E-05	1.00E-04	7.38E-05	2.72E-07	3.33E-05	1.63E-04	1.28E-04	4.63E-07	3.32E-09	6.85E-07	2.52E-05	5.00E-05	1.64E-05	2.98E-06	3.10E-06	4.94E-05	1.33E-04	1.00E-04	1.45E-04	3.33E-05	5.00E-03	6.67E-05	2.98E-07	2.85E-07	2.00E-04	1.70E-05	1.00E-04	1.45E-06	3.33E-06	7.01E-05	1.09E-04	3.33E-05	3.33E-05	6.67E-05	3.33E-05	1.00E-04	6.67E-05	1.67E-04	3.11E-08	3.33E-05	1.00E-04	1.82E-06	3.86E-05	9.92E-07	3.33E-05	9.23E-05	9.91E-06	       NA	1.33E-04	       NA	2.76E-05	       NA	       NA	       NA	       NA	1.08E-06	0.00631	       NA	0.000525	0.0018784	     NA	      NA	       NA	      NA	      NA	      NA	      NA	MAX	6.67E-05	3.33E-05	3.33E-05	      NA	1.33E-04	1.00E-04	3.33E-05	      NA	MAX	     NA
HCC3153	6.67E-05	3.33E-05	7.44E-05	5.68E-05	1.34E-05	6.80E-07	3.33E-04	3.53E-08	3.33E-05	1.89E-03	8.32E-04	5.20E-08	2.97E-05	1.00E-04	3.33E-05	2.92E-03	1.67E-04	3.33E-05	2.13E-05	1.22E-04	1.00E-05	1.01E-04	1.33E-05	1.00E-04	7.24E-05	1.96E-06	3.33E-05	1.67E-04	3.33E-04	6.67E-05	1.27E-08	6.85E-07	4.98E-05	5.00E-05	1.86E-05	5.36E-06	8.53E-06	1.00E-04	1.33E-04	2.80E-05	1.45E-04	3.33E-05	5.00E-03	6.67E-05	1.39E-06	2.51E-07	2.00E-04	1.55E-05	1.00E-04	1.20E-06	3.33E-06	1.67E-04	3.70E-06	3.33E-05	3.33E-05	3.33E-05	3.33E-05	1.00E-04	6.67E-05	1.67E-04	4.64E-05	3.33E-05	2.23E-05	1.33E-04	2.64E-05	1.67E-06	3.33E-05	8.62E-05	7.70E-06	       NA	1.33E-04	4.26E-05	6.67E-05	6.48E-07	7.06E-05	6.62E-05	5.50E-07	1.33E-04	0.005267	1.95E-07	0.000994	MAX	     NA	3.33E-05	4.11E-08	3.33E-05	3.33E-05	3.33E-05	1.55E-05	MAX	6.67E-05	3.33E-05	3.33E-05	      NA	1.33E-04	   NA	      NA	      NA	MAX	     NA
HS578T	6.67E-05	3.33E-05	9.84E-05	5.59E-05	1.53E-05	1.30E-06	3.33E-04	2.57E-08	2.58E-08	1.89E-03	8.95E-04	3.95E-05	3.55E-05	5.09E-06	3.33E-05	2.92E-03	1.67E-04	1.67E-04	1.31E-05	1.93E-04	1.84E-08	1.37E-04	2.34E-05	5.07E-06	6.59E-05	5.14E-06	3.33E-05	6.62E-05	1.00E-03	6.67E-05	2.64E-08	6.85E-07	4.14E-05	5.00E-05	1.27E-05	4.59E-06	5.28E-06	1.00E-04	6.67E-05	3.33E-05	1.45E-04	3.33E-05	5.00E-03	3.33E-05	3.58E-07	4.64E-07	2.00E-04	1.33E-04	5.00E-05	2.96E-06	3.33E-06	1.67E-04	1.09E-04	3.33E-05	3.33E-05	6.67E-05	3.33E-05	8.56E-06	4.29E-05	1.67E-04	5.07E-08	3.33E-05	6.14E-06	1.33E-04	6.67E-05	2.01E-06	3.33E-05	1.21E-04	5.46E-06	       NA	6.67E-05	       NA	2.52E-05	9.77E-07	5.55E-05	5.14E-05	5.50E-07	1.33E-04	MAX	5.32E-07	0.00122	0.0011446	     NA	      NA	2.88E-07	      NA	      NA	      NA	1.45E-05	0.000101	      NA	      NA	      NA	      NA	      NA	   NA	      NA	      NA	     NA	MAX
MCF7	6.67E-05	3.33E-05	5.30E-05	2.73E-05	3.33E-04	7.34E-07	3.33E-04	1.86E-07	3.33E-05	1.89E-03	3.45E-04	3.95E-05	1.73E-04	1.00E-04	3.33E-05	2.92E-03	1.67E-04	3.33E-05	1.10E-05	1.35E-03	1.00E-05	2.49E-04	3.33E-05	1.00E-04	7.14E-05	4.85E-05	3.33E-05	6.53E-05	4.71E-04	6.67E-05	1.08E-05	6.85E-07	1.09E-05	5.00E-05	4.09E-06	9.13E-06	1.01E-05	1.00E-04	1.33E-04	3.33E-05	1.45E-04	3.33E-05	5.00E-03	3.33E-05	3.18E-07	1.54E-06	2.00E-04	1.31E-05	5.00E-05	4.43E-06	3.33E-06	1.67E-04	3.65E-05	3.33E-05	3.33E-05	3.33E-05	3.33E-05	3.33E-05	6.67E-05	1.67E-04	2.41E-05	3.33E-05	1.00E-04	1.33E-04	3.35E-05	7.86E-05	3.33E-05	9.75E-05	       NA	       NA	      NA	6.67E-05	       NA	1.45E-06	6.78E-05	7.75E-05	5.41E-07	1.33E-04	0.0088	5.49E-07	0.00482	0.0069526	7.20E-06	3.33E-05	6.91E-07	3.33E-05	3.33E-05	3.33E-05	3.22E-05	0.000216	      NA	      NA	      NA	      NA	      NA	   NA	      NA	      NA	     NA	MAX
MDAMB415	6.67E-05	3.33E-05	3.32E-05	7.83E-05	3.33E-04	4.36E-07	3.33E-04	5.70E-08	3.33E-05	1.89E-03	2.09E-03	5.97E-05	2.05E-04	2.18E-06	3.33E-05	2.92E-03	1.67E-04	1.67E-04	9.50E-06	4.43E-04	1.00E-05	1.16E-04	2.19E-05	1.58E-07	3.00E-05	1.83E-06	3.33E-05	1.67E-04	4.38E-04	6.67E-05	2.86E-07	6.85E-07	1.04E-05	5.00E-05	2.98E-06	8.90E-06	2.76E-06	3.92E-05	1.33E-04	1.91E-05	1.45E-04	3.33E-05	5.00E-03	3.33E-05	1.60E-07	1.27E-06	2.00E-04	2.79E-05	5.00E-05	9.36E-06	3.33E-06	9.57E-05	1.53E-05	6.67E-05	5.00E-05	3.33E-05	3.33E-05	5.00E-05	3.43E-05	1.67E-04	3.20E-05	3.33E-05	3.33E-05	1.33E-04	6.67E-05	5.26E-06	1.00E-04	4.29E-05	       NA	3.67E-06	      NA	6.67E-05	       NA	5.48E-06	3.66E-05	3.86E-05	5.50E-07	2.00E-04	0.004999	2.85E-06	      NA	0.00434	7.20E-06	      NA	9.94E-08	      NA	      NA	      NA	2.01E-05	0.0006087	      NA	      NA	      NA	      NA	      NA	   NA	      NA	      NA	     NA	MAX
MDAMB175VII	4.26E-05	3.33E-05	3.00E-05	5.05E-05	3.33E-04	4.50E-07	3.33E-04	4.15E-08	3.33E-05	1.89E-03	9.18E-04	9.36E-06	3.40E-05	1.00E-04	3.33E-05	3.44E-17	1.67E-04	1.67E-04	1.35E-05	1.88E-04	1.00E-05	6.29E-05	2.36E-05	1.73E-07	7.38E-05	8.62E-05	2.44E-06	1.67E-04	2.15E-04	6.67E-05	2.98E-08	6.85E-07	1.39E-05	5.00E-05	2.18E-05	1.54E-05	2.60E-05	1.00E-04	1.33E-04	2.66E-05	1.45E-04	3.33E-05	5.00E-03	5.93E-05	1.49E-06	5.47E-07	2.00E-04	1.33E-04	1.00E-04	3.33E-05	3.33E-06	1.67E-04	5.78E-05	3.33E-05	5.00E-05	6.67E-05	4.62E-05	6.01E-05	6.67E-05	4.70E-06	1.69E-05	6.67E-05	2.47E-05	1.33E-04	6.67E-05	1.49E-05	7.15E-05	7.45E-05	       NA	1.31E-07	      NA	6.67E-05	       NA	1.86E-06	3.22E-05	3.29E-05	5.50E-07	1.33E-04	0.00785	4.31E-07	0.00878	0.0022	     NA	      NA	       NA	      NA	      NA	      NA	      NA	0.000241	6.67E-05	3.33E-05	3.33E-05	      NA	1.33E-04	   NA	      NA	      NA	     NA	     NA
AU565	4.88E-05	3.33E-05	4.51E-05	7.77E-06	2.96E-06	5.09E-07	3.33E-04	8.86E-09	1.19E-08	1.89E-03	1.96E-04	9.02E-09	2.48E-06	1.00E-04	3.31E-06	2.92E-03	1.67E-04	1.67E-04	1.50E-05	5.92E-05	1.23E-08	1.89E-05	3.33E-05	1.00E-04	5.86E-06	4.83E-07	7.29E-06	9.08E-05	1.00E-03	4.84E-05	5.83E-09	6.85E-07	1.97E-05	5.00E-05	8.23E-06	5.45E-06	2.08E-06	1.00E-04	6.67E-05	3.33E-05	3.12E-08	3.33E-05	5.00E-03	3.33E-05	2.33E-07	2.79E-07	2.00E-04	5.94E-06	5.00E-05	4.78E-07	3.33E-06	1.39E-04	4.03E-08	3.33E-05	3.33E-05	3.33E-05	3.33E-05	3.33E-05	6.67E-05	4.70E-05	7.72E-09	3.33E-05	1.24E-05	9.56E-07	4.76E-05	3.48E-07	3.33E-05	       NA	1.01E-05	       NA	6.67E-05	       NA	3.33E-05	6.98E-07	3.28E-05	3.58E-05	1.69E-07	1.33E-04	0.00373	4.62E-07	0.001005	MAX	7.20E-06	3.33E-05	       NA	3.33E-05	3.33E-05	3.33E-05	      NA	MAX	      NA	      NA	      NA	      NA	      NA	   NA	      NA	      NA	     NA	     NA
SUM159PT	6.67E-05	3.33E-05	2.28E-05	2.79E-05	1.51E-05	1.80E-06	3.33E-04	3.59E-08	1.59E-06	3.46E-44	9.21E-04	3.95E-05	1.62E-05	3.69E-08	3.33E-05	2.92E-03	1.67E-04	1.67E-04	7.74E-06	7.45E-05	1.00E-05	2.59E-05	2.90E-05	2.99E-06	7.38E-05	5.52E-06	3.27E-05	1.67E-04	1.06E-04	6.67E-05	4.87E-09	6.85E-07	2.37E-05	5.00E-05	5.67E-06	3.26E-06	5.64E-06	6.62E-05	1.33E-04	1.00E-04	7.22E-04	3.33E-05	5.00E-03	6.67E-05	7.23E-07	1.12E-07	2.00E-04	1.33E-04	1.00E-04	3.65E-06	3.33E-06	1.67E-04	1.09E-04	1.54E-05	3.33E-05	3.33E-05	3.33E-05	1.00E-04	6.08E-05	1.56E-04	9.06E-07	3.33E-05	1.21E-05	1.40E-05	6.67E-05	8.25E-06	3.33E-05	       NA	2.73E-06	1.28E-05	1.33E-04	6.67E-05	2.18E-05	2.61E-07	       NA	       NA	       NA	       NA	0.00907	2.47E-06	      NA	MAX	     NA	3.33E-05	       NA	3.33E-05	3.33E-05	3.33E-05	      NA	MAX	6.67E-05	3.33E-05	3.33E-05	      NA	1.33E-04	   NA	      NA	      NA	MAX	     NA
SKBR3	6.67E-05	3.33E-05	4.62E-05	2.03E-05	1.42E-05	1.62E-06	3.33E-04	2.86E-08	4.31E-08	1.89E-03	1.60E-04	2.73E-08	6.14E-05	1.00E-04	8.79E-06	2.92E-03	1.67E-04	1.67E-04	1.96E-05	4.55E-05	3.22E-08	1.85E-05	2.83E-05	1.00E-04	4.49E-05	5.11E-07	3.33E-05	1.67E-04	1.00E-03	6.67E-05	2.21E-08	6.85E-07	4.98E-05	5.00E-05	1.66E-05	4.20E-06	5.78E-06	1.00E-04	1.33E-04	3.33E-05	1.45E-04	3.33E-05	5.00E-03	6.67E-05	7.09E-08	5.46E-07	2.00E-04	2.28E-05	1.00E-04	2.56E-06	3.33E-06	1.67E-04	3.87E-07	3.33E-05	5.00E-05	3.33E-05	5.00E-05	1.00E-04	4.75E-05	1.87E-05	2.02E-08	6.67E-05	2.72E-05	       NA	6.67E-05	       NA	1.00E-04	1.33E-04	9.07E-06	6.89E-08	6.67E-05	6.67E-05	1.53E-05	2.08E-06	4.33E-05	4.09E-05	2.35E-07	1.33E-04	0.0036	6.67E-05	0.00154	MAX	7.20E-06	3.33E-05	       NA	3.33E-05	3.33E-05	3.33E-05	      NA	MAX	      NA	      NA	      NA	      NA	      NA	   NA	      NA	      NA	     NA	     NA
MDAMB453	6.67E-05	3.33E-05	3.66E-05	8.32E-06	3.33E-04	4.75E-07	3.33E-04	6.24E-08	3.33E-05	1.89E-03	8.94E-05	3.95E-05	3.31E-05	3.60E-08	3.33E-05	2.92E-03	1.67E-04	3.33E-05	3.58E-05	2.08E-04	1.00E-05	6.07E-05	2.23E-05	1.46E-07	5.54E-05	5.40E-07	3.33E-05	1.67E-04	1.00E-03	6.67E-05	8.55E-07	6.85E-07	9.08E-06	5.00E-05	4.89E-06	7.08E-06	1.51E-06	1.67E-04	1.33E-04	5.76E-05	1.45E-04	2.69E-07	5.00E-03	3.33E-05	6.31E-08	5.05E-07	2.00E-04	1.18E-05	5.00E-05	2.09E-06	3.33E-06	6.63E-05	1.76E-06	6.67E-05	5.00E-05	3.33E-05	3.33E-05	5.00E-05	6.67E-05	1.67E-04	1.78E-09	6.67E-05	       NA	1.33E-04	4.02E-05	8.67E-07	1.00E-04	       NA	7.54E-06	3.72E-06	6.67E-05	6.67E-05	2.66E-05	2.16E-06	3.79E-05	3.50E-05	3.84E-07	2.00E-04	0.00317	7.36E-07	0.00742	MAX	7.20E-06	      NA	4.69E-07	      NA	      NA	3.33E-05	1.39E-05	0.000275	      NA	      NA	      NA	3.33E-05	      NA	   NA	      NA	      NA	     NA	MAX
HCC1806	6.67E-05	3.33E-05	2.00E-05	3.47E-05	1.08E-04	7.62E-07	3.33E-04	6.10E-08	1.30E-08	1.89E-03	7.21E-04	1.03E-06	7.81E-05	1.00E-04	3.33E-05	1.32E-07	1.67E-04	1.67E-04	1.20E-05	7.65E-05	4.60E-09	5.20E-05	9.94E-06	2.55E-07	1.99E-05	7.84E-07	3.33E-05	1.67E-04	7.60E-05	6.67E-05	1.53E-07	6.85E-07	2.07E-05	5.00E-05	4.55E-07	6.32E-06	5.74E-06	1.00E-04	1.33E-04	3.33E-05	1.08E-06	3.33E-05	5.00E-03	3.33E-05	6.19E-07	5.73E-07	2.00E-04	2.23E-05	5.00E-05	1.39E-06	3.33E-06	6.74E-05	2.32E-07	3.33E-05	5.00E-05	3.33E-05	3.38E-05	1.00E-04	       NA	1.67E-04	7.80E-07	6.67E-05	1.00E-04	1.33E-04	2.02E-05	7.98E-07	      NA	1.12E-04	2.58E-06	1.22E-05	6.67E-05	6.67E-05	8.98E-06	2.81E-06	9.70E-05	7.20E-05	5.50E-07	1.33E-04	0.0131	7.15E-06	0.000954	0.0047478	7.20E-06	3.33E-05	1.79E-07	3.33E-05	3.33E-05	3.33E-05	1.84E-05	MAX	      NA	      NA	      NA	      NA	      NA	   NA	      NA	      NA	     NA	MAX
MDAMB231	6.67E-05	3.33E-05	5.18E-05	4.37E-05	2.42E-05	6.42E-07	3.33E-04	5.21E-08	3.33E-05	1.89E-03	3.73E-04	1.97E-04	5.52E-05	1.00E-04	3.33E-05	2.92E-03	1.67E-04	1.67E-04	1.19E-05	1.35E-03	1.00E-05	6.29E-04	2.50E-05	1.00E-04	8.53E-05	9.97E-06	3.33E-05	1.67E-04	1.00E-03	6.67E-05	7.28E-08	6.85E-07	1.87E-05	5.00E-05	3.33E-05	8.98E-06	5.45E-06	1.67E-04	1.33E-04	9.45E-05	1.45E-04	3.33E-05	5.00E-03	3.33E-05	4.80E-07	6.24E-07	2.00E-04	1.33E-04	5.00E-05	1.94E-06	3.33E-06	1.67E-04	1.09E-04	6.67E-05	      NA	3.33E-05	3.33E-05	5.00E-05	6.67E-05	1.67E-04	4.64E-05	6.67E-05	3.33E-05	1.33E-04	       NA	8.41E-07	      NA	       NA	8.48E-06	3.83E-06	1.33E-04	6.67E-05	1.61E-05	2.27E-06	9.03E-05	4.01E-05	5.50E-07	       NA	MAX	       NA	MAX	MAX	7.20E-06	3.33E-05	1.30E-06	3.33E-05	3.33E-05	      NA	4.11E-05	0.001045	      NA	      NA	      NA	3.33E-05	      NA	   NA	      NA	      NA	     NA	MAX
T47D	6.67E-05	3.33E-05	5.51E-05	1.22E-05	3.33E-04	1.23E-06	3.33E-04	1.36E-08	3.33E-05	1.89E-03	1.99E-04	3.95E-05	2.30E-04	4.03E-08	3.33E-05	2.92E-03	1.67E-04	1.00E-04	1.98E-05	1.16E-03	1.00E-05	9.32E-05	3.33E-05	1.00E-04	7.38E-05	3.94E-07	3.33E-05	1.67E-04	1.00E-03	6.67E-05	9.48E-09	6.85E-07	6.67E-05	5.00E-05	3.33E-05	8.25E-06	3.58E-06	1.00E-04	6.67E-05	3.33E-05	7.22E-04	3.33E-05	5.00E-03	3.33E-05	2.98E-07	1.38E-07	2.00E-04	1.33E-04	5.00E-05	3.33E-05	3.33E-06	1.67E-04	       NA	3.33E-05	3.33E-05	3.33E-05	3.33E-05	3.33E-05	6.67E-05	1.67E-04	2.08E-05	3.33E-05	       NA	1.33E-04	6.67E-05	       NA	3.33E-05	1.33E-04	3.61E-06	       NA	1.33E-04	6.67E-05	1.71E-05	9.45E-07	2.03E-05	1.92E-05	4.76E-07	1.33E-04	0.00385	5.78E-06	0.00273	       NA	     NA	      NA	       NA	      NA	      NA	      NA	      NA	MAX	      NA	      NA	      NA	      NA	      NA	   NA	      NA	      NA	     NA	     NA
HCC2185	6.67E-05	3.33E-05	5.04E-05	3.63E-05	3.33E-04	5.15E-07	3.33E-04	2.38E-08	3.33E-05	1.89E-03	2.07E-04	5.92E-05	1.56E-05	4.06E-08	3.33E-05	2.92E-03	1.67E-04	1.67E-04	2.64E-05	1.79E-04	1.00E-05	4.40E-05	1.50E-05	1.00E-06	8.53E-05	2.68E-06	3.33E-05	1.67E-04	1.78E-04	6.67E-05	6.75E-09	6.85E-07	2.31E-05	5.00E-05	7.21E-06	3.33E-06	2.48E-06	1.00E-04	1.33E-04	3.33E-05	1.45E-04	3.33E-05	5.00E-03	6.67E-05	1.96E-07	4.59E-07	2.00E-04	1.13E-04	1.00E-04	3.33E-05	      NA	1.67E-04	1.09E-04	3.33E-05	5.00E-05	3.33E-05	3.33E-05	1.00E-04	6.67E-05	1.67E-04	2.55E-05	6.67E-05	1.00E-04	7.05E-06	3.68E-05	3.93E-06	1.00E-04	8.77E-05	1.00E-05	9.63E-06	6.67E-05	5.84E-05	       NA	       NA	       NA	       NA	       NA	1.33E-04	0.004188	       NA	0.00157	MAX	7.20E-06	3.33E-05	       NA	3.33E-05	      NA	3.33E-05	      NA	MAX	      NA	      NA	      NA	      NA	      NA	   NA	      NA	      NA	     NA	     NA
HCC1954	6.67E-05	3.33E-05	2.61E-05	3.56E-05	1.64E-05	6.37E-07	3.33E-04	1.41E-08	2.63E-08	1.89E-03	9.60E-04	6.27E-09	2.14E-05	1.00E-04	3.33E-05	2.92E-03	1.67E-04	1.67E-04	5.72E-05	9.38E-05	1.20E-08	5.14E-05	3.33E-05	1.00E-04	5.21E-05	1.62E-06	2.29E-05	1.67E-04	1.00E-03	6.67E-05	2.70E-08	6.85E-07	1.66E-05	5.00E-05	9.58E-06	1.96E-05	1.68E-05	1.00E-04	1.33E-04	2.67E-05	1.45E-04	3.33E-05	5.00E-03	6.67E-05	2.00E-06	       NA	2.00E-04	1.33E-04	5.00E-05	3.33E-05	3.33E-06	1.67E-04	1.72E-06	3.33E-05	3.33E-05	3.33E-05	3.33E-05	3.33E-05	6.67E-05	1.67E-04	3.86E-07	3.33E-05	1.27E-05	1.33E-04	6.67E-05	1.23E-06	3.33E-05	1.33E-04	4.58E-06	3.62E-06	1.33E-04	       NA	2.71E-05	1.65E-06	5.39E-05	4.27E-05	5.50E-07	       NA	0.0128	6.67E-05	      NA	0.0011007	7.20E-06	      NA	       NA	      NA	      NA	      NA	      NA	MAX	      NA	      NA	      NA	      NA	      NA	   NA	      NA	      NA	     NA	     NA
184A1	6.67E-05	3.33E-05	4.67E-05	1.17E-04	1.26E-04	1.07E-06	3.33E-04	2.24E-07	3.33E-05	1.89E-03	6.97E-03	2.14E-06	7.92E-06	1.00E-04	7.53E-06	2.92E-03	1.67E-04	1.67E-04	1.25E-05	4.15E-05	1.00E-05	1.57E-05	7.40E-06	6.15E-08	1.40E-05	5.45E-07	9.07E-06	1.67E-04	7.98E-06	6.67E-05	       NA	6.85E-07	3.82E-05	5.00E-05	1.73E-06	1.95E-06	7.46E-06	1.67E-04	1.33E-04	1.00E-04	5.68E-05	3.33E-05	5.00E-03	3.33E-05	3.02E-06	3.13E-07	2.00E-04	1.33E-04	5.00E-05	3.33E-05	3.33E-06	1.80E-05	1.09E-04	6.67E-05	5.00E-05	3.33E-05	2.47E-05	5.00E-05	6.67E-05	       NA	       NA	6.67E-05	3.33E-05	1.33E-04	2.26E-05	1.17E-06	1.00E-04	2.51E-05	5.03E-06	1.82E-06	6.67E-05	2.93E-05	3.33E-05	       NA	       NA	       NA	       NA	2.00E-04	0.0136	       NA	      NA	0.0005552	7.20E-06	3.33E-05	4.09E-08	3.33E-05	3.33E-05	1.52E-05	      NA	0.000426	      NA	      NA	      NA	      NA	      NA	   NA	      NA	      NA	     NA	     NA
600MPE	6.67E-05	3.33E-05	3.12E-05	4.08E-05	3.33E-04	4.94E-07	3.33E-04	6.18E-07	3.33E-05	1.89E-03	6.98E-04	1.97E-04	6.28E-05	1.00E-04	3.33E-05	2.92E-03	1.67E-04	1.67E-04	8.83E-06	4.70E-04	1.00E-05	1.27E-04	2.36E-05	1.00E-04	7.38E-05	1.24E-05	3.33E-05	1.67E-04	3.58E-04	6.67E-05	       NA	6.85E-07	2.37E-05	5.00E-05	5.22E-06	5.92E-06	2.12E-05	1.00E-04	1.33E-04	3.33E-05	1.45E-04	3.33E-05	5.00E-03	3.33E-05	9.95E-07	6.46E-07	2.00E-04	2.67E-05	5.00E-05	1.60E-06	3.33E-06	1.00E-04	       NA	3.33E-05	5.00E-05	3.33E-05	3.60E-05	1.00E-04	6.97E-06	1.61E-04	4.18E-05	6.67E-05	1.00E-04	1.33E-04	       NA	       NA	1.00E-04	1.27E-04	1.05E-05	7.35E-06	6.67E-05	6.67E-05	2.18E-05	2.97E-06	8.91E-05	6.60E-05	5.50E-07	1.33E-04	MAX	6.67E-05	0.00165	0.00111	     NA	3.33E-05	2.80E-07	3.33E-05	3.33E-05	3.33E-05	1.95E-05	MAX	      NA	      NA	      NA	      NA	      NA	   NA	      NA	      NA	     NA	     NA
BT483	6.67E-05	3.33E-05	2.15E-04	7.50E-05	3.33E-04	1.53E-07	3.33E-04	1.67E-04	3.33E-05	1.89E-03	1.06E-03	2.19E-05	2.02E-04	1.00E-04	3.33E-05	2.92E-03	1.67E-04	1.67E-04	2.72E-05	6.46E-04	1.00E-05	6.29E-04	2.66E-05	2.94E-05	8.53E-05	5.96E-05	3.33E-05	1.67E-04	7.51E-04	6.67E-05	       NA	6.85E-07	6.67E-05	5.00E-05	3.33E-05	8.77E-06	1.19E-05	8.62E-05	1.33E-04	3.33E-05	7.22E-03	3.33E-05	5.00E-03	6.67E-05	8.03E-07	6.22E-06	2.00E-04	1.33E-04	1.00E-04	3.33E-05	3.33E-06	1.20E-04	4.23E-05	3.33E-05	5.00E-05	6.67E-05	5.00E-05	1.00E-04	6.67E-05	1.67E-04	6.04E-06	      NA	1.00E-04	1.33E-04	       NA	3.82E-05	1.00E-04	4.26E-05	       NA	1.84E-05	      NA	5.54E-05	       NA	       NA	       NA	       NA	       NA	1.33E-04	0.008496	       NA	      NA	0.00606	7.20E-06	      NA	1.34E-07	      NA	      NA	      NA	      NA	MAX	      NA	      NA	      NA	      NA	      NA	   NA	      NA	      NA	     NA	     NA
HCC1395	6.67E-05	3.33E-05	3.57E-05	8.51E-05	3.33E-04	9.10E-07	3.33E-04	2.46E-08	3.33E-05	1.89E-03	1.45E-03	3.95E-05	8.05E-06	1.00E-04	3.33E-05	2.92E-03	1.67E-04	1.59E-04	1.25E-05	7.14E-05	1.00E-05	5.89E-05	3.33E-05	2.64E-05	2.99E-05	3.69E-06	3.33E-05	1.67E-04	2.74E-04	6.67E-05	       NA	6.85E-07	2.66E-05	5.00E-05	5.57E-06	3.91E-06	9.53E-06	1.67E-04	1.33E-04	2.84E-05	1.45E-04	3.33E-05	5.00E-03	6.67E-05	1.44E-06	5.74E-07	2.00E-04	1.80E-05	1.00E-04	1.32E-06	3.33E-06	1.67E-04	1.04E-06	6.67E-05	5.00E-05	3.33E-05	4.31E-05	3.41E-05	6.67E-05	1.31E-04	1.55E-08	6.67E-05	3.91E-06	1.33E-04	3.34E-05	5.30E-06	1.00E-04	6.77E-05	5.83E-06	7.47E-06	6.67E-05	5.97E-05	1.97E-05	       NA	7.88E-05	8.03E-05	5.50E-07	6.41E-06	MAX	6.67E-05	0.0101	MAX	7.20E-06	3.33E-05	       NA	3.33E-05	3.33E-05	3.33E-05	      NA	MAX	      NA	      NA	      NA	      NA	      NA	   NA	      NA	      NA	     NA	     NA
HCC202	6.67E-05	3.33E-05	3.78E-05	3.90E-06	3.33E-04	1.21E-07	3.33E-04	9.78E-09	3.33E-05	1.89E-03	7.46E-05	4.33E-07	2.07E-05	7.84E-06	1.37E-05	2.92E-03	1.67E-04	6.28E-05	1.85E-05	1.79E-04	1.00E-05	8.10E-05	1.84E-05	4.49E-06	8.53E-05	2.18E-06	2.33E-05	1.67E-04	5.13E-04	6.67E-05	       NA	6.85E-07	       NA	   NA	       NA	       NA	       NA	       NA	      NA	       NA	7.22E-04	       NA	       NA	       NA	       NA	       NA	   NA	       NA	   NA	       NA	3.33E-06	1.67E-04	2.71E-05	       NA	      NA	      NA	       NA	       NA	6.67E-05	3.98E-05	8.23E-06	      NA	       NA	       NA	       NA	1.43E-06	      NA	       NA	1.12E-05	       NA	1.33E-04	       NA	2.22E-05	1.45E-06	7.09E-05	4.86E-05	5.50E-07	       NA	      NA	7.38E-07	      NA	0.0026283	7.20E-06	      NA	       NA	      NA	      NA	      NA	      NA	       NA	      NA	      NA	      NA	      NA	      NA	   NA	      NA	      NA	     NA	     NA
MDAMB134VI	6.67E-05	3.33E-05	1.08E-04	2.97E-05	3.33E-04	8.20E-07	3.33E-04	2.74E-08	3.33E-05	1.89E-03	4.82E-04	4.19E-06	1.89E-04	1.40E-06	3.33E-05	2.92E-03	1.67E-04	1.88E-05	2.18E-05	5.19E-04	1.00E-05	6.29E-04	2.13E-05	1.41E-07	8.53E-05	3.34E-06	3.33E-05	1.67E-04	1.00E-03	       NA	2.01E-08	6.85E-07	3.27E-05	5.00E-05	1.45E-05	1.74E-05	7.81E-06	1.00E-04	1.33E-04	1.00E-04	1.87E-03	3.33E-05	5.00E-03	6.67E-05	4.23E-06	5.04E-07	2.00E-04	1.33E-04	1.00E-04	3.33E-05	3.33E-06	1.67E-04	4.25E-05	3.33E-05	5.00E-05	3.33E-05	5.00E-05	1.00E-04	6.67E-05	1.67E-04	1.84E-05	1.42E-05	1.00E-04	1.33E-04	4.19E-05	2.37E-06	1.00E-04	8.67E-05	9.84E-06	1.40E-05	1.33E-04	6.67E-05	2.42E-05	       NA	1.39E-04	1.39E-04	5.50E-07	1.33E-04	0.004754	       NA	0.0137	0.014988	7.20E-06	      NA	7.99E-07	      NA	      NA	      NA	1.76E-05	MAX	6.67E-05	3.33E-05	3.33E-05	      NA	1.33E-04	   NA	      NA	      NA	MAX	MAX
SUM185PE	6.67E-05	3.33E-05	3.01E-05	5.95E-05	3.33E-04	3.09E-07	3.33E-04	1.58E-07	3.33E-05	1.89E-03	5.98E-04	3.89E-06	1.58E-04	4.22E-08	3.33E-05	2.92E-03	1.67E-04	2.32E-05	1.01E-05	5.22E-04	1.00E-05	9.36E-05	1.30E-05	7.25E-08	6.08E-05	1.50E-06	1.88E-05	       NA	1.83E-04	6.67E-05	1.66E-08	6.85E-07	5.64E-06	5.00E-05	4.17E-06	2.45E-06	6.73E-06	1.00E-04	1.33E-04	6.35E-06	1.45E-04	3.33E-05	       NA	       NA	5.45E-07	1.20E-07	   NA	1.14E-04	5.00E-05	2.59E-06	3.33E-06	1.87E-05	7.72E-06	       NA	5.00E-05	      NA	1.56E-05	1.00E-04	6.67E-05	1.67E-04	3.60E-06	      NA	       NA	       NA	1.49E-05	1.41E-06	1.00E-04	1.75E-05	       NA	4.24E-06	      NA	6.67E-05	       NA	       NA	       NA	       NA	       NA	1.33E-04	0.00526	       NA	0.00174	MAX	7.20E-06	      NA	5.85E-08	      NA	      NA	      NA	1.61E-05	       NA	      NA	      NA	      NA	      NA	      NA	   NA	      NA	      NA	     NA	MAX
184B5	6.67E-05	3.33E-05	6.09E-05	2.05E-04	2.97E-04	5.27E-07	9.04E-08	1.33E-08	3.33E-05	1.89E-03	4.89E-03	3.51E-06	5.00E-04	2.43E-08	6.00E-06	2.92E-03	1.67E-04	3.33E-05	1.61E-05	3.66E-05	1.00E-05	7.10E-05	1.30E-05	3.62E-08	8.53E-05	       NA	3.33E-05	1.67E-04	6.41E-06	6.67E-05	       NA	6.85E-07	1.51E-05	5.00E-05	2.87E-06	5.07E-06	8.82E-06	1.67E-04	1.33E-04	3.52E-05	7.22E-03	       NA	5.00E-03	3.33E-05	9.56E-06	1.70E-07	2.00E-04	3.76E-05	5.00E-05	1.74E-06	      NA	       NA	4.80E-06	6.67E-05	3.33E-05	3.33E-05	2.20E-05	5.00E-05	4.00E-05	       NA	       NA	6.67E-05	3.33E-05	1.33E-04	1.87E-05	1.26E-06	1.00E-04	4.07E-05	5.05E-06	8.19E-06	6.67E-05	6.67E-05	3.33E-05	       NA	       NA	       NA	       NA	2.00E-04	MAX	       NA	      NA	0.00248	7.20E-06	5.19E-08	       NA	3.33E-05	3.33E-05	3.33E-05	      NA	0.000455	      NA	      NA	      NA	      NA	      NA	   NA	      NA	      NA	     NA	     NA
SUM149PT	6.67E-05	3.33E-05	2.73E-05	9.32E-06	1.40E-04	1.08E-06	3.33E-04	2.15E-08	3.33E-05	1.89E-03	2.85E-04	3.95E-05	9.05E-06	7.80E-09	3.33E-05	2.92E-03	1.67E-04	2.91E-05	8.92E-06	7.86E-05	1.00E-05	4.42E-05	1.99E-05	1.64E-07	       NA	       NA	3.33E-05	1.67E-04	8.16E-05	3.17E-05	1.70E-08	6.85E-07	3.31E-05	5.00E-05	3.20E-06	4.99E-06	2.65E-06	1.00E-04	1.33E-04	3.33E-05	7.22E-04	3.33E-05	5.00E-03	6.67E-05	7.21E-07	2.50E-07	2.00E-04	1.81E-05	1.00E-04	7.65E-07	3.33E-06	1.39E-04	       NA	3.33E-05	5.00E-05	3.33E-05	2.75E-05	1.00E-04	       NA	1.47E-04	4.64E-05	6.67E-05	5.23E-06	1.33E-04	5.00E-05	1.11E-06	1.00E-04	3.93E-05	4.52E-06	9.86E-06	6.67E-05	6.67E-05	2.64E-05	1.88E-06	5.29E-06	6.12E-06	4.50E-07	       NA	0.006369	7.37E-06	0.000469	0.0030764	     NA	3.33E-05	       NA	3.33E-05	3.33E-05	3.33E-05	      NA	MAX	      NA	      NA	      NA	      NA	      NA	   NA	      NA	      NA	     NA	     NA
MDAMB157	6.67E-05	3.33E-05	4.66E-05	4.69E-05	4.46E-05	5.53E-07	3.33E-04	1.27E-08	4.13E-08	1.89E-03	6.78E-04	3.46E-08	8.34E-05	1.00E-04	3.33E-05	2.92E-03	1.67E-04	1.67E-04	8.70E-06	4.16E-04	1.24E-08	7.26E-05	1.07E-05	       NA	4.09E-05	6.46E-07	1.96E-05	1.27E-04	1.00E-03	1.30E-05	2.09E-08	6.85E-07	1.77E-05	5.00E-05	2.71E-06	1.69E-06	6.04E-06	1.67E-04	1.33E-04	4.55E-05	       NA	3.33E-05	5.00E-03	3.33E-05	3.82E-07	4.55E-07	2.00E-04	7.83E-06	5.00E-05	2.73E-07	3.33E-06	1.67E-04	3.63E-06	6.67E-05	3.33E-05	      NA	3.33E-05	5.00E-05	4.83E-06	1.67E-04	1.70E-08	6.67E-05	1.73E-06	1.33E-04	6.67E-05	1.01E-06	1.00E-04	7.67E-05	4.30E-06	5.45E-06	      NA	6.67E-05	1.51E-05	6.16E-07	1.43E-05	1.29E-05	2.61E-07	2.00E-04	MAX	1.17E-06	0.00154	MAX	     NA	3.33E-05	6.74E-08	3.33E-05	3.33E-05	3.33E-05	1.03E-05	0.000106	      NA	      NA	      NA	3.33E-05	      NA	   NA	      NA	      NA	     NA	MAX
MDAMB231ATCC	6.67E-05	3.33E-05	6.81E-05	3.91E-05	2.99E-05	6.76E-07	3.33E-04	3.85E-08	3.33E-05	1.89E-03	1.87E-02	3.95E-05	2.50E-04	1.00E-04	3.33E-05	2.92E-03	1.67E-04	1.26E-26	1.35E-05	7.96E-04	1.00E-05	6.29E-04	       NA	1.00E-04	7.38E-05	8.62E-05	3.33E-05	       NA	1.00E-03	       NA	       NA	6.85E-07	       NA	   NA	       NA	       NA	       NA	       NA	      NA	       NA	1.45E-04	       NA	       NA	       NA	       NA	       NA	   NA	       NA	   NA	       NA	      NA	1.67E-04	1.09E-04	       NA	      NA	      NA	       NA	       NA	       NA	1.67E-04	4.64E-05	      NA	       NA	       NA	       NA	1.06E-06	      NA	       NA	       NA	       NA	      NA	       NA	       NA	       NA	       NA	       NA	       NA	       NA	      NA	       NA	      NA	MAX	     NA	      NA	       NA	      NA	      NA	      NA	      NA	       NA	      NA	      NA	      NA	      NA	      NA	   NA	      NA	      NA	     NA	     NA
CAMA1	6.67E-05	3.33E-05	3.04E-05	1.43E-05	3.33E-04	6.70E-07	3.33E-04	4.13E-08	3.33E-05	1.89E-03	1.80E-04	3.40E-09	9.31E-05	1.00E-04	3.33E-05	2.92E-03	1.67E-04	1.67E-04	1.38E-05	7.27E-04	       NA	1.05E-04	1.79E-05	5.08E-05	8.53E-05	6.53E-07	       NA	1.67E-04	2.56E-04	6.67E-05	2.13E-08	6.85E-07	2.52E-05	5.00E-05	1.28E-05	5.81E-06	2.16E-06	1.00E-04	1.33E-04	9.42E-05	7.22E-03	3.33E-05	5.00E-03	6.67E-05	1.17E-07	4.15E-07	2.00E-04	2.57E-05	1.00E-04	5.04E-06	3.33E-06	5.99E-05	7.27E-05	3.33E-05	5.00E-05	6.67E-05	5.00E-05	8.20E-05	3.57E-05	6.34E-05	4.64E-05	3.33E-05	1.00E-04	1.33E-04	3.41E-05	       NA	1.00E-04	       NA	7.31E-06	6.40E-06	1.33E-04	1.46E-06	4.11E-05	1.39E-06	6.77E-05	4.86E-05	4.97E-07	       NA	0.00701	5.03E-07	0.0119	MAX	7.20E-06	      NA	2.21E-07	      NA	      NA	      NA	2.12E-05	0.0003809	6.67E-05	3.33E-05	3.33E-05	3.33E-05	1.33E-04	   NA	      NA	      NA	MAX	MAX
HCC1937	6.67E-05	3.33E-05	4.07E-05	6.72E-05	3.33E-04	1.03E-06	3.33E-04	1.19E-08	3.33E-05	1.89E-03	3.25E-03	6.83E-06	1.42E-05	4.09E-06	3.33E-05	2.92E-03	1.67E-04	1.67E-04	3.73E-05	1.72E-04	       NA	1.18E-04	1.67E-05	1.00E-04	4.89E-05	4.46E-06	3.33E-05	1.67E-04	2.13E-04	6.67E-05	       NA	6.85E-07	3.28E-05	5.00E-05	7.61E-06	3.70E-06	7.14E-06	1.00E-04	1.33E-04	3.33E-05	7.22E-04	3.33E-05	5.00E-03	6.67E-05	1.12E-06	3.28E-07	2.00E-04	1.33E-04	1.00E-04	2.32E-06	3.33E-06	1.67E-04	       NA	3.33E-05	5.00E-05	3.33E-05	1.87E-05	1.00E-04	6.67E-05	9.49E-05	3.16E-05	6.67E-05	1.00E-04	1.33E-04	6.67E-05	1.28E-06	1.00E-04	1.33E-04	3.21E-06	1.19E-05	6.67E-05	6.67E-05	3.33E-05	1.22E-06	2.28E-05	2.33E-05	5.50E-07	1.33E-04	0.00742	1.88E-07	0.001278	MAX	     NA	      NA	       NA	      NA	      NA	3.33E-05	      NA	MAX	      NA	      NA	      NA	      NA	      NA	   NA	      NA	      NA	     NA	     NA
ZR751	6.67E-05	3.33E-05	6.64E-05	6.71E-05	3.33E-04	9.67E-07	3.33E-04	2.40E-07	3.33E-05	1.89E-03	6.07E-03	7.67E-06	3.78E-05	1.00E-04	3.33E-05	2.92E-03	1.67E-04	       NA	2.27E-05	4.83E-04	1.00E-05	5.18E-05	2.64E-05	1.00E-04	7.38E-05	2.83E-05	3.33E-05	1.67E-04	1.85E-04	6.67E-05	4.88E-07	6.85E-07	2.68E-05	5.00E-05	3.33E-05	5.17E-06	2.19E-05	1.67E-04	1.33E-04	5.53E-05	1.45E-04	3.33E-05	5.00E-03	3.33E-05	6.45E-06	3.71E-06	2.00E-04	1.33E-04	5.00E-05	3.33E-05	3.33E-06	1.67E-04	1.09E-04	6.67E-05	5.00E-05	6.67E-05	3.33E-05	3.51E-05	       NA	1.67E-04	2.36E-05	6.67E-05	2.24E-05	1.33E-04	4.71E-05	6.73E-05	1.00E-04	5.83E-05	9.78E-06	1.31E-05	6.67E-05	6.67E-05	3.33E-05	3.10E-06	5.34E-05	4.50E-05	5.50E-07	2.00E-04	0.009169	6.67E-05	      NA	0.007097	     NA	3.33E-05	1.40E-07	3.33E-05	3.33E-05	3.33E-05	1.84E-05	MAX	      NA	      NA	      NA	      NA	      NA	   NA	      NA	      NA	     NA	MAX
ZR75B	6.67E-05	3.33E-05	3.01E-05	3.50E-05	3.33E-04	1.00E-06	3.33E-04	1.67E-04	3.33E-05	1.89E-03	4.04E-04	3.95E-05	2.21E-04	1.00E-04	3.33E-05	2.92E-03	1.67E-04	       NA	       NA	1.22E-03	1.00E-05	1.24E-04	2.82E-05	1.00E-04	8.53E-05	2.10E-06	3.33E-05	1.67E-04	1.00E-03	6.67E-05	       NA	6.85E-07	4.07E-05	5.00E-05	2.06E-05	7.08E-06	4.45E-06	1.00E-04	1.33E-04	3.33E-05	1.45E-04	3.33E-05	5.00E-03	6.67E-05	3.86E-07	2.15E-06	2.00E-04	1.33E-04	1.00E-04	9.31E-06	3.33E-06	       NA	1.51E-05	3.33E-05	5.00E-05	3.33E-05	5.00E-05	       NA	       NA	1.67E-04	1.04E-05	6.67E-05	1.00E-04	1.33E-04	6.67E-05	1.10E-06	1.00E-04	1.33E-04	       NA	7.94E-06	      NA	       NA	       NA	6.67E-05	1.67E-04	1.67E-04	5.50E-07	       NA	0.00823	6.67E-05	0.0148	0.00816	7.20E-06	      NA	       NA	      NA	      NA	      NA	      NA	MAX	      NA	      NA	      NA	      NA	      NA	   NA	      NA	      NA	     NA	     NA
LY2	6.67E-05	3.33E-05	2.79E-05	1.80E-05	3.33E-04	3.08E-08	3.33E-04	2.15E-06	3.33E-05	1.89E-03	5.43E-04	1.90E-08	4.95E-05	1.00E-04	3.33E-05	2.92E-03	      NA	       NA	9.47E-06	3.36E-04	1.00E-05	1.06E-04	2.15E-05	1.00E-04	7.92E-05	9.20E-05	3.33E-05	1.24E-04	       NA	6.67E-05	1.23E-06	6.85E-07	9.93E-06	5.00E-05	1.25E-06	3.06E-06	4.01E-06	1.00E-04	1.33E-04	4.16E-05	7.22E-03	5.07E-06	7.31E-05	3.33E-05	       NA	4.59E-07	2.00E-04	1.29E-05	5.00E-05	1.94E-06	3.33E-06	1.52E-04	5.20E-05	3.33E-05	5.00E-05	3.33E-05	       NA	       NA	1.31E-05	1.67E-04	4.31E-08	6.67E-05	5.03E-06	1.33E-04	3.64E-05	4.59E-05	      NA	5.52E-05	8.98E-06	2.97E-06	6.67E-05	6.67E-05	9.74E-06	7.33E-06	1.18E-04	1.67E-04	5.50E-07	1.76E-06	0.003582	6.67E-05	      NA	0.00215	7.20E-06	      NA	6.23E-07	      NA	      NA	      NA	1.99E-05	0.0006233	      NA	      NA	      NA	3.33E-05	      NA	   NA	      NA	      NA	     NA	MAX
HCC70	6.67E-05	3.33E-05	5.34E-05	3.45E-05	6.70E-05	5.07E-07	3.33E-04	5.94E-09	4.86E-08	1.89E-03	1.66E-04	2.02E-07	3.87E-06	4.89E-06	       NA	2.92E-03	1.67E-04	1.67E-04	1.52E-05	3.07E-05	1.03E-07	1.58E-05	2.61E-05	9.43E-06	3.38E-05	1.11E-05	3.33E-05	1.67E-04	1.29E-04	7.52E-07	2.20E-09	6.85E-07	1.54E-05	5.00E-05	2.45E-06	1.02E-05	2.34E-06	1.67E-04	1.33E-04	8.93E-05	1.45E-04	3.33E-05	5.00E-03	3.33E-05	2.06E-07	1.64E-07	2.00E-04	1.26E-05	5.00E-05	5.79E-07	      NA	1.67E-04	1.97E-06	6.67E-05	5.00E-05	3.33E-05	3.33E-05	5.00E-05	6.67E-05	1.67E-04	2.38E-05	6.67E-05	3.76E-06	1.33E-04	4.26E-05	1.49E-06	1.00E-04	1.31E-04	7.36E-06	6.51E-06	6.67E-05	5.98E-05	3.33E-05	4.47E-07	3.60E-05	2.93E-05	5.50E-07	       NA	0.003381	1.35E-07	0.00165	0.000483	     NA	3.33E-05	       NA	3.33E-05	3.33E-05	3.33E-05	      NA	MAX	      NA	      NA	      NA	      NA	      NA	   NA	      NA	      NA	     NA	     NA
MDAMB468D	6.67E-05	3.33E-05	2.75E-05	4.30E-05	7.74E-06	2.79E-07	3.33E-04	3.83E-08	1.20E-08	1.89E-03	4.78E-04	7.43E-09	       NA	       NA	3.33E-05	2.92E-03	1.67E-04	3.33E-05	2.22E-05	       NA	4.89E-09	       NA	3.33E-05	       NA	       NA	       NA	       NA	1.67E-04	8.66E-05	6.67E-05	1.93E-08	      NA	4.63E-05	5.00E-05	1.01E-05	2.17E-05	3.50E-06	1.00E-04	1.33E-04	3.33E-05	       NA	3.33E-05	5.00E-03	6.67E-05	3.93E-07	5.24E-07	2.00E-04	7.00E-06	1.00E-04	1.27E-06	3.33E-06	       NA	       NA	3.33E-05	5.00E-05	3.33E-05	1.58E-05	1.00E-04	3.28E-06	       NA	       NA	6.67E-05	2.74E-05	1.33E-04	4.81E-05	       NA	1.00E-04	1.33E-04	3.81E-06	2.07E-05	1.33E-04	6.67E-05	3.96E-05	7.21E-07	3.85E-05	4.76E-05	2.92E-07	       NA	0.00509	5.53E-07	0.001465	       NA	     NA	3.33E-05	       NA	3.33E-05	3.33E-05	      NA	      NA	0.000375	      NA	      NA	      NA	3.33E-05	      NA	   NA	      NA	      NA	     NA	     NA
T47DKBLUC	6.67E-05	3.33E-05	5.50E-05	1.42E-05	3.33E-04	6.40E-08	3.33E-04	2.08E-06	3.33E-05	1.89E-03	2.34E-04	3.71E-05	       NA	       NA	       NA	2.92E-03	1.67E-04	3.33E-05	9.86E-06	       NA	1.00E-05	       NA	3.33E-05	       NA	       NA	       NA	       NA	1.67E-04	1.00E-03	6.67E-05	2.41E-08	      NA	6.67E-05	5.00E-05	8.97E-06	7.50E-06	5.91E-06	1.67E-04	1.33E-04	1.00E-04	       NA	3.33E-05	5.00E-03	3.33E-05	3.99E-07	3.20E-07	2.00E-04	       NA	5.00E-05	       NA	3.33E-06	       NA	       NA	6.67E-05	3.33E-05	3.33E-05	       NA	5.00E-05	6.67E-05	       NA	       NA	6.67E-05	3.33E-05	       NA	6.67E-05	       NA	1.00E-04	1.02E-04	6.19E-06	4.57E-06	1.33E-04	6.67E-05	3.39E-05	1.36E-06	1.88E-05	1.24E-05	5.50E-07	2.00E-04	0.00706	5.71E-07	0.00339	       NA	     NA	      NA	6.49E-08	      NA	      NA	      NA	      NA	MAX	      NA	      NA	      NA	      NA	      NA	   NA	      NA	      NA	     NA	     NA
BT20	6.67E-05	3.33E-05	5.12E-05	3.97E-05	2.13E-05	7.97E-07	3.33E-04	6.06E-08	       NA	1.89E-03	1.04E-03	3.43E-08	       NA	       NA	3.33E-05	2.92E-03	1.67E-04	1.67E-04	2.46E-05	       NA	       NA	       NA	1.68E-05	       NA	       NA	       NA	       NA	1.67E-04	2.47E-04	4.89E-05	2.28E-08	6.85E-07	2.99E-05	5.00E-05	9.66E-06	1.09E-05	2.19E-05	1.00E-04	1.33E-04	9.81E-05	       NA	3.33E-05	5.00E-03	4.95E-05	1.45E-06	8.51E-07	2.00E-04	2.73E-05	1.00E-04	6.28E-06	3.33E-06	       NA	       NA	3.33E-05	5.00E-05	6.67E-05	5.00E-05	1.00E-04	3.44E-06	       NA	       NA	6.67E-05	4.94E-06	1.33E-04	       NA	       NA	1.00E-04	1.02E-04	8.30E-06	1.08E-05	1.33E-04	       NA	2.06E-05	9.77E-07	9.53E-05	8.62E-05	5.50E-07	1.33E-04	0.011925	1.67E-07	      NA	       NA	7.20E-06	3.33E-05	       NA	3.33E-05	3.33E-05	      NA	      NA	0.00028	6.67E-05	3.33E-05	3.33E-05	3.33E-05	1.33E-04	   NA	      NA	      NA	     NA	     NA
MDAMB436D	6.67E-05	3.33E-05	8.34E-05	5.00E-03	3.33E-04	1.13E-06	3.33E-04	9.64E-08	       NA	1.89E-03	1.87E-02	3.95E-05	       NA	       NA	3.33E-05	2.92E-03	1.67E-04	       NA	1.58E-05	       NA	       NA	       NA	1.13E-05	       NA	       NA	       NA	       NA	1.67E-04	3.10E-04	6.67E-05	2.47E-08	      NA	2.80E-05	5.00E-05	1.01E-05	1.37E-05	6.67E-05	1.67E-04	1.33E-04	4.91E-05	       NA	3.33E-05	5.00E-03	3.33E-05	3.33E-05	3.65E-07	2.00E-04	1.33E-04	5.00E-05	3.33E-05	3.33E-06	       NA	       NA	6.67E-05	5.00E-05	3.33E-05	3.33E-05	5.00E-05	6.67E-05	       NA	       NA	      NA	5.48E-06	1.33E-04	6.67E-05	       NA	1.00E-04	4.48E-05	8.13E-06	3.09E-05	6.67E-05	       NA	1.95E-05	       NA	       NA	       NA	       NA	       NA	MAX	       NA	0.0037	       NA	     NA	3.33E-05	9.69E-08	3.33E-05	3.33E-05	3.33E-05	3.67E-05	0.000256	      NA	      NA	      NA	3.33E-05	      NA	   NA	      NA	      NA	     NA	MAX
MX1	6.67E-05	3.33E-05	6.11E-05	5.35E-05	2.87E-05	7.21E-07	3.33E-04	1.13E-08	       NA	1.89E-03	8.29E-04	3.96E-06	       NA	       NA	3.33E-05	2.92E-03	1.67E-04	3.33E-05	1.68E-05	       NA	       NA	       NA	1.96E-05	       NA	       NA	       NA	       NA	6.87E-05	       NA	6.67E-05	4.12E-08	      NA	1.06E-05	5.00E-05	1.72E-06	1.32E-06	1.66E-06	4.93E-05	1.33E-04	1.19E-06	       NA	3.33E-05	5.00E-03	3.63E-05	2.26E-07	2.89E-07	2.00E-04	7.86E-06	1.00E-04	7.82E-07	3.33E-06	       NA	       NA	3.33E-05	5.00E-05	6.67E-05	1.52E-05	2.72E-05	6.67E-05	       NA	       NA	9.84E-06	3.05E-05	1.26E-06	2.23E-05	       NA	3.33E-05	4.44E-05	       NA	2.75E-06	      NA	3.69E-05	       NA	1.95E-06	3.01E-05	1.98E-05	5.50E-07	1.25E-05	0.00215	6.10E-07	0.00148	       NA	     NA	      NA	4.20E-08	      NA	      NA	      NA	1.47E-05	MAX	6.67E-05	3.33E-05	3.33E-05	      NA	      NA	   NA	      NA	      NA	0.00119	     NA
UACC893D	6.67E-05	3.33E-05	4.94E-05	1.67E-05	7.52E-05	5.03E-07	3.33E-04	3.92E-07	       NA	1.89E-03	1.75E-04	2.15E-07	       NA	       NA	3.33E-05	2.92E-03	1.67E-04	       NA	1.86E-05	       NA	       NA	       NA	1.81E-05	       NA	       NA	       NA	       NA	1.67E-04	1.00E-03	1.92E-06	       NA	      NA	1.53E-05	5.00E-05	5.87E-06	9.74E-06	7.53E-06	1.67E-04	1.33E-04	6.75E-05	       NA	7.76E-07	5.00E-03	3.33E-05	1.52E-07	1.28E-06	2.00E-04	6.94E-06	   NA	1.42E-06	3.33E-06	       NA	       NA	       NA	      NA	3.33E-05	3.33E-05	5.00E-05	3.30E-05	       NA	       NA	6.67E-05	3.33E-05	1.33E-04	5.49E-05	       NA	      NA	4.27E-05	6.16E-06	1.02E-06	1.33E-04	6.46E-05	6.67E-05	2.52E-06	4.31E-05	3.49E-05	2.68E-07	2.00E-04	0.00948	1.37E-06	0.0144	       NA	     NA	      NA	8.60E-07	      NA	      NA	3.33E-05	1.85E-05	0.00115	      NA	      NA	      NA	3.33E-05	      NA	   NA	      NA	      NA	     NA	MAX
SUM225CWN	6.67E-05	3.33E-05	3.43E-05	4.00E-05	3.33E-04	2.51E-07	3.33E-04	9.85E-08	       NA	1.89E-03	6.39E-04	6.86E-06	       NA	       NA	3.33E-05	2.92E-03	1.67E-04	3.33E-05	1.38E-05	       NA	       NA	       NA	       NA	       NA	       NA	       NA	       NA	1.67E-04	4.89E-04	       NA	2.82E-06	      NA	1.32E-05	5.00E-05	5.62E-06	7.00E-06	7.40E-06	1.00E-04	1.33E-04	3.18E-05	       NA	3.33E-05	5.00E-03	6.67E-05	5.46E-07	1.12E-06	2.00E-04	1.33E-04	1.00E-04	5.82E-06	      NA	       NA	       NA	3.33E-05	3.33E-05	3.33E-05	4.27E-05	1.00E-04	       NA	       NA	       NA	6.67E-05	1.00E-04	1.33E-04	6.64E-05	       NA	1.00E-04	3.29E-05	7.38E-06	1.87E-06	1.33E-04	5.52E-05	4.56E-05	       NA	       NA	       NA	       NA	1.33E-04	0.006339	       NA	      NA	       NA	     NA	      NA	       NA	      NA	      NA	      NA	      NA	MAX	6.67E-05	3.33E-05	3.33E-05	      NA	1.55E-17	   NA	      NA	      NA	MAX	     NA
MB157	6.67E-05	3.33E-05	2.76E-05	3.46E-05	6.88E-07	2.37E-07	3.33E-04	4.31E-08	       NA	1.89E-03	7.11E-04	1.87E-08	       NA	       NA	3.33E-05	2.92E-03	      NA	1.67E-04	1.99E-05	       NA	       NA	       NA	       NA	8.81E-07	1.86E-05	3.53E-07	2.94E-05	       NA	1.00E-03	       NA	       NA	      NA	1.65E-05	5.00E-05	7.36E-06	4.33E-06	4.42E-06	1.67E-04	1.33E-04	2.03E-07	       NA	3.33E-05	5.00E-03	3.33E-05	4.47E-07	4.68E-07	2.00E-04	1.33E-04	5.00E-05	3.33E-05	      NA	1.67E-04	1.55E-07	6.67E-05	3.33E-05	3.33E-05	3.33E-05	5.00E-05	       NA	       NA	       NA	6.67E-05	3.34E-06	1.33E-04	6.67E-05	       NA	      NA	1.33E-04	       NA	1.85E-06	      NA	6.67E-05	       NA	       NA	       NA	       NA	       NA	2.00E-04	MAX	       NA	      NA	       NA	     NA	      NA	       NA	      NA	      NA	      NA	      NA	0.000606	      NA	      NA	      NA	      NA	      NA	   NA	      NA	      NA	     NA	     NA
MDAMB468L	6.67E-05	7.44E-06	4.19E-05	4.01E-05	6.87E-05	6.32E-07	3.33E-04	1.08E-08	       NA	      NA	       NA	1.21E-08	       NA	       NA	3.33E-05	       NA	1.67E-04	2.44E-05	       NA	       NA	       NA	       NA	       NA	       NA	       NA	       NA	       NA	       NA	       NA	       NA	       NA	      NA	       NA	   NA	       NA	       NA	       NA	       NA	      NA	       NA	       NA	       NA	       NA	       NA	       NA	       NA	   NA	       NA	   NA	       NA	      NA	       NA	       NA	       NA	      NA	      NA	       NA	       NA	       NA	       NA	       NA	      NA	       NA	       NA	       NA	       NA	      NA	       NA	       NA	       NA	      NA	       NA	       NA	       NA	       NA	       NA	       NA	       NA	      NA	       NA	      NA	       NA	     NA	      NA	       NA	      NA	      NA	      NA	      NA	       NA	      NA	      NA	      NA	      NA	      NA	   NA	      NA	      NA	     NA	     NA
MDAMB436L	6.67E-05	3.33E-05	6.90E-05	2.16E-04	3.33E-04	1.52E-06	3.33E-04	1.19E-08	       NA	1.89E-03	3.54E-03	       NA	       NA	       NA	3.33E-05	2.92E-03	1.67E-04	       NA	1.67E-04	       NA	       NA	       NA	       NA	       NA	       NA	       NA	       NA	1.67E-04	       NA	       NA	       NA	      NA	       NA	   NA	       NA	       NA	       NA	       NA	      NA	       NA	       NA	       NA	       NA	       NA	       NA	       NA	   NA	       NA	   NA	       NA	      NA	       NA	       NA	       NA	      NA	      NA	       NA	       NA	       NA	       NA	       NA	      NA	       NA	       NA	       NA	       NA	      NA	       NA	       NA	       NA	      NA	       NA	       NA	       NA	       NA	       NA	       NA	       NA	      NA	       NA	      NA	       NA	     NA	      NA	       NA	      NA	      NA	      NA	      NA	       NA	      NA	      NA	      NA	      NA	      NA	   NA	      NA	      NA	     NA	     NA
UACC893L	6.67E-05	7.53E-06	9.92E-05	1.44E-05	1.12E-04	1.17E-06	3.33E-04	4.13E-07	       NA	1.89E-03	2.36E-04	2.42E-06	       NA	       NA	3.33E-05	       NA	1.67E-04	       NA	4.12E-05	       NA	       NA	       NA	       NA	       NA	       NA	       NA	       NA	1.67E-04	1.21E-04	       NA	       NA	      NA	       NA	   NA	       NA	       NA	       NA	       NA	      NA	       NA	       NA	       NA	       NA	       NA	       NA	       NA	   NA	       NA	   NA	       NA	      NA	       NA	       NA	       NA	      NA	      NA	       NA	       NA	       NA	       NA	       NA	      NA	       NA	       NA	       NA	       NA	      NA	       NA	1.64E-05	       NA	6.67E-05	       NA	3.33E-05	       NA	       NA	       NA	       NA	       NA	      NA	       NA	      NA	       NA	     NA	5.74E-08	       NA	      NA	3.33E-05	      NA	      NA	       NA	      NA	      NA	      NA	      NA	      NA	   NA	      NA	      NA	     NA	     NA
UACC812	3.33E-05	3.33E-05	5.26E-05	4.40E-05	       NA	       NA	       NA	       NA	3.33E-05	1.89E-03	7.94E-04	2.26E-05	2.35E-05	1.00E-04	       NA	2.92E-03	      NA	1.67E-04	       NA	8.75E-05	1.00E-05	4.93E-05	3.33E-05	1.00E-04	8.53E-05	9.92E-07	1.03E-05	9.20E-05	       NA	6.67E-05	       NA	6.85E-07	6.67E-05	5.00E-05	9.05E-06	8.70E-06	1.70E-05	1.00E-04	1.33E-04	6.28E-05	2.26E-05	3.33E-05	5.00E-03	6.67E-05	6.22E-07	7.17E-07	2.00E-04	4.45E-05	1.00E-04	3.33E-05	3.33E-06	       NA	8.64E-06	3.33E-05	3.33E-05	6.67E-05	5.00E-05	1.00E-04	6.67E-05	       NA	3.30E-05	6.67E-05	1.00E-04	1.33E-04	5.51E-05	       NA	3.33E-05	6.20E-05	1.09E-05	8.27E-07	1.33E-04	6.67E-05	1.85E-05	6.00E-06	2.50E-05	2.76E-05	5.50E-07	1.33E-04	MAX	6.67E-05	0.01	0.0013049	7.20E-06	      NA	4.86E-07	      NA	      NA	      NA	      NA	MAX	6.67E-05	3.33E-05	3.33E-05	3.33E-05	1.33E-04	   NA	      NA	      NA	MAX	     NA
HBL100	6.67E-05	3.33E-05	3.02E-05	       NA	1.07E-05	1.07E-06	3.33E-04	5.72E-08	3.33E-05	      NA	       NA	       NA	3.23E-05	1.00E-04	3.33E-05	       NA	5.25E-05	1.67E-04	8.32E-06	2.51E-04	1.00E-05	3.26E-05	       NA	5.16E-06	2.38E-05	1.20E-07	3.33E-05	       NA	1.35E-04	       NA	       NA	6.85E-07	       NA	   NA	       NA	       NA	       NA	       NA	      NA	       NA	7.64E-08	       NA	       NA	       NA	       NA	       NA	   NA	       NA	   NA	       NA	      NA	6.50E-05	7.38E-08	       NA	      NA	      NA	       NA	       NA	       NA	1.67E-04	1.73E-08	      NA	       NA	       NA	       NA	3.21E-07	      NA	       NA	       NA	       NA	      NA	       NA	       NA	       NA	       NA	       NA	       NA	       NA	      NA	       NA	      NA	MAX	7.20E-06	      NA	       NA	      NA	      NA	      NA	      NA	       NA	      NA	      NA	      NA	      NA	      NA	   NA	      NA	      NA	     NA	     NA
21NT	       NA	      NA	       NA	       NA	       NA	       NA	       NA	       NA	       NA	      NA	       NA	       NA	       NA	       NA	       NA	       NA	      NA	       NA	       NA	       NA	       NA	       NA	3.33E-05	       NA	       NA	       NA	       NA	       NA	       NA	6.67E-05	1.03E-05	      NA	       NA	   NA	       NA	       NA	       NA	       NA	      NA	       NA	       NA	       NA	       NA	       NA	       NA	       NA	   NA	       NA	   NA	       NA	3.33E-06	       NA	       NA	       NA	      NA	      NA	       NA	       NA	2.53E-05	       NA	       NA	      NA	       NA	       NA	       NA	       NA	      NA	       NA	       NA	       NA	      NA	       NA	       NA	7.74E-07	4.27E-05	2.00E-05	5.50E-07	       NA	      NA	2.98E-06	0.00388	       NA	     NA	      NA	       NA	      NA	      NA	      NA	      NA	       NA	      NA	      NA	      NA	      NA	      NA	   NA	      NA	      NA	     NA	     NA
ZR7530	       NA	      NA	       NA	       NA	       NA	       NA	       NA	       NA	3.33E-05	      NA	       NA	       NA	7.54E-05	1.00E-04	       NA	       NA	      NA	       NA	       NA	9.58E-04	1.00E-05	2.31E-04	1.68E-05	       NA	7.38E-05	9.52E-06	       NA	       NA	       NA	6.67E-05	       NA	      NA	       NA	   NA	       NA	       NA	       NA	       NA	      NA	       NA	       NA	       NA	       NA	       NA	       NA	       NA	   NA	       NA	   NA	       NA	3.33E-06	       NA	       NA	       NA	      NA	      NA	       NA	       NA	6.67E-05	       NA	       NA	      NA	       NA	       NA	       NA	       NA	      NA	       NA	       NA	       NA	      NA	       NA	       NA	       NA	9.85E-05	1.25E-04	5.50E-07	       NA	      NA	       NA	      NA	       NA	     NA	      NA	       NA	      NA	      NA	      NA	      NA	       NA	      NA	      NA	      NA	      NA	      NA	   NA	      NA	      NA	     NA	     NA
21MT1	       NA	      NA	       NA	       NA	       NA	       NA	       NA	       NA	       NA	      NA	       NA	       NA	       NA	       NA	       NA	       NA	      NA	       NA	       NA	       NA	       NA	       NA	2.45E-05	       NA	       NA	       NA	       NA	       NA	       NA	6.67E-05	8.96E-06	      NA	       NA	   NA	       NA	       NA	       NA	       NA	      NA	       NA	       NA	       NA	       NA	       NA	       NA	       NA	   NA	       NA	   NA	       NA	3.33E-06	       NA	       NA	       NA	      NA	      NA	       NA	       NA	6.67E-05	       NA	       NA	      NA	       NA	       NA	       NA	       NA	      NA	       NA	       NA	       NA	      NA	       NA	       NA	7.66E-07	1.01E-04	1.05E-04	5.50E-07	       NA	      NA	5.41E-06	0.00189	       NA	     NA	      NA	       NA	      NA	      NA	      NA	      NA	       NA	      NA	      NA	      NA	      NA	      NA	   NA	      NA	      NA	     NA	     NA
SUM44PE	       NA	      NA	       NA	       NA	       NA	       NA	       NA	       NA	       NA	      NA	       NA	       NA	       NA	       NA	       NA	       NA	      NA	1.67E-04	       NA	       NA	       NA	       NA	       NA	5.11E-07	       NA	       NA	       NA	       NA	       NA	       NA	       NA	      NA	       NA	   NA	       NA	       NA	       NA	       NA	      NA	       NA	       NA	       NA	       NA	       NA	       NA	       NA	   NA	       NA	   NA	       NA	      NA	1.67E-04	1.09E-04	       NA	      NA	      NA	       NA	       NA	       NA	       NA	       NA	      NA	       NA	       NA	       NA	       NA	      NA	       NA	       NA	       NA	      NA	       NA	       NA	       NA	       NA	       NA	       NA	       NA	      NA	       NA	      NA	       NA	     NA	      NA	       NA	      NA	      NA	      NA	      NA	       NA	      NA	      NA	      NA	      NA	      NA	   NA	      NA	      NA	     NA	     NA
MDAMB436	       NA	      NA	       NA	       NA	       NA	       NA	       NA	       NA	3.33E-05	      NA	       NA	       NA	7.64E-05	1.00E-04	       NA	       NA	      NA	1.67E-04	       NA	3.87E-04	1.00E-05	4.42E-04	       NA	4.49E-05	8.53E-05	9.20E-05	3.33E-05	       NA	       NA	       NA	       NA	6.85E-07	       NA	   NA	       NA	       NA	       NA	       NA	      NA	       NA	7.22E-03	       NA	       NA	       NA	       NA	       NA	   NA	       NA	   NA	       NA	      NA	3.86E-05	1.09E-04	       NA	      NA	      NA	       NA	       NA	       NA	1.67E-04	4.64E-05	      NA	       NA	       NA	       NA	5.56E-05	      NA	       NA	       NA	       NA	      NA	       NA	       NA	       NA	       NA	       NA	       NA	       NA	      NA	       NA	      NA	MAX	     NA	      NA	       NA	      NA	      NA	      NA	      NA	       NA	      NA	      NA	      NA	      NA	      NA	1.00E-04	      NA	6.67E-05	     NA	     NA
MDAMB468	       NA	      NA	       NA	       NA	       NA	       NA	       NA	       NA	1.12E-08	      NA	       NA	       NA	3.33E-05	1.31E-07	       NA	       NA	      NA	7.84E-05	       NA	1.02E-04	1.06E-08	3.47E-04	       NA	1.99E-05	8.53E-05	8.46E-06	3.33E-05	       NA	       NA	       NA	       NA	      NA	       NA	   NA	       NA	       NA	       NA	       NA	      NA	       NA	7.22E-04	       NA	       NA	       NA	       NA	       NA	   NA	       NA	   NA	       NA	      NA	       NA	6.03E-06	       NA	      NA	      NA	       NA	       NA	       NA	1.67E-04	7.83E-07	      NA	       NA	       NA	       NA	1.53E-06	      NA	       NA	       NA	       NA	      NA	       NA	       NA	       NA	       NA	       NA	       NA	       NA	      NA	       NA	      NA	0.0061501	     NA	      NA	       NA	      NA	      NA	      NA	      NA	       NA	      NA	      NA	      NA	      NA	      NA	   NA	      NA	      NA	     NA	     NA
UACC893	       NA	      NA	       NA	       NA	       NA	       NA	       NA	       NA	3.33E-05	      NA	       NA	       NA	2.05E-04	1.37E-07	       NA	       NA	      NA	2.31E-05	       NA	1.22E-03	1.00E-05	2.26E-04	       NA	4.76E-08	8.42E-05	1.28E-06	1.62E-05	       NA	       NA	       NA	       NA	6.85E-07	       NA	   NA	       NA	       NA	       NA	       NA	      NA	       NA	7.22E-04	       NA	       NA	       NA	       NA	       NA	   NA	       NA	   NA	       NA	      NA	6.32E-05	2.08E-06	       NA	      NA	      NA	       NA	       NA	       NA	5.74E-05	2.02E-06	      NA	       NA	       NA	       NA	1.17E-06	      NA	       NA	       NA	       NA	      NA	       NA	       NA	       NA	       NA	       NA	       NA	       NA	      NA	       NA	      NA	0.0039538	7.20E-06	      NA	       NA	      NA	      NA	      NA	      NA	       NA	      NA	      NA	      NA	      NA	      NA	   NA	      NA	      NA	     NA	     NA
21PT	       NA	      NA	       NA	       NA	       NA	       NA	       NA	       NA	       NA	      NA	       NA	       NA	       NA	       NA	       NA	       NA	      NA	       NA	       NA	       NA	       NA	       NA	       NA	       NA	       NA	       NA	       NA	       NA	       NA	       NA	2.50E-08	      NA	       NA	   NA	       NA	       NA	       NA	       NA	      NA	       NA	       NA	       NA	       NA	       NA	       NA	       NA	   NA	       NA	   NA	       NA	      NA	       NA	       NA	       NA	      NA	      NA	       NA	       NA	       NA	       NA	       NA	      NA	       NA	       NA	       NA	       NA	      NA	       NA	       NA	       NA	      NA	       NA	       NA	       NA	       NA	       NA	       NA	       NA	      NA	       NA	      NA	       NA	     NA	      NA	       NA	      NA	      NA	      NA	      NA	       NA	      NA	      NA	      NA	      NA	      NA	   NA	      NA	      NA	     NA	     NA
JIMT1	       NA	      NA	       NA	       NA	       NA	       NA	       NA	       NA	       NA	      NA	       NA	       NA	       NA	       NA	       NA	       NA	      NA	       NA	       NA	       NA	       NA	       NA	       NA	       NA	       NA	       NA	       NA	       NA	       NA	       NA	2.47E-08	      NA	       NA	   NA	       NA	       NA	       NA	       NA	      NA	       NA	       NA	       NA	       NA	       NA	       NA	       NA	   NA	       NA	   NA	       NA	      NA	       NA	       NA	       NA	      NA	      NA	       NA	       NA	       NA	       NA	       NA	      NA	       NA	       NA	       NA	       NA	      NA	       NA	       NA	       NA	      NA	       NA	       NA	       NA	       NA	       NA	       NA	       NA	      NA	       NA	      NA	       NA	     NA	      NA	       NA	      NA	      NA	      NA	      NA	       NA	      NA	      NA	      NA	3.33E-05	      NA	   NA	      NA	      NA	     NA	     NA
S1	       NA	      NA	       NA	       NA	       NA	       NA	       NA	       NA	3.33E-05	      NA	       NA	       NA	1.03E-04	1.00E-04	       NA	       NA	      NA	       NA	       NA	1.84E-04	1.00E-05	1.22E-04	       NA	1.00E-04	7.38E-05	3.80E-06	3.33E-05	       NA	       NA	       NA	       NA	6.85E-07	       NA	   NA	       NA	       NA	       NA	       NA	      NA	       NA	1.45E-04	       NA	       NA	       NA	       NA	       NA	   NA	       NA	   NA	       NA	      NA	3.59E-06	1.09E-04	       NA	      NA	      NA	       NA	       NA	       NA	1.67E-04	4.64E-05	      NA	       NA	       NA	       NA	1.34E-06	      NA	       NA	       NA	       NA	      NA	       NA	       NA	       NA	       NA	       NA	       NA	       NA	      NA	       NA	      NA	0.00894	     NA	      NA	       NA	      NA	      NA	      NA	      NA	       NA	      NA	      NA	      NA	      NA	      NA	   NA	      NA	      NA	     NA	     NA
SUM102PT	       NA	      NA	       NA	       NA	       NA	       NA	       NA	       NA	       NA	      NA	       NA	       NA	5.00E-04	2.47E-06	       NA	       NA	      NA	       NA	       NA	       NA	       NA	       NA	       NA	       NA	       NA	5.77E-07	3.33E-05	       NA	       NA	       NA	       NA	6.85E-07	       NA	   NA	       NA	       NA	       NA	       NA	      NA	       NA	       NA	       NA	       NA	       NA	       NA	       NA	   NA	       NA	   NA	       NA	      NA	       NA	9.92E-07	       NA	      NA	      NA	       NA	       NA	       NA	       NA	       NA	      NA	       NA	       NA	       NA	       NA	      NA	       NA	       NA	       NA	      NA	       NA	       NA	       NA	       NA	       NA	       NA	       NA	      NA	       NA	      NA	       NA	7.20E-06	      NA	       NA	      NA	      NA	      NA	      NA	       NA	      NA	      NA	      NA	      NA	      NA	   NA	      NA	      NA	     NA	     NA
SUM190PT	       NA	      NA	       NA	       NA	       NA	       NA	       NA	       NA	4.83E-08	      NA	       NA	       NA	3.32E-06	2.72E-07	       NA	       NA	      NA	       NA	       NA	2.72E-05	3.24E-08	1.10E-05	       NA	2.22E-05	       NA	       NA	2.13E-05	       NA	       NA	       NA	       NA	      NA	       NA	   NA	       NA	       NA	       NA	       NA	      NA	       NA	2.66E-08	       NA	       NA	       NA	       NA	       NA	   NA	       NA	   NA	       NA	      NA	2.38E-05	       NA	       NA	      NA	      NA	       NA	       NA	       NA	1.67E-04	       NA	      NA	       NA	       NA	       NA	9.54E-07	      NA	       NA	       NA	       NA	      NA	       NA	       NA	       NA	       NA	       NA	       NA	       NA	      NA	       NA	      NA	0.000259	     NA	      NA	       NA	      NA	      NA	      NA	      NA	       NA	      NA	      NA	      NA	      NA	      NA	   NA	      NA	      NA	     NA	     NA
T4	       NA	      NA	       NA	       NA	       NA	       NA	       NA	       NA	1.25E-08	      NA	       NA	       NA	4.87E-05	1.00E-04	       NA	       NA	      NA	       NA	       NA	2.84E-04	1.00E-05	3.58E-04	       NA	       NA	5.15E-05	9.18E-07	       NA	       NA	       NA	       NA	       NA	      NA	       NA	   NA	       NA	       NA	       NA	       NA	      NA	       NA	       NA	       NA	       NA	       NA	       NA	       NA	   NA	       NA	   NA	       NA	      NA	       NA	       NA	       NA	      NA	      NA	       NA	       NA	       NA	       NA	       NA	      NA	       NA	       NA	       NA	       NA	      NA	       NA	       NA	       NA	      NA	       NA	       NA	       NA	       NA	       NA	       NA	       NA	      NA	       NA	      NA	       NA	     NA	      NA	       NA	      NA	      NA	      NA	      NA	       NA	      NA	      NA	      NA	      NA	      NA	   NA	      NA	      NA	     NA	     NA
1%BT20	       NA	      NA	       NA	       NA	       NA	       NA	       NA	       NA	       NA	      NA	       NA	       NA	       NA	       NA	       NA	       NA	      NA	       NA	       NA	       NA	       NA	       NA	       NA	       NA	       NA	       NA	       NA	       NA	       NA	       NA	       NA	      NA	       NA	   NA	       NA	       NA	       NA	       NA	      NA	       NA	       NA	       NA	       NA	       NA	       NA	       NA	   NA	       NA	   NA	       NA	      NA	       NA	       NA	       NA	      NA	      NA	       NA	       NA	       NA	       NA	       NA	      NA	       NA	       NA	       NA	       NA	      NA	       NA	       NA	       NA	      NA	       NA	       NA	       NA	       NA	       NA	       NA	       NA	      NA	       NA	      NA	       NA	     NA	      NA	       NA	      NA	      NA	      NA	      NA	       NA	      NA	      NA	      NA	      NA	      NA	   NA	      NA	      NA	     NA	     NA
1%CAMA1	       NA	      NA	       NA	       NA	       NA	       NA	       NA	       NA	       NA	      NA	       NA	       NA	       NA	       NA	       NA	       NA	      NA	       NA	       NA	       NA	       NA	       NA	       NA	       NA	       NA	       NA	       NA	       NA	       NA	       NA	       NA	      NA	       NA	   NA	       NA	       NA	       NA	       NA	      NA	       NA	       NA	       NA	       NA	       NA	       NA	       NA	   NA	       NA	   NA	       NA	      NA	       NA	       NA	       NA	      NA	      NA	       NA	       NA	       NA	       NA	       NA	      NA	       NA	       NA	       NA	       NA	      NA	       NA	       NA	       NA	      NA	       NA	       NA	       NA	       NA	       NA	       NA	       NA	      NA	       NA	      NA	       NA	     NA	      NA	       NA	      NA	      NA	      NA	      NA	       NA	      NA	      NA	      NA	      NA	      NA	   NA	      NA	      NA	     NA	     NA
1%JIMT1	       NA	      NA	       NA	       NA	       NA	       NA	       NA	       NA	       NA	      NA	       NA	       NA	       NA	       NA	       NA	       NA	      NA	       NA	       NA	       NA	       NA	       NA	       NA	       NA	       NA	       NA	       NA	       NA	       NA	       NA	       NA	      NA	       NA	   NA	       NA	       NA	       NA	       NA	      NA	       NA	       NA	       NA	       NA	       NA	       NA	       NA	   NA	       NA	   NA	       NA	      NA	       NA	       NA	       NA	      NA	      NA	       NA	       NA	       NA	       NA	       NA	      NA	       NA	       NA	       NA	       NA	      NA	       NA	       NA	       NA	      NA	       NA	       NA	       NA	       NA	       NA	       NA	       NA	      NA	       NA	      NA	       NA	     NA	      NA	       NA	      NA	      NA	      NA	      NA	       NA	      NA	      NA	      NA	      NA	      NA	   NA	      NA	      NA	     NA	     NA
1%LY2	       NA	      NA	       NA	       NA	       NA	       NA	       NA	       NA	       NA	      NA	       NA	       NA	       NA	       NA	       NA	       NA	      NA	       NA	       NA	       NA	       NA	       NA	       NA	       NA	       NA	       NA	       NA	       NA	       NA	       NA	       NA	      NA	       NA	   NA	       NA	       NA	       NA	       NA	      NA	       NA	       NA	       NA	       NA	       NA	       NA	       NA	   NA	       NA	   NA	       NA	      NA	       NA	       NA	       NA	      NA	      NA	       NA	       NA	       NA	       NA	       NA	      NA	       NA	       NA	       NA	       NA	      NA	       NA	       NA	       NA	      NA	       NA	       NA	       NA	       NA	       NA	       NA	       NA	      NA	       NA	      NA	       NA	     NA	      NA	       NA	      NA	      NA	      NA	      NA	       NA	      NA	      NA	      NA	      NA	      NA	   NA	      NA	      NA	     NA	     NA
1%MDAMB157	       NA	      NA	       NA	       NA	       NA	       NA	       NA	       NA	       NA	      NA	       NA	       NA	       NA	       NA	       NA	       NA	      NA	       NA	       NA	       NA	       NA	       NA	       NA	       NA	       NA	       NA	       NA	       NA	       NA	       NA	       NA	      NA	       NA	   NA	       NA	       NA	       NA	       NA	      NA	       NA	       NA	       NA	       NA	       NA	       NA	       NA	   NA	       NA	   NA	       NA	      NA	       NA	       NA	       NA	      NA	      NA	       NA	       NA	       NA	       NA	       NA	      NA	       NA	       NA	       NA	       NA	      NA	       NA	       NA	       NA	      NA	       NA	       NA	       NA	       NA	       NA	       NA	       NA	      NA	       NA	      NA	       NA	     NA	      NA	       NA	      NA	      NA	      NA	      NA	       NA	      NA	      NA	      NA	      NA	      NA	   NA	      NA	      NA	     NA	     NA
1%MDAMB231	       NA	      NA	       NA	       NA	       NA	       NA	       NA	       NA	       NA	      NA	       NA	       NA	       NA	       NA	       NA	       NA	      NA	       NA	       NA	       NA	       NA	       NA	       NA	       NA	       NA	       NA	       NA	       NA	       NA	       NA	       NA	      NA	       NA	   NA	       NA	       NA	       NA	       NA	      NA	       NA	       NA	       NA	       NA	       NA	       NA	       NA	   NA	       NA	   NA	       NA	      NA	       NA	       NA	       NA	      NA	      NA	       NA	       NA	       NA	       NA	       NA	      NA	       NA	       NA	       NA	       NA	      NA	       NA	       NA	       NA	      NA	       NA	       NA	       NA	       NA	       NA	       NA	       NA	      NA	       NA	      NA	       NA	     NA	      NA	       NA	      NA	      NA	      NA	      NA	       NA	      NA	      NA	      NA	      NA	      NA	   NA	      NA	      NA	     NA	     NA
1%MDAMB361	       NA	      NA	       NA	       NA	       NA	       NA	       NA	       NA	       NA	      NA	       NA	       NA	       NA	       NA	       NA	       NA	      NA	       NA	       NA	       NA	       NA	       NA	       NA	       NA	       NA	       NA	       NA	       NA	       NA	       NA	       NA	      NA	       NA	   NA	       NA	       NA	       NA	       NA	      NA	       NA	       NA	       NA	       NA	       NA	       NA	       NA	   NA	       NA	   NA	       NA	      NA	       NA	       NA	       NA	      NA	      NA	       NA	       NA	       NA	       NA	       NA	      NA	       NA	       NA	       NA	       NA	      NA	       NA	       NA	       NA	      NA	       NA	       NA	       NA	       NA	       NA	       NA	       NA	      NA	       NA	      NA	       NA	     NA	      NA	       NA	      NA	      NA	      NA	      NA	       NA	      NA	      NA	      NA	      NA	      NA	   NA	      NA	      NA	     NA	     NA
1%MDAMB436D	       NA	      NA	       NA	       NA	       NA	       NA	       NA	       NA	       NA	      NA	       NA	       NA	       NA	       NA	       NA	       NA	      NA	       NA	       NA	       NA	       NA	       NA	       NA	       NA	       NA	       NA	       NA	       NA	       NA	       NA	       NA	      NA	       NA	   NA	       NA	       NA	       NA	       NA	      NA	       NA	       NA	       NA	       NA	       NA	       NA	       NA	   NA	       NA	   NA	       NA	      NA	       NA	       NA	       NA	      NA	      NA	       NA	       NA	       NA	       NA	       NA	      NA	       NA	       NA	       NA	       NA	      NA	       NA	       NA	       NA	      NA	       NA	       NA	       NA	       NA	       NA	       NA	       NA	      NA	       NA	      NA	       NA	     NA	      NA	       NA	      NA	      NA	      NA	      NA	       NA	      NA	      NA	      NA	      NA	      NA	   NA	      NA	      NA	     NA	     NA
1%MDAMB453	       NA	      NA	       NA	       NA	       NA	       NA	       NA	       NA	       NA	      NA	       NA	       NA	       NA	       NA	       NA	       NA	      NA	       NA	       NA	       NA	       NA	       NA	       NA	       NA	       NA	       NA	       NA	       NA	       NA	       NA	       NA	      NA	       NA	   NA	       NA	       NA	       NA	       NA	      NA	       NA	       NA	       NA	       NA	       NA	       NA	       NA	   NA	       NA	   NA	       NA	      NA	       NA	       NA	       NA	      NA	      NA	       NA	       NA	       NA	       NA	       NA	      NA	       NA	       NA	       NA	       NA	      NA	       NA	       NA	       NA	      NA	       NA	       NA	       NA	       NA	       NA	       NA	       NA	      NA	       NA	      NA	       NA	     NA	      NA	       NA	      NA	      NA	      NA	      NA	       NA	      NA	      NA	      NA	      NA	      NA	   NA	      NA	      NA	     NA	     NA
1%MDAMB468D	       NA	      NA	       NA	       NA	       NA	       NA	       NA	       NA	       NA	      NA	       NA	       NA	       NA	       NA	       NA	       NA	      NA	       NA	       NA	       NA	       NA	       NA	       NA	       NA	       NA	       NA	       NA	       NA	       NA	       NA	       NA	      NA	       NA	   NA	       NA	       NA	       NA	       NA	      NA	       NA	       NA	       NA	       NA	       NA	       NA	       NA	   NA	       NA	   NA	       NA	      NA	       NA	       NA	       NA	      NA	      NA	       NA	       NA	       NA	       NA	       NA	      NA	       NA	       NA	       NA	       NA	      NA	       NA	       NA	       NA	      NA	       NA	       NA	       NA	       NA	       NA	       NA	       NA	      NA	       NA	      NA	       NA	     NA	      NA	       NA	      NA	      NA	      NA	      NA	       NA	      NA	      NA	      NA	      NA	      NA	   NA	      NA	      NA	     NA	     NA
1%UACC812	       NA	      NA	       NA	       NA	       NA	       NA	       NA	       NA	       NA	      NA	       NA	       NA	       NA	       NA	       NA	       NA	      NA	       NA	       NA	       NA	       NA	       NA	       NA	       NA	       NA	       NA	       NA	       NA	       NA	       NA	       NA	      NA	       NA	   NA	       NA	       NA	       NA	       NA	      NA	       NA	       NA	       NA	       NA	       NA	       NA	       NA	   NA	       NA	   NA	       NA	      NA	       NA	       NA	       NA	      NA	      NA	       NA	       NA	       NA	       NA	       NA	      NA	       NA	       NA	       NA	       NA	      NA	       NA	       NA	       NA	      NA	       NA	       NA	       NA	       NA	       NA	       NA	       NA	      NA	       NA	      NA	       NA	     NA	      NA	       NA	      NA	      NA	      NA	      NA	       NA	      NA	      NA	      NA	      NA	      NA	   NA	      NA	      NA	     NA	     NA
1%UACC893D	       NA	      NA	       NA	       NA	       NA	       NA	       NA	       NA	       NA	      NA	       NA	       NA	       NA	       NA	       NA	       NA	      NA	       NA	       NA	       NA	       NA	       NA	       NA	       NA	       NA	       NA	       NA	       NA	       NA	       NA	       NA	      NA	       NA	   NA	       NA	       NA	       NA	       NA	      NA	       NA	       NA	       NA	       NA	       NA	       NA	       NA	   NA	       NA	   NA	       NA	      NA	       NA	       NA	       NA	      NA	      NA	       NA	       NA	       NA	       NA	       NA	      NA	       NA	       NA	       NA	       NA	      NA	       NA	       NA	       NA	      NA	       NA	       NA	       NA	       NA	       NA	       NA	       NA	      NA	       NA	      NA	       NA	     NA	      NA	       NA	      NA	      NA	      NA	      NA	       NA	      NA	      NA	      NA	      NA	      NA	   NA	      NA	      NA	     NA	     NA
CAL120	       NA	      NA	       NA	       NA	       NA	       NA	       NA	       NA	       NA	      NA	       NA	       NA	       NA	       NA	       NA	       NA	      NA	       NA	       NA	       NA	       NA	       NA	       NA	       NA	       NA	       NA	       NA	       NA	       NA	       NA	2.70E-08	      NA	       NA	   NA	       NA	       NA	       NA	       NA	      NA	       NA	       NA	       NA	       NA	       NA	       NA	       NA	   NA	       NA	   NA	       NA	      NA	       NA	       NA	       NA	      NA	      NA	       NA	       NA	       NA	       NA	       NA	      NA	       NA	       NA	       NA	       NA	      NA	       NA	       NA	       NA	      NA	       NA	       NA	       NA	       NA	       NA	       NA	       NA	      NA	       NA	      NA	       NA	     NA	      NA	       NA	      NA	      NA	      NA	      NA	       NA	      NA	      NA	      NA	      NA	      NA	   NA	      NA	      NA	     NA	     NA
CAL148	       NA	      NA	       NA	       NA	       NA	       NA	       NA	       NA	       NA	      NA	       NA	       NA	       NA	       NA	       NA	       NA	      NA	       NA	       NA	       NA	       NA	       NA	       NA	       NA	       NA	       NA	       NA	       NA	       NA	       NA	1.67E-07	      NA	       NA	   NA	       NA	       NA	       NA	       NA	      NA	       NA	       NA	       NA	       NA	       NA	       NA	       NA	   NA	       NA	   NA	       NA	      NA	       NA	       NA	       NA	      NA	      NA	       NA	       NA	       NA	       NA	       NA	      NA	       NA	       NA	       NA	       NA	      NA	       NA	       NA	       NA	      NA	       NA	       NA	       NA	       NA	       NA	       NA	       NA	      NA	       NA	      NA	       NA	     NA	      NA	       NA	      NA	      NA	      NA	      NA	       NA	      NA	      NA	      NA	      NA	      NA	   NA	      NA	      NA	     NA	     NA
CAL85	       NA	      NA	       NA	       NA	       NA	       NA	       NA	       NA	       NA	      NA	       NA	       NA	       NA	       NA	       NA	       NA	      NA	       NA	       NA	       NA	       NA	       NA	       NA	       NA	       NA	       NA	       NA	       NA	       NA	       NA	1.19E-08	      NA	       NA	   NA	       NA	       NA	       NA	       NA	      NA	       NA	       NA	       NA	       NA	       NA	       NA	       NA	   NA	       NA	   NA	       NA	      NA	       NA	       NA	       NA	      NA	      NA	       NA	       NA	       NA	       NA	       NA	      NA	       NA	       NA	       NA	       NA	      NA	       NA	       NA	       NA	      NA	       NA	       NA	       NA	       NA	       NA	       NA	       NA	      NA	       NA	      NA	       NA	     NA	      NA	       NA	      NA	      NA	      NA	      NA	       NA	      NA	      NA	      NA	      NA	      NA	   NA	      NA	      NA	     NA	     NA
EFM192A	       NA	      NA	       NA	       NA	       NA	       NA	       NA	       NA	       NA	      NA	       NA	       NA	       NA	       NA	       NA	       NA	      NA	       NA	       NA	       NA	       NA	       NA	       NA	       NA	       NA	       NA	       NA	       NA	       NA	       NA	3.08E-08	      NA	       NA	   NA	       NA	       NA	       NA	       NA	      NA	       NA	       NA	       NA	       NA	       NA	       NA	       NA	   NA	       NA	   NA	       NA	      NA	       NA	       NA	       NA	      NA	      NA	       NA	       NA	       NA	       NA	       NA	      NA	       NA	       NA	       NA	       NA	      NA	       NA	       NA	       NA	      NA	       NA	       NA	       NA	       NA	       NA	       NA	       NA	      NA	       NA	      NA	       NA	     NA	      NA	       NA	      NA	      NA	      NA	      NA	       NA	      NA	      NA	      NA	      NA	      NA	   NA	      NA	      NA	     NA	     NA
EFM192B	       NA	      NA	       NA	       NA	       NA	       NA	       NA	       NA	       NA	      NA	       NA	       NA	       NA	       NA	       NA	       NA	      NA	       NA	       NA	       NA	       NA	       NA	       NA	       NA	       NA	       NA	       NA	       NA	       NA	       NA	2.15E-08	      NA	       NA	   NA	       NA	       NA	       NA	       NA	      NA	       NA	       NA	       NA	       NA	       NA	       NA	       NA	   NA	       NA	   NA	       NA	      NA	       NA	       NA	       NA	      NA	      NA	       NA	       NA	       NA	       NA	       NA	      NA	       NA	       NA	       NA	       NA	      NA	       NA	       NA	       NA	      NA	       NA	       NA	       NA	       NA	       NA	       NA	       NA	      NA	       NA	      NA	       NA	     NA	      NA	       NA	      NA	      NA	      NA	      NA	       NA	      NA	      NA	      NA	      NA	      NA	   NA	      NA	      NA	     NA	     NA
EFM192C	       NA	      NA	       NA	       NA	       NA	       NA	       NA	       NA	       NA	      NA	       NA	       NA	       NA	       NA	       NA	       NA	      NA	       NA	       NA	       NA	       NA	       NA	       NA	       NA	       NA	       NA	       NA	       NA	       NA	       NA	3.34E-07	      NA	       NA	   NA	       NA	       NA	       NA	       NA	      NA	       NA	       NA	       NA	       NA	       NA	       NA	       NA	   NA	       NA	   NA	       NA	      NA	       NA	       NA	       NA	      NA	      NA	       NA	       NA	       NA	       NA	       NA	      NA	       NA	       NA	       NA	       NA	      NA	       NA	       NA	       NA	      NA	       NA	       NA	       NA	       NA	       NA	       NA	       NA	      NA	       NA	      NA	       NA	     NA	      NA	       NA	      NA	      NA	      NA	      NA	       NA	      NA	      NA	      NA	      NA	      NA	   NA	      NA	      NA	     NA	     NA
EFM19	       NA	      NA	       NA	       NA	       NA	       NA	       NA	       NA	       NA	      NA	       NA	       NA	       NA	       NA	       NA	       NA	      NA	       NA	       NA	       NA	       NA	       NA	       NA	       NA	       NA	       NA	       NA	       NA	       NA	       NA	1.30E-08	      NA	       NA	   NA	       NA	       NA	       NA	       NA	      NA	       NA	       NA	       NA	       NA	       NA	       NA	       NA	   NA	       NA	   NA	       NA	      NA	       NA	       NA	       NA	      NA	      NA	       NA	       NA	       NA	       NA	       NA	      NA	       NA	       NA	       NA	       NA	      NA	       NA	       NA	       NA	      NA	       NA	       NA	       NA	       NA	       NA	       NA	       NA	      NA	       NA	      NA	       NA	     NA	      NA	       NA	      NA	      NA	      NA	      NA	       NA	      NA	      NA	      NA	      NA	      NA	   NA	      NA	      NA	     NA	     NA
