	Erlotinib	AG1024	Imatinib	Trichostatin A	Etoposide	Fascaplysin	Methotrexate	Bortezomib-batch1	Paclitaxel	PS-1145	SAHA (Vorinostat)	Ixabepilone	Cisplatin	Geldanamycin	API-2(Tricir)	Pemetrexed	Purvalanol A	Rapamycin	Sunitinib Malate	Carboplatin	Docetaxel	Oxaliplatin	Nelfinavir	17-AAG	CPT-11(FD)	Doxorubicin(FD)	Iressa	Baicalein	Sorafenib	Mebendazole	Bortezomib-batch2	Cetuximab	AKT1-2 inhibitor	AZD6244	Lestaurtinib(CEP-701)	NSC663284	Oxamflatin	SB-3CT	TCS PIM-11	VX-680	5-FU	Gemcitabine	BEZ235	5-FdUR	AS-252424	Ibandronate sodium salt	LBH589	MG-132	Olomoucine II	PD98059(LC Labs)	TCS2312 dihydrochloride	Sodium Dichloroacetate	Tamoxifen	TPT(FD)	FTase inhibitor I	ICRF-193	PD184352	Rafi IV (L779450)	ZM447439	Disulfiram	AG1478	Vinorelbine	Glycyl H1152	SKI-606(Bosutinib)	XRP44X	NU6102	Epirubicin	ERKi II (FR180304)	Temsirolimus(Torisel)	Valproic acid	IKK 16	BIBW2992	TPCA-1	Everolimus	PD173074	Z-Leu-Leu-Norvalinal	4-HC	4-HC+Dox Combo	Doxorubicin	TCS JNK 5a	Z-Leu-Leu-Leu-al	Methyl Glyoxol	Herceptin	QNZ	Bromopyruvate	GM6001	TAPI-0 (IC-1)	GW5074	Chloroquine	Chk2 inhibitor II	GW843682X	Ro 32-0432	DMSO	Sulindac sulfide	2-deoxy-D-glucose	LY294002	CI1040	UO126	Celecoxib(Celebrex)	Nilotinib
MCF12A	3.17E-05	3.33E-05	7.54E-05	5.34E-05	3.13E-05	9.15E-07	3.33E-04	3.66E-07	3.33E-05	1.89E-03	8.22E-04	6.53E-08	1.19E-04	3.20E-08	2.38E-05	2.92E-03	8.32E-05	2.54E-06	1.06E-05	2.80E-04	1.00E-05	3.18E-05	3.33E-05	3.94E-08	1.62E-05	1.62E-07	1.57E-06	7.71E-05	5.59E-05	6.67E-05	2.75E-06	6.85E-07	3.06E-05	2.11E-05	1.71E-06	2.31E-06	5.53E-06	1.67E-04	4.87E-05	3.35E-06	1.35E-04	7.84E-08	3.33E-05	2.75E-04	3.33E-05	7.99E-04	1.05E-06	9.17E-08	7.20E-06	5.00E-05	1.98E-06	3.33E-06	6.33E-05	2.73E-07	6.67E-05	5.00E-05	3.33E-05	3.33E-05	5.00E-05	6.67E-05	2.29E-07	4.64E-05	6.67E-05	2.75E-06	7.37E-06	2.31E-05	4.11E-07	1.00E-04	2.65E-05	0.005172	7.67E-06	1.29E-06	6.67E-05	3.67E-05	3.33E-05	2.65E-07	2.44E-05	1.97E-05	2.92E-07	1.81E-05	8.20E-08	0.00135	7.20E-06	3.33E-05	4.22E-08	3.33E-05	3.33E-05	3.33E-05	1.68E-05	      NA	      NA	      NA	      NA	      NA	      NA	   NA	      NA	      NA	      NA	MAX
MCF10A	1.65E-05	3.33E-05	9.02E-05	6.09E-05	2.55E-04	8.71E-07	3.33E-04	2.07E-06	2.34E-08	1.89E-03	1.05E-03	1.53E-08	3.37E-05	8.69E-09	3.33E-05	2.92E-03	1.67E-04	1.29E-04	1.12E-05	2.25E-04	1.00E-05	6.16E-05	2.47E-05	9.94E-08	4.62E-05	6.59E-07	1.32E-06	1.67E-04	2.58E-04	3.65E-05	1.73E-07	6.85E-07	2.36E-05	5.00E-05	6.62E-06	5.28E-06	2.49E-06	1.00E-04	1.33E-04	3.33E-05	1.43E-04	1.45E-04	3.33E-05	6.83E-05	6.67E-05	1.48E-03	4.06E-07	1.05E-07	5.82E-06	5.00E-05	1.56E-06	3.33E-06	9.66E-05	1.09E-06	3.33E-05	3.33E-05	3.33E-05	3.33E-05	3.33E-05	6.67E-05	5.92E-07	7.06E-08	3.33E-05	5.19E-06	1.33E-04	2.84E-05	7.96E-07	3.33E-05	8.37E-05	0.00376	7.79E-06	1.38E-07	6.67E-05	6.67E-05	3.04E-05	4.96E-07	3.03E-05	3.16E-05	4.83E-07	1.33E-04	6.67E-05	0.0029	7.20E-06	3.33E-05	1.68E-08	3.33E-05	3.33E-05	3.33E-05	       NA	      NA	      NA	      NA	      NA	      NA	      NA	   NA	      NA	      NA	      NA	MAX
HCC1143	6.67E-05	3.33E-05	5.21E-05	3.42E-05	3.12E-05	6.84E-07	3.33E-04	1.13E-08	3.97E-08	1.89E-03	4.24E-04	1.26E-07	2.47E-05	1.39E-07	3.33E-05	2.92E-03	1.67E-04	1.67E-04	8.26E-06	2.12E-04	3.14E-08	4.28E-05	8.55E-06	1.64E-07	2.15E-05	2.82E-07	3.33E-05	1.67E-04	6.98E-05	1.76E-05	1.60E-08	6.85E-07	1.64E-05	5.00E-05	3.64E-06	3.46E-06	2.59E-06	1.00E-04	1.33E-04	3.33E-05	5.11E-03	1.54E-08	3.33E-05	5.00E-03	6.67E-05	3.02E-04	2.65E-07	3.58E-07	8.75E-06	1.00E-04	3.30E-07	3.33E-06	1.67E-04	7.39E-07	3.33E-05	5.00E-05	3.33E-05	4.83E-05	1.00E-04	1.34E-07	1.67E-04	1.34E-05	6.67E-05	1.00E-04	1.33E-04	2.80E-05	6.90E-07	1.00E-04	4.75E-05	0.00831	7.65E-06	6.18E-06	6.67E-05	4.27E-05	3.14E-05	1.24E-06	2.74E-05	2.33E-05	2.94E-07	1.33E-04	6.16E-07	0.0009826	7.20E-06	3.33E-05	       NA	3.33E-05	3.33E-05	3.33E-05	       NA	      NA	      NA	      NA	      NA	      NA	      NA	   NA	      NA	      NA	      NA	MAX
HCC1428	6.67E-05	2.55E-05	2.79E-05	3.27E-06	7.81E-05	5.55E-08	3.33E-04	2.15E-07	3.33E-05	1.89E-03	6.61E-05	1.10E-06	5.32E-05	4.92E-08	4.38E-06	2.92E-03	1.67E-04	1.67E-04	8.74E-06	2.31E-04	1.00E-05	1.29E-05	8.44E-06	1.67E-08	4.21E-05	1.72E-06	1.73E-05	1.03E-04	1.13E-04	6.67E-05	1.26E-07	6.85E-07	1.14E-05	5.00E-05	2.95E-06	5.01E-06	6.52E-07	7.55E-05	1.33E-04	2.73E-05	2.42E-05	2.51E-03	3.33E-05	5.59E-04	6.67E-05	3.36E-04	1.45E-07	4.44E-07	1.68E-05	1.00E-04	1.26E-06	3.33E-06	3.43E-05	1.06E-06	3.33E-05	5.00E-05	6.67E-05	2.52E-05	4.60E-05	6.67E-05	1.67E-04	7.58E-06	6.67E-05	8.13E-06	1.33E-04	2.03E-05	1.51E-06	1.00E-04	2.22E-05	0.001289	5.94E-06	3.94E-06	1.33E-04	2.04E-05	1.04E-05	7.95E-07	1.18E-05	1.32E-05	5.50E-07	1.33E-04	3.42E-07	0.0031279	7.20E-06	3.33E-05	       NA	3.33E-05	3.33E-05	      NA	       NA	      NA	      NA	      NA	      NA	      NA	      NA	   NA	      NA	      NA	      NA	MAX
HCC1569	6.67E-05	3.33E-05	4.25E-05	1.77E-05	3.33E-04	1.02E-06	3.33E-04	1.11E-08	3.33E-05	1.89E-03	3.77E-04	4.54E-06	1.70E-04	4.21E-08	3.33E-05	2.92E-03	1.67E-04	1.67E-04	1.31E-05	6.09E-04	1.00E-05	1.11E-04	3.33E-05	3.52E-07	5.27E-05	9.01E-06	3.33E-05	1.67E-04	3.00E-04	6.67E-05	1.29E-08	6.85E-07	2.01E-05	5.00E-05	3.11E-06	5.94E-06	3.36E-06	1.67E-04	1.33E-04	1.30E-05	1.82E-03	1.45E-04	3.33E-05	5.00E-03	3.33E-05	1.66E-04	3.70E-07	3.32E-07	5.05E-05	5.00E-05	7.41E-07	3.33E-06	1.67E-04	1.19E-05	6.67E-05	5.00E-05	3.33E-05	3.33E-05	5.00E-05	6.67E-05	5.51E-05	3.07E-06	6.67E-05	3.78E-06	1.33E-04	1.95E-05	9.50E-06	1.00E-04	3.44E-05	0.004839	6.25E-06	3.87E-06	6.67E-05	2.61E-05	1.04E-05	1.16E-06	6.44E-05	5.97E-05	5.50E-07	2.00E-04	4.27E-07	0.0018385	7.20E-06	      NA	4.56E-08	      NA	      NA	      NA	       NA	      NA	      NA	      NA	      NA	      NA	      NA	   NA	      NA	      NA	      NA	MAX
MCF10F	1.01E-06	8.22E-06	3.99E-05	1.08E-04	3.33E-04	5.65E-07	3.33E-04	1.61E-07	3.33E-05	1.89E-03	1.72E-03	1.31E-07	1.33E-05	1.37E-08	1.40E-06	2.92E-03	2.96E-05	1.67E-04	6.35E-06	1.26E-04	1.00E-05	8.18E-05	1.85E-05	7.10E-08	8.53E-05	1.16E-06	1.35E-06	1.67E-04	3.97E-05	6.67E-05	2.41E-07	6.85E-07	1.66E-05	5.00E-05	4.30E-06	6.30E-06	6.92E-06	1.00E-04	1.33E-04	2.62E-05	4.30E-05	1.45E-04	3.33E-05	1.90E-03	3.33E-05	1.50E-03	1.63E-06	1.55E-07	1.48E-05	5.00E-05	4.34E-06	3.33E-06	1.67E-04	7.52E-06	3.33E-05	5.00E-05	3.33E-05	1.42E-05	1.00E-04	6.67E-05	9.76E-07	1.41E-07	6.67E-05	1.00E-04	1.33E-04	2.38E-05	1.24E-06	9.26E-05	1.14E-04	0.006	6.25E-06	1.58E-06	1.70E-05	4.47E-05	1.25E-05	5.17E-07	1.05E-04	8.01E-05	5.50E-07	1.33E-04	1.79E-07	0.0018	7.20E-06	      NA	       NA	      NA	      NA	      NA	       NA	      NA	      NA	      NA	      NA	      NA	      NA	   NA	      NA	      NA	      NA	MAX
BT474	1.89E-05	3.33E-05	4.45E-05	1.52E-05	6.29E-05	3.31E-07	3.33E-04	2.97E-08	1.78E-08	1.89E-03	1.04E-04	1.22E-08	4.42E-05	2.15E-08	2.73E-06	2.92E-03	1.67E-04	1.67E-04	2.00E-05	1.89E-04	9.89E-09	8.44E-05	2.05E-05	1.68E-06	8.53E-05	4.08E-06	1.82E-06	1.67E-04	1.13E-04	7.45E-07	2.48E-08	6.85E-07	3.80E-06	5.00E-05	1.31E-06	4.08E-06	8.09E-07	2.23E-05	1.33E-04	1.57E-05	1.02E-03	6.12E-05	3.33E-05	2.75E-03	4.16E-05	3.24E-04	7.82E-08	6.12E-07	3.11E-05	1.00E-04	1.78E-06	3.33E-06	4.18E-05	8.85E-06	6.67E-05	5.00E-05	3.33E-05	2.65E-05	7.74E-05	6.67E-05	3.11E-06	1.67E-06	6.67E-05	4.91E-06	4.84E-05	1.88E-05	1.72E-04	2.78E-05	3.90E-06	0.00239	7.10E-06	2.38E-08	6.67E-05	3.49E-06	9.74E-06	1.33E-06	3.82E-05	3.23E-05	1.88E-07	1.38E-06	5.69E-07	0.00161	      NA	5.67E-08	2.41E-07	3.33E-05	3.33E-05	3.33E-05	1.39E-05	      NA	      NA	      NA	      NA	      NA	MAX	   NA	      NA	      NA	      NA	MAX
SUM1315MO2	6.67E-05	3.33E-05	2.71E-05	8.54E-05	2.71E-06	7.06E-07	3.33E-04	5.06E-08	1.14E-08	1.89E-03	5.77E-04	1.55E-08	3.27E-06	5.91E-08	2.71E-05	2.92E-03	1.21E-05	1.40E-05	1.21E-05	5.26E-05	5.94E-09	2.74E-05	3.33E-05	6.55E-08	1.88E-05	6.10E-07	7.12E-06	1.06E-04	2.41E-04	6.67E-05	4.88E-09	6.57E-08	1.07E-05	5.00E-05	2.84E-07	1.73E-06	2.63E-06	1.67E-04	1.33E-04	1.01E-05	1.34E-03	5.90E-06	3.17E-06	3.44E-03	3.33E-05	6.07E-05	5.60E-07	2.43E-07	5.70E-06	5.00E-05	7.05E-07	3.33E-06	1.67E-04	1.47E-07	6.67E-05	8.16E-06	3.33E-05	3.33E-05	5.00E-05	1.24E-05	8.23E-05	4.70E-09	3.55E-05	1.31E-06	1.01E-05	1.05E-05	1.63E-07	1.00E-04	8.96E-06	0.003155	3.18E-06	1.55E-06	2.78E-06	1.48E-05	6.06E-06	4.06E-07	1.46E-05	1.10E-05	1.31E-07	1.13E-06	1.77E-07	0.0009885	      NA	      NA	       NA	      NA	      NA	      NA	       NA	      NA	      NA	      NA	      NA	      NA	      NA	   NA	      NA	      NA	      NA	MAX
HCC38	6.67E-05	3.33E-05	5.90E-05	1.03E-05	7.89E-07	6.04E-07	3.33E-04	1.41E-08	1.27E-08	1.89E-03	8.24E-05	7.67E-09	4.53E-06	1.26E-07	3.33E-05	2.92E-03	1.67E-04	9.97E-05	6.75E-06	3.47E-05	4.80E-09	1.62E-05	2.44E-05	1.69E-07	1.72E-06	1.31E-07	3.33E-05	3.52E-05	1.36E-04	7.80E-07	2.02E-08	6.85E-07	2.24E-05	5.00E-05	2.56E-07	4.80E-06	5.22E-07	1.00E-04	1.33E-04	1.46E-06	1.59E-03	7.84E-09	3.33E-05	3.45E-03	6.67E-05	9.98E-05	7.25E-08	4.12E-07	7.27E-06	1.00E-04	1.98E-07	3.33E-06	1.67E-04	6.33E-09	3.33E-05	5.00E-05	3.33E-05	3.16E-05	8.99E-06	2.74E-05	1.67E-04	2.34E-08	1.87E-06	1.08E-06	2.73E-05	2.37E-05	1.58E-07	1.00E-04	5.26E-05	0.002421	6.07E-06	5.51E-06	7.14E-06	3.48E-05	1.17E-05	6.41E-07	1.27E-06	1.94E-06	1.48E-08	1.32E-05	4.03E-07	       NA	7.20E-06	3.33E-05	1.75E-07	3.33E-05	3.33E-05	      NA	1.70E-05	6.67E-05	3.33E-05	3.33E-05	      NA	1.33E-04	MAX	   NA	      NA	      NA	MAX	MAX
SUM229PE	6.67E-05	3.33E-05	1.31E-05	2.61E-05	4.24E-06	3.67E-07	3.33E-04	9.40E-08	5.74E-08	1.89E-03	2.48E-04	1.27E-08	9.97E-06	3.45E-08	3.33E-05	2.92E-03	1.67E-04	2.89E-05	1.06E-05	6.38E-05	6.61E-08	1.52E-05	1.59E-05	7.51E-08	1.75E-05	3.63E-07	1.07E-05	1.67E-04	1.00E-03	6.67E-05	6.00E-09	6.85E-07	3.20E-05	2.75E-06	2.06E-06	6.51E-06	4.06E-06	1.00E-04	1.33E-04	5.96E-06	6.78E-04	1.45E-04	3.33E-05	2.62E-03	6.67E-05	1.50E-03	3.23E-07	1.25E-07	1.33E-04	5.00E-05	3.33E-05	3.33E-06	8.74E-06	2.13E-07	3.33E-05	3.33E-05	2.36E-05	3.33E-05	3.33E-05	4.38E-05	1.67E-04	5.89E-09	3.33E-05	6.39E-06	1.33E-04	2.78E-05	6.08E-07	3.33E-05	5.77E-05	0.00511	1.91E-06	7.74E-06	3.66E-06	3.64E-05	1.33E-05	9.18E-07	6.64E-05	3.93E-05	5.50E-07	       NA	4.82E-07	0.000831	      NA	      NA	4.66E-08	      NA	      NA	      NA	1.69E-05	      NA	      NA	      NA	      NA	      NA	MAX	   NA	      NA	      NA	      NA	MAX
BT549	6.67E-05	3.33E-05	7.80E-05	1.28E-05	8.19E-06	1.07E-06	3.33E-04	9.21E-09	3.33E-05	1.89E-03	3.87E-04	2.09E-08	8.41E-06	7.38E-09	3.33E-05	2.92E-03	1.67E-04	2.61E-05	1.37E-05	7.58E-05	1.00E-05	1.69E-05	1.91E-05	4.43E-08	1.31E-05	4.25E-07	3.33E-05	1.67E-04	3.33E-04	6.67E-05	1.02E-08	6.85E-07	2.84E-05	5.00E-05	9.84E-06	4.10E-06	4.16E-06	8.13E-06	1.33E-04	2.27E-05	1.92E-02	1.73E-08	3.33E-05	5.00E-03	3.33E-05	4.00E-04	6.38E-07	1.12E-07	9.59E-06	5.00E-05	1.28E-06	3.33E-06	1.67E-04	3.86E-08	6.67E-05	5.00E-05	3.33E-05	3.33E-05	5.00E-05	6.67E-05	1.65E-04	1.57E-08	6.67E-05	4.49E-06	1.33E-04	6.67E-05	4.76E-07	1.00E-04	7.07E-05	0.00768	8.77E-06	4.69E-06	6.67E-05	6.67E-05	2.12E-05	5.47E-07	       NA	       NA	       NA	2.60E-06	1.95E-07	0.000826	7.20E-06	3.33E-05	       NA	3.33E-05	3.33E-05	3.33E-05	       NA	      NA	      NA	      NA	      NA	      NA	      NA	   NA	      NA	      NA	      NA	MAX
MDAMB361	6.67E-05	3.33E-05	4.42E-05	1.33E-05	3.02E-05	1.19E-07	3.33E-04	4.59E-05	5.64E-08	1.89E-03	1.20E-04	2.74E-09	2.63E-05	2.00E-08	3.33E-05	2.92E-03	1.67E-04	1.08E-04	1.60E-05	1.34E-04	2.92E-08	2.46E-05	3.33E-05	7.50E-08	1.76E-05	5.98E-07	3.33E-05	1.67E-04	1.63E-04	4.58E-06	3.35E-08	6.85E-07	2.30E-06	5.00E-05	1.03E-06	6.52E-06	1.36E-06	1.67E-04	1.33E-04	1.65E-05	4.47E-04	1.61E-08	2.46E-06	5.00E-03	2.36E-05	2.82E-05	5.26E-08	3.33E-07	1.54E-05	1.00E-04	4.43E-07	3.33E-06	1.67E-04	9.49E-06	6.67E-05	5.00E-05	6.67E-05	1.97E-05	1.20E-05	6.67E-05	6.23E-05	1.38E-09	6.67E-05	2.91E-06	1.14E-06	2.94E-05	3.10E-07	2.44E-05	3.03E-06	0.00274	7.19E-06	3.18E-08	1.33E-04	1.28E-07	1.06E-05	6.79E-07	       NA	       NA	       NA	1.41E-05	       NA	0.00261	      NA	3.33E-05	1.44E-06	3.33E-05	3.33E-05	3.33E-05	1.65E-05	5.32E-05	3.33E-05	3.33E-05	3.33E-05	1.33E-04	      NA	   NA	      NA	      NA	MAX	MAX
HCC1419	9.06E-06	3.33E-05	2.71E-05	1.98E-05	9.07E-05	3.90E-07	3.33E-04	2.64E-09	1.08E-06	1.89E-03	1.40E-04	1.85E-05	2.35E-05	3.73E-08	1.91E-05	2.92E-03	1.67E-04	9.53E-08	2.13E-05	1.58E-04	6.38E-07	4.13E-05	4.05E-06	9.50E-08	4.68E-05	1.03E-06	5.75E-06	8.88E-05	2.24E-04	6.67E-05	9.90E-09	6.85E-07	3.76E-06	5.00E-05	3.75E-06	3.85E-06	4.15E-06	1.67E-04	1.33E-04	4.42E-05	6.39E-04	7.22E-04	3.33E-05	5.00E-03	3.33E-05	4.25E-05	1.52E-07	2.48E-07	1.22E-05	1.00E-04	2.39E-06	3.33E-06	1.67E-04	8.58E-07	6.67E-05	5.00E-05	3.33E-05	3.29E-05	1.80E-05	6.67E-05	5.33E-06	3.43E-06	6.67E-05	3.07E-06	1.33E-04	6.67E-05	9.64E-07	1.00E-04	7.01E-07	0.00268	6.12E-06	1.63E-08	1.33E-04	2.00E-07	1.12E-05	       NA	       NA	       NA	       NA	2.00E-04	       NA	0.00538	7.20E-06	9.47E-09	7.45E-07	3.33E-05	3.33E-05	3.33E-05	1.82E-05	      NA	      NA	      NA	      NA	      NA	0.00135	   NA	      NA	      NA	      NA	MAX
SUM52PE	3.07E-05	3.33E-05	6.29E-05	5.91E-06	8.42E-06	4.46E-07	3.33E-04	8.48E-09	1.24E-08	1.89E-03	9.13E-05	1.19E-09	5.99E-06	2.84E-08	3.33E-05	2.92E-03	1.67E-04	3.33E-05	3.72E-06	6.57E-05	8.98E-09	1.87E-05	2.64E-05	9.10E-08	3.61E-06	2.02E-07	3.33E-05	8.33E-05	2.08E-05	2.67E-06	3.95E-08	6.85E-07	6.19E-06	5.00E-05	1.31E-06	4.48E-06	2.00E-06	6.23E-05	8.08E-05	1.92E-06	3.45E-04	3.18E-08	3.33E-05	2.05E-03	6.67E-05	1.08E-04	2.29E-07	9.62E-08	3.63E-05	1.00E-04	8.70E-07	3.33E-06	1.01E-04	3.64E-08	3.33E-05	5.00E-05	6.67E-05	1.76E-05	2.28E-05	6.67E-05	1.67E-04	1.95E-08	3.11E-05	1.76E-05	1.45E-06	1.71E-05	3.04E-07	1.00E-04	6.87E-07	0.002753	3.76E-06	6.84E-06	6.67E-05	8.89E-07	       NA	5.02E-07	1.70E-05	1.65E-05	4.95E-07	1.33E-04	1.82E-07	0.000132	      NA	      NA	       NA	      NA	      NA	      NA	       NA	      NA	      NA	      NA	      NA	      NA	      NA	   NA	      NA	      NA	      NA	0.0001406
HCC1187	6.67E-05	3.33E-05	3.94E-05	6.94E-06	2.65E-06	2.67E-08	3.33E-04	7.27E-09	1.04E-08	1.89E-03	3.52E-05	2.48E-09	3.19E-06	2.50E-08	5.46E-06	2.92E-03	1.67E-04	3.52E-06	8.05E-06	2.97E-05	6.04E-09	2.63E-06	1.69E-05	1.42E-05	4.74E-05	1.02E-07	3.23E-05	5.02E-05	6.59E-05	4.83E-06	2.02E-09	6.85E-07	1.26E-05	5.00E-05	5.15E-06	2.52E-06	1.68E-06	3.14E-05	1.33E-04	2.13E-07	3.53E-04	1.43E-05	3.33E-05	4.66E-03	6.67E-05	4.16E-04	2.44E-07	1.86E-07	1.17E-05	1.00E-04	1.28E-06	3.33E-06	5.02E-05	7.08E-07	3.33E-05	4.33E-06	6.67E-05	3.33E-05	1.07E-05	2.00E-05	1.67E-04	2.61E-08	1.53E-06	9.66E-06	1.33E-06	1.98E-05	6.45E-07	3.33E-05	1.63E-05	0.00389	8.19E-06	       NA	2.05E-05	       NA	2.00E-05	       NA	       NA	       NA	       NA	9.74E-07	       NA	0.0000658	      NA	      NA	       NA	      NA	      NA	      NA	       NA	6.67E-05	3.33E-05	3.33E-05	      NA	1.33E-04	      NA	1.00E-04	3.33E-05	      NA	MAX	MAX
HCC3153	6.67E-05	3.33E-05	5.30E-05	4.00E-05	6.76E-06	4.68E-07	3.33E-04	2.32E-08	3.71E-08	1.89E-03	4.21E-04	2.05E-08	1.73E-05	1.64E-07	3.33E-05	2.92E-03	1.67E-04	3.33E-05	1.61E-05	6.85E-05	2.74E-08	3.43E-05	8.07E-06	2.93E-07	4.21E-05	8.89E-07	3.33E-05	8.04E-05	5.81E-05	7.06E-07	8.22E-09	6.85E-07	3.51E-05	5.00E-05	1.42E-05	3.74E-06	4.34E-06	1.00E-04	1.33E-04	2.74E-05	5.71E-03	1.45E-04	3.33E-05	4.34E-03	6.67E-05	3.36E-04	7.35E-07	1.98E-07	8.16E-06	1.00E-04	8.09E-07	3.33E-06	1.67E-04	1.17E-06	3.33E-05	3.33E-05	3.33E-05	3.33E-05	1.00E-04	1.75E-05	1.67E-04	6.75E-08	3.33E-05	2.12E-05	5.66E-06	2.05E-05	1.23E-06	3.33E-05	5.53E-05	0.004012	5.35E-06	       NA	1.33E-04	2.89E-05	2.03E-05	5.85E-07	4.01E-05	3.60E-05	3.15E-07	1.48E-05	1.73E-07	0.000455	      NA	3.33E-05	2.70E-08	3.33E-05	3.33E-05	3.33E-05	6.65E-05	6.67E-05	3.33E-05	3.33E-05	      NA	1.33E-04	      NA	   NA	      NA	      NA	MAX	MAX
MCF7	6.67E-05	3.33E-05	3.28E-05	1.59E-05	1.44E-04	4.57E-07	3.33E-04	6.39E-08	3.33E-05	1.89E-03	1.81E-04	6.23E-09	5.23E-05	1.00E-04	7.19E-06	2.92E-03	7.67E-05	3.33E-05	8.77E-06	5.72E-04	1.00E-05	4.65E-05	2.60E-05	1.52E-05	4.06E-05	6.19E-06	3.33E-05	5.88E-05	3.73E-04	6.67E-05	8.41E-07	6.85E-07	5.06E-06	5.00E-05	2.62E-06	6.58E-06	5.06E-06	1.00E-04	1.33E-04	3.33E-05	6.31E-04	1.45E-04	3.33E-05	6.53E-04	3.33E-05	8.89E-05	1.75E-07	8.91E-07	9.54E-06	5.00E-05	2.57E-06	3.33E-06	1.67E-04	7.71E-06	3.33E-05	3.33E-05	3.33E-05	3.33E-05	3.33E-05	6.59E-05	1.67E-04	1.89E-07	3.33E-05	1.00E-04	1.33E-04	2.83E-05	1.92E-06	3.33E-05	2.08E-05	0.00401	       NA	       NA	       NA	6.59E-06	       NA	1.14E-06	3.67E-05	3.45E-05	4.08E-07	1.33E-04	3.16E-07	0.0025	7.20E-06	3.33E-05	4.90E-07	3.33E-05	3.33E-05	3.33E-05	1.76E-05	      NA	      NA	      NA	      NA	      NA	MAX	   NA	      NA	      NA	      NA	MAX
MDAMB415	6.67E-05	3.33E-05	2.79E-05	3.77E-05	3.33E-04	1.71E-07	3.33E-04	4.89E-08	4.18E-08	1.89E-03	4.08E-04	7.39E-07	1.71E-04	4.57E-08	1.15E-05	2.92E-03	1.67E-04	1.67E-04	7.37E-06	2.48E-04	4.04E-08	5.43E-05	1.06E-05	6.99E-08	1.78E-05	7.48E-07	9.68E-06	1.67E-04	2.24E-04	1.98E-06	6.20E-08	6.85E-07	4.48E-06	3.18E-05	1.06E-06	5.13E-06	1.31E-06	2.09E-05	1.33E-04	2.68E-06	8.89E-04	2.15E-05	3.33E-05	3.05E-03	3.33E-05	8.82E-05	6.44E-08	3.63E-07	2.57E-05	4.26E-05	9.47E-07	3.33E-06	5.65E-05	5.89E-07	6.67E-05	5.00E-05	3.33E-05	3.33E-05	5.00E-05	1.53E-05	1.67E-04	9.04E-07	3.33E-05	3.33E-05	2.02E-05	3.23E-05	1.21E-06	1.00E-04	3.57E-07	0.002224	       NA	2.27E-06	       NA	1.34E-06	       NA	3.62E-06	2.68E-05	2.00E-05	2.93E-07	1.05E-06	2.08E-06	       NA	7.20E-06	      NA	6.55E-08	      NA	      NA	      NA	1.11E-05	      NA	      NA	      NA	      NA	      NA	MAX	   NA	      NA	      NA	      NA	MAX
MDAMB175VII	1.15E-05	3.33E-05	1.74E-05	1.47E-05	2.50E-04	3.10E-07	3.33E-04	1.29E-08	3.33E-05	1.89E-03	1.97E-04	1.52E-06	1.11E-05	2.61E-08	3.33E-05	9.36E-11	8.36E-05	1.67E-04	9.48E-06	7.50E-05	1.00E-05	1.30E-05	1.19E-05	7.57E-08	7.38E-05	1.61E-06	7.30E-07	1.67E-04	5.74E-05	1.54E-05	2.51E-08	6.85E-07	5.20E-06	2.02E-05	1.55E-06	8.46E-06	9.78E-06	1.00E-04	1.33E-04	2.52E-05	4.07E-04	1.45E-04	3.33E-05	4.18E-04	2.45E-05	8.26E-05	6.99E-07	3.20E-07	2.17E-05	6.64E-05	3.86E-06	3.33E-06	1.67E-04	4.85E-06	3.33E-05	5.00E-05	6.67E-05	1.48E-05	3.69E-05	1.17E-07	1.62E-06	1.45E-06	6.67E-05	2.43E-06	1.33E-04	6.31E-05	8.73E-07	2.20E-05	4.61E-05	0.0032	       NA	2.04E-08	       NA	3.16E-05	       NA	1.09E-06	1.74E-05	1.71E-05	1.66E-07	1.33E-04	3.35E-07	0.0051	      NA	      NA	       NA	      NA	      NA	      NA	       NA	6.38E-05	3.33E-05	3.33E-05	      NA	1.33E-04	      NA	   NA	      NA	      NA	      NA	MAX
HS578T	6.67E-05	3.33E-05	9.42E-05	4.59E-05	1.23E-05	1.24E-06	3.33E-04	2.29E-08	1.15E-08	1.89E-03	7.72E-04	4.10E-08	2.14E-05	1.32E-07	3.33E-05	2.92E-03	1.67E-04	1.67E-04	1.01E-05	1.42E-04	5.52E-09	7.46E-05	1.86E-05	1.68E-07	4.87E-05	1.89E-06	3.33E-05	5.94E-05	1.00E-03	6.67E-05	2.07E-08	6.85E-07	3.12E-05	5.00E-05	6.86E-06	3.80E-06	3.73E-06	1.00E-04	6.67E-05	2.85E-06	3.66E-04	1.45E-04	3.33E-05	5.00E-03	3.33E-05	5.21E-05	3.36E-07	3.91E-07	1.33E-04	5.00E-05	1.96E-06	3.33E-06	1.67E-04	1.09E-04	3.33E-05	3.33E-05	6.67E-05	3.33E-05	5.22E-06	2.46E-05	1.66E-04	2.74E-08	3.33E-05	4.41E-06	1.33E-04	6.67E-05	1.19E-06	3.33E-05	7.93E-05	MAX	4.69E-06	       NA	6.67E-05	       NA	1.50E-05	8.19E-07	4.05E-05	3.43E-05	5.50E-07	1.33E-04	3.77E-07	0.000781	      NA	      NA	2.72E-07	      NA	      NA	      NA	1.12E-05	      NA	      NA	      NA	      NA	      NA	MAX	   NA	      NA	      NA	      NA	MAX
AU565	2.21E-05	3.33E-05	3.66E-05	6.36E-06	1.88E-06	3.38E-07	3.33E-04	7.53E-09	1.07E-08	1.89E-03	1.57E-04	7.02E-09	2.30E-06	4.64E-06	1.27E-06	2.92E-03	1.67E-04	1.67E-04	1.05E-05	2.95E-05	8.59E-09	8.53E-06	3.33E-05	1.61E-07	2.98E-06	2.56E-07	3.50E-06	7.91E-05	1.00E-03	2.37E-06	4.68E-09	6.85E-07	1.05E-05	5.00E-05	4.24E-06	3.52E-06	1.40E-06	1.00E-04	6.67E-05	2.89E-05	1.92E-02	2.27E-08	3.33E-05	3.41E-03	3.33E-05	1.50E-03	1.83E-07	1.86E-07	5.46E-06	5.00E-05	3.93E-07	3.33E-06	1.16E-04	2.95E-08	3.33E-05	3.33E-05	3.33E-05	3.33E-05	3.33E-05	6.67E-05	4.01E-05	6.95E-09	3.33E-05	6.77E-06	7.48E-07	3.74E-05	2.90E-07	3.33E-05	       NA	0.00271	7.30E-06	       NA	6.67E-05	       NA	1.51E-05	6.07E-07	1.78E-05	3.38E-05	9.59E-08	1.33E-04	3.80E-07	0.0003594	7.20E-06	3.33E-05	       NA	3.33E-05	3.33E-05	3.33E-05	       NA	      NA	      NA	      NA	      NA	      NA	      NA	   NA	      NA	      NA	      NA	MAX
SUM159PT	6.67E-05	3.33E-05	2.19E-05	2.13E-05	6.32E-06	1.45E-06	3.33E-04	2.76E-08	1.50E-08	5.38E-38	6.22E-04	2.24E-08	1.13E-05	2.53E-08	3.33E-05	2.92E-03	1.67E-04	1.48E-05	6.14E-06	6.38E-05	5.08E-09	1.20E-05	2.68E-05	7.53E-08	1.30E-05	6.28E-07	2.53E-05	1.67E-04	8.24E-05	7.72E-06	3.85E-09	6.85E-07	2.05E-05	5.00E-05	3.43E-06	3.00E-06	3.94E-06	5.26E-05	1.33E-04	1.00E-04	1.92E-02	7.22E-04	3.33E-05	5.00E-03	6.67E-05	1.50E-03	5.78E-07	1.00E-07	1.33E-04	1.00E-04	8.86E-07	3.33E-06	1.67E-04	9.25E-05	1.44E-05	3.33E-05	3.33E-05	3.33E-05	1.00E-04	4.16E-05	1.13E-04	1.60E-08	3.33E-05	8.94E-06	1.31E-05	1.68E-05	4.21E-07	3.33E-05	       NA	0.00715	2.54E-06	1.05E-05	1.33E-04	6.67E-05	1.84E-05	2.43E-07	       NA	       NA	       NA	       NA	8.31E-08	       NA	      NA	3.33E-05	       NA	3.33E-05	3.33E-05	3.33E-05	       NA	6.67E-05	3.33E-05	3.33E-05	      NA	1.33E-04	      NA	   NA	      NA	      NA	MAX	MAX
SKBR3	4.54E-05	3.33E-05	3.77E-05	1.41E-05	5.62E-06	9.05E-07	3.33E-04	2.12E-08	2.25E-08	1.89E-03	1.11E-04	1.85E-08	4.62E-05	5.88E-08	1.29E-06	2.92E-03	1.67E-04	6.20E-09	1.45E-05	2.67E-05	1.55E-08	7.41E-06	1.56E-05	3.16E-07	1.27E-05	2.60E-07	7.20E-06	1.67E-04	1.00E-03	1.04E-06	8.84E-09	6.85E-07	1.04E-05	5.00E-05	5.37E-06	2.73E-06	3.20E-06	1.00E-04	1.33E-04	3.33E-05	1.75E-03	2.99E-08	3.33E-05	5.00E-03	6.67E-05	1.50E-03	6.42E-08	4.22E-07	1.70E-05	1.00E-04	1.41E-06	3.33E-06	1.02E-04	1.10E-07	3.33E-05	5.00E-05	3.33E-05	5.00E-05	1.00E-04	1.75E-06	9.72E-06	1.71E-08	6.67E-05	1.34E-05	       NA	6.67E-05	       NA	1.00E-04	1.07E-05	0.00226	6.52E-06	3.60E-08	6.67E-05	5.55E-06	1.17E-05	1.53E-06	2.81E-05	2.53E-05	1.55E-07	7.00E-05	5.39E-07	0.0011	7.20E-06	3.33E-05	       NA	3.33E-05	3.33E-05	3.33E-05	       NA	      NA	      NA	      NA	      NA	      NA	      NA	   NA	      NA	      NA	      NA	MAX
MDAMB453	6.67E-05	3.33E-05	2.42E-05	7.56E-06	1.24E-04	2.55E-07	3.33E-04	2.94E-08	1.19E-08	1.89E-03	6.23E-05	1.47E-08	1.73E-05	2.59E-08	3.33E-05	2.92E-03	1.67E-04	3.33E-05	8.24E-06	1.12E-04	1.50E-08	2.03E-05	1.68E-05	7.96E-08	1.34E-05	3.55E-07	1.05E-05	1.67E-04	1.00E-03	3.75E-07	6.18E-08	6.85E-07	4.90E-06	5.00E-05	2.14E-06	6.36E-06	7.62E-07	1.67E-04	1.33E-04	2.83E-05	1.93E-03	2.31E-08	1.82E-07	5.00E-03	3.33E-05	1.87E-04	5.72E-08	4.57E-07	8.26E-06	5.00E-05	1.18E-06	3.33E-06	4.99E-05	4.09E-07	6.67E-05	5.00E-05	3.33E-05	3.33E-05	5.00E-05	3.46E-06	1.67E-04	2.07E-09	6.67E-05	       NA	1.35E-06	2.44E-05	4.86E-07	1.00E-04	       NA	0.00175	5.20E-06	8.42E-07	6.67E-05	7.55E-08	8.58E-06	1.20E-06	1.35E-05	1.31E-05	2.43E-07	1.70E-06	4.28E-07	0.00271	7.20E-06	      NA	2.03E-07	      NA	      NA	3.33E-05	5.20E-06	      NA	      NA	      NA	3.33E-05	      NA	0.00147	   NA	      NA	      NA	      NA	MAX
HCC1806	6.67E-05	3.33E-05	1.51E-05	2.59E-05	1.47E-05	5.82E-07	3.33E-04	4.91E-08	1.14E-08	1.89E-03	4.69E-04	1.48E-08	6.95E-06	4.11E-07	8.18E-06	3.02E-07	1.67E-04	1.67E-04	9.55E-06	4.65E-05	3.60E-09	2.08E-05	9.25E-06	1.59E-07	7.40E-06	4.31E-07	2.86E-05	1.67E-04	7.13E-05	6.54E-07	9.88E-08	6.85E-07	1.65E-05	5.00E-05	3.44E-07	5.00E-06	3.22E-06	1.00E-04	1.33E-04	3.33E-05	7.45E-04	4.97E-09	3.33E-05	2.27E-03	3.33E-05	1.01E-04	4.34E-07	4.90E-07	1.71E-05	5.00E-05	1.17E-06	3.33E-06	6.17E-05	8.97E-08	3.33E-05	5.00E-05	3.33E-05	2.51E-05	1.00E-04	       NA	1.67E-04	1.45E-08	6.67E-05	1.01E-05	2.74E-06	1.87E-05	4.99E-07	       NA	7.35E-05	0.00889	2.05E-06	5.41E-06	6.67E-05	6.67E-05	7.62E-06	2.32E-06	5.92E-05	3.86E-05	2.38E-07	1.33E-04	9.57E-07	0.00037	7.20E-06	3.33E-05	1.51E-07	3.33E-05	3.33E-05	3.33E-05	1.23E-05	      NA	      NA	      NA	      NA	      NA	0.00194	   NA	      NA	      NA	      NA	MAX
MDAMB231	6.67E-05	3.33E-05	3.99E-05	3.01E-05	1.03E-05	4.27E-07	3.33E-04	4.70E-08	1.80E-08	1.89E-03	2.40E-04	3.96E-09	4.87E-05	1.00E-04	3.33E-05	2.92E-03	1.67E-04	1.67E-04	9.32E-06	2.42E-04	1.00E-05	9.40E-05	2.20E-05	1.00E-04	6.47E-05	8.21E-07	3.33E-05	1.33E-04	3.45E-04	6.79E-07	5.50E-08	6.85E-07	1.78E-05	5.00E-05	3.60E-06	8.53E-06	4.52E-06	1.67E-04	1.33E-04	6.23E-05	2.31E-03	1.45E-04	3.33E-05	5.00E-03	3.33E-05	7.75E-04	3.95E-07	5.23E-07	1.33E-04	5.00E-05	1.41E-06	3.33E-06	1.67E-04	1.57E-05	6.67E-05	       NA	3.33E-05	3.33E-05	5.00E-05	6.67E-05	1.67E-04	2.18E-08	6.67E-05	4.61E-06	1.33E-04	       NA	5.62E-07	       NA	       NA	MAX	7.37E-06	3.64E-06	1.33E-04	6.52E-05	1.39E-05	1.99E-06	5.87E-05	2.72E-05	3.12E-07	       NA	       NA	MAX	7.20E-06	3.33E-05	8.84E-07	3.33E-05	3.33E-05	      NA	2.96E-05	      NA	      NA	      NA	3.33E-05	      NA	MAX	   NA	      NA	      NA	      NA	MAX
HCC2185	6.67E-05	3.33E-05	2.61E-05	2.40E-05	5.02E-05	2.60E-07	3.33E-04	7.78E-09	1.16E-08	1.89E-03	9.77E-05	3.07E-08	3.65E-06	2.50E-08	2.05E-06	2.92E-03	1.67E-04	1.95E-06	2.25E-05	2.86E-05	1.41E-08	5.85E-06	3.33E-05	1.40E-07	1.45E-05	2.85E-07	3.00E-05	7.74E-05	5.46E-05	6.67E-05	2.42E-09	6.85E-07	3.99E-06	5.00E-05	4.35E-06	1.94E-06	8.34E-07	1.00E-04	7.15E-05	3.33E-05	7.07E-04	4.24E-08	3.33E-05	1.87E-03	1.92E-05	2.79E-05	1.07E-07	3.02E-07	1.50E-05	1.00E-04	2.41E-06	      NA	1.07E-04	4.23E-07	3.33E-05	5.00E-05	3.33E-05	3.33E-05	1.00E-04	6.67E-05	5.25E-05	1.19E-05	2.15E-05	9.60E-06	6.88E-07	1.66E-05	3.92E-07	1.00E-04	2.95E-07	0.002	8.32E-06	3.52E-06	6.67E-05	2.77E-07	       NA	       NA	       NA	       NA	       NA	1.33E-04	       NA	MAX	2.10E-06	4.28E-09	       NA	3.33E-05	      NA	3.33E-05	       NA	      NA	      NA	      NA	      NA	      NA	      NA	   NA	      NA	      NA	      NA	MAX
HCC1954	6.67E-05	3.33E-05	1.98E-05	2.46E-05	6.84E-06	5.01E-07	3.33E-04	1.15E-08	1.60E-08	1.89E-03	4.74E-04	4.32E-09	1.25E-05	8.74E-09	3.33E-05	2.92E-03	1.67E-04	1.67E-04	1.25E-05	5.98E-05	5.67E-09	4.36E-06	3.33E-05	1.08E-07	3.56E-05	7.11E-07	8.82E-06	1.67E-04	3.24E-04	5.65E-07	1.61E-08	6.85E-07	1.34E-05	5.00E-05	7.85E-06	1.34E-05	8.04E-06	1.00E-04	1.33E-04	1.52E-05	1.73E-04	3.18E-05	3.33E-05	1.52E-03	6.67E-05	1.07E-04	1.16E-06	       NA	2.19E-05	5.00E-05	7.25E-06	3.33E-06	1.67E-04	8.49E-07	3.33E-05	3.33E-05	3.33E-05	3.33E-05	3.33E-05	6.67E-05	4.52E-05	6.95E-07	3.33E-05	5.99E-06	9.56E-07	6.67E-05	6.24E-07	3.33E-05	3.26E-05	0.00778	3.34E-06	1.19E-06	1.33E-04	       NA	1.83E-05	1.30E-06	3.77E-05	2.81E-05	3.74E-07	       NA	5.54E-07	       NA	7.20E-06	      NA	       NA	      NA	      NA	      NA	       NA	      NA	      NA	      NA	      NA	      NA	      NA	   NA	      NA	      NA	      NA	MAX
T47D	6.67E-05	3.33E-05	3.65E-05	7.47E-06	5.33E-06	8.51E-07	3.33E-04	1.20E-08	1.17E-08	1.89E-03	1.57E-04	1.60E-08	1.85E-05	2.79E-08	8.24E-06	2.92E-03	1.67E-04	1.23E-05	1.60E-05	3.03E-04	1.81E-07	1.44E-05	2.29E-05	4.83E-06	1.66E-06	8.58E-08	3.33E-05	3.66E-05	1.00E-03	6.67E-05	6.54E-09	6.85E-07	7.87E-06	5.00E-05	1.04E-05	7.64E-06	2.30E-06	1.00E-04	6.67E-05	3.33E-05	       NA	4.52E-04	3.33E-05	5.00E-03	3.33E-05	1.50E-03	2.41E-07	1.28E-07	1.33E-04	5.00E-05	3.33E-05	3.33E-06	1.67E-04	       NA	3.33E-05	3.33E-05	3.33E-05	3.33E-05	3.33E-05	6.67E-05	1.67E-04	1.10E-05	3.33E-05	       NA	1.33E-04	6.67E-05	       NA	3.33E-05	3.56E-05	0.00355	3.29E-06	       NA	1.33E-04	2.66E-05	1.56E-05	7.14E-07	8.41E-06	8.05E-06	1.72E-07	1.33E-04	4.37E-07	0.00171	      NA	      NA	       NA	      NA	      NA	      NA	       NA	      NA	      NA	      NA	      NA	      NA	      NA	   NA	      NA	      NA	      NA	MAX
184A1	4.33E-07	5.97E-06	2.81E-05	5.99E-05	4.45E-05	7.53E-07	9.40E-08	5.23E-08	3.33E-05	1.89E-03	1.02E-03	9.69E-07	4.88E-06	4.91E-09	2.08E-06	1.97E-06	1.67E-04	1.27E-04	8.59E-06	2.17E-05	1.00E-05	4.08E-06	5.48E-06	1.83E-08	4.79E-06	2.36E-07	3.33E-05	1.67E-04	5.13E-06	6.67E-05	       NA	1.79E-07	1.53E-05	5.00E-05	1.58E-06	1.78E-06	3.80E-06	1.67E-04	1.33E-04	2.18E-05	2.20E-04	4.05E-06	3.33E-05	2.42E-03	2.04E-05	2.92E-04	1.18E-06	9.78E-08	6.25E-06	5.00E-05	1.11E-06	3.33E-06	1.67E-04	4.45E-07	6.67E-05	5.00E-05	3.33E-05	1.66E-05	5.00E-05	6.67E-05	       NA	       NA	6.67E-05	2.33E-06	1.33E-04	1.31E-05	4.11E-07	1.00E-04	5.97E-06	0.00512	2.59E-06	3.15E-07	6.67E-05	1.11E-05	2.49E-05	       NA	       NA	       NA	       NA	2.00E-04	       NA	       NA	7.20E-06	3.33E-05	3.36E-08	3.33E-05	3.33E-05	6.17E-06	       NA	      NA	      NA	      NA	      NA	      NA	      NA	   NA	      NA	      NA	      NA	MAX
600MPE	6.67E-05	3.33E-05	2.74E-05	1.71E-05	2.23E-05	3.80E-07	3.33E-04	2.84E-07	2.40E-07	1.89E-03	2.35E-04	6.12E-07	5.18E-05	9.08E-08	3.33E-05	2.92E-03	1.12E-04	1.67E-04	6.16E-06	2.13E-04	3.47E-07	4.31E-05	1.48E-05	6.35E-06	3.26E-05	5.34E-07	2.26E-05	1.67E-04	8.65E-05	6.67E-05	       NA	6.85E-07	1.40E-05	5.00E-05	3.16E-06	5.31E-06	8.40E-06	1.00E-04	1.33E-04	1.45E-05	3.53E-04	1.45E-04	3.33E-05	1.28E-04	3.33E-05	2.56E-04	4.64E-07	5.75E-07	1.27E-05	5.00E-05	1.32E-06	3.33E-06	6.65E-05	       NA	3.33E-05	5.00E-05	3.33E-05	1.56E-05	1.00E-04	6.29E-07	1.15E-04	7.51E-06	6.67E-05	9.02E-06	1.33E-04	       NA	       NA	2.68E-05	5.82E-05	0.00915	9.01E-06	4.60E-06	6.67E-05	6.67E-05	1.47E-05	2.14E-06	6.23E-05	4.74E-05	3.97E-07	1.33E-04	8.74E-07	0.00102	      NA	3.33E-05	9.30E-08	3.33E-05	3.33E-05	3.33E-05	3.18E-07	      NA	      NA	      NA	      NA	      NA	      NA	   NA	      NA	      NA	      NA	MAX
BT483	3.13E-05	3.33E-05	1.79E-04	2.38E-05	9.85E-05	9.40E-08	3.33E-04	2.19E-07	4.83E-06	1.89E-03	1.97E-04	1.26E-05	1.19E-04	1.00E-04	4.40E-06	2.92E-03	1.67E-04	5.29E-09	2.23E-05	1.02E-05	4.57E-07	5.91E-05	1.53E-05	1.06E-06	2.94E-05	1.38E-06	2.01E-05	4.49E-05	6.67E-05	6.67E-05	       NA	6.85E-07	4.77E-06	5.00E-05	5.46E-06	1.68E-06	2.19E-06	5.00E-05	1.33E-04	2.66E-05	2.35E-04	1.45E-08	3.33E-05	9.57E-04	2.79E-05	1.60E-04	2.01E-07	5.73E-07	6.95E-06	3.36E-05	1.66E-06	3.33E-06	6.72E-05	5.24E-07	3.33E-05	5.00E-05	6.67E-05	5.00E-05	1.00E-04	6.67E-05	1.67E-04	1.16E-07	       NA	8.32E-06	1.82E-05	       NA	1.66E-06	1.00E-04	3.37E-06	0.002562	       NA	6.06E-06	       NA	1.24E-05	       NA	       NA	       NA	       NA	       NA	2.44E-06	       NA	       NA	7.20E-06	      NA	1.75E-08	      NA	      NA	      NA	       NA	      NA	      NA	      NA	      NA	      NA	      NA	   NA	      NA	      NA	      NA	MAX
HCC1395	6.67E-05	3.33E-05	2.42E-05	5.61E-05	2.64E-05	5.82E-07	3.33E-04	1.42E-08	2.67E-08	1.89E-03	7.06E-04	2.76E-08	3.38E-06	1.94E-07	3.33E-05	2.92E-03	1.67E-04	4.22E-05	7.53E-06	2.87E-05	1.06E-08	2.59E-05	3.33E-05	2.68E-06	5.44E-06	1.30E-06	8.10E-06	9.62E-05	6.09E-05	4.08E-06	       NA	6.85E-07	1.32E-05	5.00E-05	1.03E-06	1.96E-06	4.95E-06	1.67E-04	1.33E-04	1.46E-05	3.39E-03	1.45E-04	3.33E-05	2.47E-03	6.67E-05	3.64E-04	6.64E-07	3.66E-07	6.30E-06	1.00E-04	4.22E-07	3.33E-06	1.67E-04	1.58E-07	6.67E-05	5.00E-05	3.33E-05	2.98E-05	1.63E-05	6.67E-05	9.06E-05	7.07E-09	6.53E-05	2.22E-06	1.38E-05	1.94E-05	2.22E-06	9.13E-05	3.74E-05	0.005953	3.32E-06	3.26E-06	1.57E-05	3.72E-05	5.13E-06	       NA	4.36E-05	4.37E-05	5.50E-07	3.44E-06	5.13E-07	0.00306	7.20E-06	3.33E-05	       NA	3.33E-05	3.33E-05	3.33E-05	       NA	      NA	      NA	      NA	      NA	      NA	      NA	   NA	      NA	      NA	      NA	MAX
HCC202	5.20E-06	3.33E-05	4.88E-06	8.14E-07	2.40E-06	6.63E-08	3.33E-04	8.10E-09	2.51E-08	1.89E-03	2.01E-05	6.38E-07	2.55E-06	1.58E-08	3.50E-07	2.07E-05	1.67E-04	1.61E-07	1.25E-05	6.90E-05	6.28E-09	1.55E-05	8.68E-06	4.45E-08	5.85E-05	4.95E-07	1.48E-06	5.09E-05	1.68E-04	5.63E-07	       NA	6.85E-07	       NA	       NA	       NA	       NA	       NA	       NA	       NA	       NA	8.49E-05	4.25E-05	       NA	       NA	       NA	       NA	       NA	       NA	       NA	       NA	       NA	3.33E-06	4.76E-05	2.42E-06	       NA	       NA	      NA	       NA	       NA	3.81E-05	4.76E-06	9.40E-08	       NA	       NA	       NA	       NA	7.40E-07	       NA	       NA	      NA	8.73E-06	       NA	4.32E-05	       NA	9.33E-06	4.00E-07	2.60E-05	1.78E-05	4.54E-07	       NA	2.03E-07	       NA	1.19E-08	      NA	       NA	      NA	      NA	      NA	       NA	      NA	      NA	      NA	      NA	      NA	      NA	   NA	      NA	      NA	      NA	       NA
MDAMB134VI	6.67E-05	3.33E-05	6.80E-05	1.27E-05	2.01E-05	4.79E-07	3.33E-04	1.47E-08	3.92E-08	1.89E-03	1.07E-04	1.98E-08	2.09E-04	2.57E-08	3.33E-05	2.92E-03	1.67E-04	4.51E-08	1.57E-05	2.93E-04	5.94E-08	3.70E-04	1.60E-05	5.85E-08	2.60E-05	1.84E-06	3.33E-05	1.02E-04	1.06E-04	       NA	1.63E-08	6.85E-07	1.85E-05	5.00E-05	2.59E-06	1.09E-05	2.42E-06	1.00E-04	1.33E-04	1.44E-05	4.49E-03	1.59E-03	3.33E-05	3.05E-03	6.67E-05	1.87E-04	1.86E-07	3.58E-07	6.98E-06	1.00E-04	2.42E-06	3.33E-06	3.26E-06	1.33E-06	3.33E-05	5.00E-05	3.33E-05	5.00E-05	1.00E-04	1.96E-05	1.67E-04	5.72E-08	5.15E-06	1.00E-04	1.92E-06	3.75E-05	1.23E-06	1.00E-04	4.53E-06	0.001977	7.31E-06	8.13E-06	1.33E-04	2.65E-06	2.15E-05	       NA	1.25E-04	1.25E-04	5.50E-07	1.33E-04	       NA	0.00854	7.20E-06	      NA	6.35E-07	      NA	      NA	      NA	1.63E-05	6.67E-05	3.33E-05	3.33E-05	      NA	1.33E-04	MAX	   NA	      NA	      NA	MAX	MAX
SUM185PE	6.67E-05	7.95E-06	1.99E-05	3.06E-05	7.24E-05	1.33E-07	3.33E-04	2.42E-08	1.44E-06	1.89E-03	1.35E-04	1.92E-07	1.22E-04	2.67E-08	7.43E-06	2.92E-03	5.93E-05	6.02E-06	3.80E-06	2.50E-04	7.44E-07	6.29E-05	8.19E-06	4.76E-08	2.71E-05	6.37E-07	8.93E-06	       NA	1.64E-05	6.66E-07	1.22E-08	6.85E-07	2.04E-06	5.00E-05	8.06E-07	9.07E-07	1.49E-06	1.00E-04	7.80E-05	4.32E-06	1.92E-02	1.45E-04	3.33E-05	       NA	       NA	       NA	2.22E-07	1.03E-07	1.17E-05	5.00E-05	5.52E-07	3.33E-06	1.26E-05	5.31E-07	       NA	5.00E-05	      NA	7.57E-06	6.49E-05	6.67E-05	1.67E-04	1.02E-07	       NA	       NA	       NA	1.25E-05	7.27E-07	3.97E-05	1.33E-04	0.00192	       NA	3.75E-06	       NA	4.80E-06	       NA	       NA	       NA	       NA	       NA	1.26E-04	       NA	0.00139	7.20E-06	      NA	4.56E-08	      NA	      NA	      NA	1.18E-05	      NA	      NA	      NA	      NA	      NA	0.00032	   NA	      NA	      NA	      NA	       NA
184B5	6.67E-05	3.32E-06	4.33E-05	1.19E-04	8.19E-05	4.22E-07	6.61E-08	8.83E-09	3.33E-05	1.89E-03	1.34E-03	1.07E-06	5.00E-04	1.61E-08	2.25E-06	9.07E-07	1.67E-04	3.33E-05	1.06E-05	1.64E-05	1.00E-05	1.90E-05	9.01E-06	3.19E-08	3.24E-05	       NA	3.44E-07	1.67E-04	4.87E-06	6.67E-05	       NA	6.85E-07	9.07E-06	5.00E-05	1.40E-06	4.04E-06	4.18E-06	1.67E-04	6.32E-06	1.35E-05	1.92E-02	1.09E-03	       NA	5.00E-03	3.33E-05	3.69E-04	1.43E-06	6.17E-08	1.21E-05	5.00E-05	1.01E-06	      NA	       NA	8.45E-07	6.67E-05	3.33E-05	3.13E-05	9.23E-06	5.00E-05	2.66E-05	       NA	       NA	6.67E-05	2.00E-06	1.33E-04	1.13E-05	3.61E-08	1.00E-04	2.04E-05	MAX	3.06E-06	1.62E-06	6.67E-05	3.08E-05	3.33E-05	       NA	       NA	       NA	       NA	2.00E-04	       NA	       NA	7.20E-06	4.43E-08	       NA	3.33E-05	3.33E-05	6.76E-06	       NA	      NA	      NA	      NA	      NA	      NA	      NA	   NA	      NA	      NA	      NA	MAX
SUM149PT	6.67E-05	3.33E-05	2.57E-05	8.71E-06	4.45E-05	8.31E-07	3.33E-04	1.76E-08	1.16E-08	1.89E-03	2.12E-04	1.70E-08	5.96E-06	7.17E-09	3.33E-05	2.92E-03	2.81E-05	2.40E-05	6.48E-06	5.41E-05	1.00E-05	2.02E-05	1.49E-05	1.45E-07	       NA	       NA	2.57E-05	1.61E-04	5.14E-05	3.00E-06	9.02E-09	6.85E-07	2.38E-05	5.00E-05	1.17E-06	3.94E-06	1.82E-06	1.00E-04	1.33E-04	3.33E-05	1.09E-03	1.90E-05	3.33E-05	1.28E-03	6.67E-05	1.50E-03	5.59E-07	2.23E-07	1.42E-05	1.00E-04	5.53E-07	3.33E-06	1.18E-04	       NA	3.33E-05	5.00E-05	3.33E-05	1.99E-05	1.00E-04	       NA	1.05E-04	4.64E-05	6.67E-05	3.22E-06	1.33E-04	3.18E-05	6.79E-07	1.00E-04	2.58E-05	0.004394	3.40E-06	2.83E-06	6.67E-05	6.07E-05	1.86E-05	1.49E-06	3.43E-06	5.46E-06	3.16E-07	       NA	6.83E-06	0.0000787	      NA	3.11E-05	       NA	3.33E-05	3.33E-05	3.33E-05	       NA	      NA	      NA	      NA	      NA	      NA	      NA	   NA	      NA	      NA	      NA	MAX
MDAMB157	6.67E-05	3.33E-05	3.05E-05	3.30E-05	9.49E-06	3.43E-07	3.33E-04	1.07E-08	8.22E-09	1.89E-03	3.25E-04	1.35E-08	4.43E-05	2.19E-08	3.33E-05	2.92E-03	1.67E-04	1.67E-04	7.23E-06	1.30E-04	2.53E-09	2.35E-05	9.46E-06	       NA	9.01E-06	5.28E-07	1.66E-05	9.28E-05	3.89E-04	2.32E-06	1.29E-08	6.85E-07	1.62E-05	5.00E-05	1.04E-06	1.55E-06	2.83E-06	1.67E-04	1.33E-04	1.80E-05	1.92E-02	       NA	3.33E-05	5.00E-03	3.33E-05	7.36E-05	1.83E-07	3.09E-07	6.98E-06	5.00E-05	2.48E-07	3.33E-06	1.67E-04	1.72E-06	6.67E-05	3.33E-05	      NA	2.74E-05	5.00E-05	5.63E-07	7.02E-05	1.55E-08	6.67E-05	1.54E-06	1.32E-06	6.44E-05	7.67E-07	1.00E-04	4.98E-05	0.00548	2.92E-06	4.09E-06	       NA	4.86E-05	6.63E-06	5.41E-07	7.94E-06	8.75E-06	1.20E-07	1.87E-04	4.82E-07	0.000905	      NA	3.33E-05	5.84E-08	3.33E-05	3.33E-05	3.33E-05	3.91E-06	      NA	      NA	      NA	3.33E-05	      NA	0.00285	   NA	      NA	      NA	      NA	MAX
MDAMB231ATCC	6.67E-05	3.33E-05	4.63E-05	3.61E-05	1.80E-05	4.65E-07	3.33E-04	3.12E-08	3.33E-05	1.89E-03	1.77E-04	3.85E-09	8.22E-05	1.00E-04	3.33E-05	2.92E-03	1.67E-04	1.35E-22	1.13E-05	5.47E-04	1.00E-05	4.00E-04	       NA	1.00E-04	7.38E-05	8.62E-05	3.33E-05	       NA	1.00E-03	       NA	       NA	6.85E-07	       NA	       NA	       NA	       NA	       NA	       NA	       NA	       NA	9.18E-03	1.45E-04	       NA	       NA	       NA	       NA	       NA	       NA	       NA	       NA	       NA	      NA	1.67E-04	4.48E-05	       NA	       NA	      NA	       NA	       NA	       NA	1.67E-04	4.64E-05	       NA	       NA	       NA	       NA	7.20E-07	       NA	       NA	      NA	       NA	       NA	       NA	       NA	       NA	       NA	       NA	       NA	       NA	       NA	       NA	       NA	      NA	      NA	       NA	      NA	      NA	      NA	       NA	      NA	      NA	      NA	      NA	      NA	      NA	   NA	      NA	      NA	      NA	       NA
CAMA1	6.67E-05	3.33E-05	2.52E-05	7.22E-06	1.50E-05	4.37E-07	3.33E-04	2.48E-08	2.09E-08	1.89E-03	1.19E-04	1.71E-09	6.31E-05	1.87E-07	3.33E-05	2.92E-03	1.67E-04	1.67E-04	1.13E-05	3.94E-04	       NA	3.60E-05	9.68E-06	4.01E-06	8.53E-05	4.19E-07	       NA	9.75E-05	1.98E-04	6.10E-07	1.40E-08	6.85E-07	1.33E-05	5.00E-05	7.75E-06	3.70E-06	1.33E-06	1.00E-04	1.33E-04	4.94E-05	1.50E-03	7.22E-03	3.33E-05	4.81E-03	6.67E-05	2.46E-04	8.07E-08	2.99E-07	1.08E-05	1.00E-04	1.66E-06	3.33E-06	4.83E-05	5.67E-06	3.33E-05	5.00E-05	6.67E-05	4.60E-05	4.31E-05	2.42E-05	4.84E-05	1.57E-08	3.33E-05	1.00E-04	2.00E-06	1.93E-05	       NA	1.00E-04	       NA	0.003631	5.12E-06	4.13E-06	1.33E-04	7.32E-08	3.02E-05	8.13E-07	3.41E-05	2.52E-05	2.22E-07	       NA	3.76E-07	0.00508	7.20E-06	      NA	1.61E-07	      NA	      NA	      NA	1.70E-05	6.67E-05	3.33E-05	3.33E-05	3.33E-05	1.33E-04	MAX	   NA	      NA	      NA	MAX	MAX
HCC1937	6.67E-05	3.33E-05	3.26E-05	3.93E-05	2.02E-05	7.54E-07	3.33E-04	1.03E-08	4.45E-08	1.89E-03	7.98E-04	2.26E-06	9.07E-06	4.58E-08	3.33E-05	2.92E-03	1.67E-04	1.18E-04	8.19E-06	9.65E-05	       NA	3.02E-05	1.10E-05	1.63E-07	1.80E-05	9.74E-07	2.91E-05	1.67E-04	1.98E-04	6.67E-05	       NA	6.85E-07	2.16E-05	5.00E-05	2.71E-06	2.15E-06	3.95E-06	1.00E-04	1.33E-04	2.14E-05	1.92E-02	7.22E-04	3.33E-05	5.00E-03	6.67E-05	1.94E-04	5.06E-07	2.50E-07	7.62E-06	1.00E-04	9.28E-07	3.33E-06	1.67E-04	       NA	3.33E-05	5.00E-05	3.33E-05	1.66E-05	1.00E-04	3.62E-06	4.92E-05	1.55E-05	6.67E-05	3.89E-06	1.33E-04	6.21E-05	6.00E-07	1.00E-04	5.01E-05	0.00504	2.97E-06	6.59E-06	6.67E-05	1.14E-05	1.16E-05	4.91E-07	1.41E-05	1.47E-05	5.50E-07	1.33E-04	1.23E-07	0.0005581	      NA	      NA	       NA	      NA	      NA	3.33E-05	       NA	      NA	      NA	      NA	      NA	      NA	      NA	   NA	      NA	      NA	      NA	MAX
ZR751	6.67E-05	3.33E-05	4.47E-05	3.42E-05	2.07E-05	6.37E-07	3.33E-04	7.71E-08	3.33E-05	1.89E-03	5.60E-04	1.89E-06	2.36E-05	3.44E-06	3.33E-05	2.92E-03	1.67E-04	       NA	1.80E-05	1.80E-04	1.00E-05	1.11E-05	1.83E-05	2.36E-07	1.56E-05	5.68E-07	3.33E-05	1.67E-04	9.17E-05	2.12E-06	7.08E-08	6.85E-07	5.00E-06	5.00E-05	1.05E-05	3.40E-06	8.99E-06	1.67E-04	1.33E-04	2.38E-05	7.29E-04	1.45E-04	3.33E-05	1.66E-03	1.85E-05	2.17E-04	8.94E-07	1.42E-06	1.33E-04	5.00E-05	3.47E-06	3.33E-06	1.67E-04	1.49E-06	6.67E-05	5.00E-05	6.67E-05	3.33E-05	1.42E-05	       NA	1.67E-04	5.24E-06	6.67E-05	1.64E-05	1.33E-04	3.38E-05	1.11E-06	5.16E-05	1.33E-04	0.004734	7.53E-06	6.41E-06	6.67E-05	3.96E-06	2.75E-05	2.62E-06	1.64E-05	1.32E-05	2.40E-07	2.00E-04	7.20E-07	       NA	      NA	3.33E-05	8.34E-08	3.33E-05	3.33E-05	3.33E-05	1.62E-05	      NA	      NA	      NA	      NA	      NA	MAX	   NA	      NA	      NA	      NA	MAX
ZR75B	6.67E-05	3.33E-05	2.77E-05	1.84E-05	1.05E-04	7.60E-07	3.33E-04	1.39E-07	3.33E-05	1.89E-03	2.25E-04	3.13E-05	1.48E-04	2.00E-06	3.33E-05	2.92E-03	1.67E-04	       NA	       NA	6.26E-04	1.00E-05	2.10E-05	1.89E-05	7.17E-07	8.53E-05	7.29E-07	2.84E-05	1.67E-04	1.00E-03	6.67E-05	       NA	6.85E-07	1.19E-05	5.00E-05	6.52E-06	6.54E-06	2.03E-06	1.00E-04	1.33E-04	3.33E-05	4.92E-04	1.45E-04	3.33E-05	5.00E-03	6.67E-05	1.50E-03	2.36E-07	1.25E-06	7.29E-06	1.00E-04	3.76E-06	3.33E-06	       NA	1.28E-06	3.33E-05	5.00E-05	3.33E-05	5.00E-05	       NA	       NA	1.67E-04	5.47E-07	6.67E-05	1.00E-04	1.33E-04	2.55E-05	4.01E-07	1.00E-04	1.40E-05	0.00536	       NA	5.99E-06	       NA	       NA	       NA	1.46E-05	1.48E-04	1.67E-04	5.50E-07	       NA	6.67E-05	0.00745	7.20E-06	      NA	       NA	      NA	      NA	      NA	       NA	      NA	      NA	      NA	      NA	      NA	      NA	   NA	      NA	      NA	      NA	MAX
LY2	6.67E-05	3.33E-05	2.56E-05	1.44E-05	3.33E-04	1.66E-08	3.33E-04	6.58E-07	6.48E-07	1.89E-03	2.81E-04	1.17E-08	2.50E-05	1.87E-07	2.82E-07	2.92E-03	       NA	       NA	8.02E-06	1.53E-04	3.81E-07	2.81E-05	1.55E-05	1.94E-07	4.16E-05	4.55E-07	3.33E-05	9.39E-05	       NA	6.67E-05	3.03E-07	6.85E-07	4.06E-06	5.00E-05	5.02E-07	1.47E-06	2.18E-06	1.00E-04	1.33E-04	1.71E-05	4.59E-04	7.22E-03	3.16E-06	8.08E-06	3.33E-05	1.65E-04	       NA	3.77E-07	7.33E-06	5.00E-05	7.78E-07	3.33E-06	1.11E-04	3.05E-06	3.33E-05	5.00E-05	3.33E-05	       NA	       NA	1.19E-05	1.67E-04	2.42E-08	1.91E-06	2.80E-06	9.73E-07	3.22E-05	1.05E-05	       NA	3.60E-06	0.001753	7.52E-06	2.61E-06	6.67E-05	1.22E-05	8.74E-06	5.31E-06	9.85E-05	1.67E-04	5.50E-07	9.79E-07	6.67E-05	       NA	7.20E-06	      NA	4.20E-07	      NA	      NA	      NA	1.42E-05	      NA	      NA	      NA	3.33E-05	      NA	MAX	   NA	      NA	      NA	      NA	MAX
HCC70	1.90E-05	3.33E-05	3.23E-05	2.35E-05	3.26E-05	2.78E-07	3.33E-04	4.05E-09	1.46E-08	1.89E-03	8.29E-05	1.88E-08	2.36E-06	1.24E-07	       NA	2.92E-03	1.67E-04	9.49E-06	7.05E-06	2.24E-05	1.13E-08	8.32E-06	2.05E-05	8.19E-07	1.81E-05	6.88E-06	1.80E-05	1.67E-04	7.34E-05	2.39E-07	8.06E-10	6.85E-07	6.75E-06	5.00E-05	8.43E-07	6.22E-06	1.24E-06	1.67E-04	1.33E-04	1.44E-05	2.27E-04	1.45E-04	3.23E-06	3.38E-03	3.33E-05	1.50E-03	1.40E-07	1.13E-07	7.68E-06	5.00E-05	4.40E-07	      NA	1.67E-04	9.50E-07	6.67E-05	5.00E-05	3.33E-05	3.33E-05	2.15E-06	6.67E-05	1.07E-04	1.26E-07	1.83E-06	2.11E-06	1.30E-05	3.21E-05	8.33E-07	1.00E-04	1.96E-05	0.002154	4.97E-06	2.47E-06	6.67E-05	5.06E-06	8.51E-06	2.87E-07	1.36E-05	9.67E-06	1.60E-07	       NA	1.07E-07	0.00137	      NA	3.33E-05	       NA	3.33E-05	3.33E-05	3.33E-05	       NA	      NA	      NA	      NA	      NA	      NA	      NA	   NA	      NA	      NA	      NA	MAX
MDAMB468D	6.67E-05	3.33E-05	2.29E-05	3.48E-05	4.95E-06	2.24E-07	3.33E-04	3.05E-08	1.05E-08	1.89E-03	3.79E-04	4.90E-09	       NA	       NA	3.33E-05	2.92E-03	1.67E-04	3.33E-05	1.45E-05	       NA	3.51E-09	       NA	3.12E-05	       NA	       NA	       NA	       NA	1.14E-04	8.07E-05	5.14E-06	1.41E-08	       NA	3.19E-05	5.00E-05	4.51E-06	1.63E-05	3.25E-06	1.00E-04	1.33E-04	3.33E-05	       NA	       NA	3.33E-05	5.00E-03	6.67E-05	2.48E-04	3.41E-07	4.43E-07	6.55E-06	1.00E-04	1.15E-06	3.33E-06	       NA	       NA	3.33E-05	5.00E-05	3.33E-05	1.48E-05	1.00E-04	2.76E-06	       NA	       NA	6.67E-05	1.63E-05	1.33E-04	3.45E-05	       NA	1.00E-04	8.89E-05	0.00462	2.94E-06	9.00E-06	1.33E-04	6.67E-05	2.47E-05	6.71E-07	2.16E-05	2.47E-05	1.53E-07	       NA	4.16E-07	0.0010853	      NA	3.33E-05	       NA	3.33E-05	3.33E-05	      NA	       NA	      NA	      NA	      NA	3.33E-05	      NA	      NA	   NA	      NA	      NA	      NA	MAX
T47DKBLUC	6.67E-05	3.33E-05	3.60E-05	7.55E-06	1.07E-05	5.67E-08	3.33E-04	7.93E-07	3.75E-08	1.89E-03	1.58E-04	1.24E-06	       NA	       NA	       NA	2.92E-03	1.67E-04	3.33E-05	8.70E-06	       NA	2.80E-08	       NA	3.33E-05	       NA	       NA	       NA	       NA	1.67E-04	5.92E-05	6.08E-05	2.12E-08	       NA	1.92E-05	5.00E-05	7.94E-06	5.92E-06	3.33E-06	1.67E-04	1.33E-04	8.07E-05	       NA	       NA	3.33E-05	5.00E-03	3.33E-05	3.65E-04	2.60E-07	2.46E-07	       NA	5.00E-05	       NA	3.33E-06	       NA	       NA	6.67E-05	3.33E-05	3.33E-05	       NA	5.00E-05	6.67E-05	       NA	       NA	6.67E-05	3.33E-05	       NA	6.67E-05	       NA	1.00E-04	5.99E-05	0.00397	5.32E-06	4.16E-06	1.33E-04	3.88E-05	2.32E-05	1.13E-06	1.24E-05	7.58E-06	5.50E-07	2.00E-04	4.19E-07	0.00233	      NA	      NA	5.57E-08	      NA	      NA	      NA	       NA	      NA	      NA	      NA	      NA	      NA	      NA	   NA	      NA	      NA	      NA	MAX
BT20	3.19E-05	3.33E-05	2.75E-05	3.27E-05	8.69E-06	5.75E-07	3.33E-04	5.41E-08	       NA	1.89E-03	5.12E-04	7.85E-09	       NA	       NA	3.14E-05	2.92E-03	1.67E-04	1.67E-04	2.09E-05	       NA	       NA	       NA	1.09E-05	       NA	       NA	       NA	       NA	1.67E-04	1.49E-04	5.75E-06	1.56E-08	6.85E-07	1.66E-05	5.00E-05	5.76E-06	6.61E-06	1.03E-05	9.62E-05	1.33E-04	2.63E-05	       NA	       NA	3.33E-05	2.77E-03	3.08E-05	8.54E-05	8.17E-07	6.34E-07	1.08E-05	6.90E-05	3.71E-06	3.33E-06	       NA	       NA	3.33E-05	5.00E-05	6.67E-05	4.62E-05	5.98E-05	4.02E-07	       NA	       NA	6.67E-05	2.61E-06	1.33E-04	       NA	       NA	1.00E-04	3.02E-05	0.009573	5.81E-06	6.70E-06	2.04E-05	       NA	1.23E-05	4.89E-07	6.70E-05	5.45E-05	4.59E-07	1.49E-06	9.15E-08	       NA	7.20E-06	3.33E-05	       NA	3.33E-05	3.33E-05	      NA	       NA	6.67E-05	3.33E-05	3.33E-05	3.33E-05	1.33E-04	      NA	   NA	      NA	      NA	      NA	MAX
MDAMB436D	6.67E-05	3.33E-05	5.28E-05	5.12E-05	3.18E-05	8.12E-07	3.33E-04	6.45E-08	       NA	1.89E-03	2.48E-03	3.95E-05	       NA	       NA	3.33E-05	2.92E-03	1.67E-04	       NA	1.09E-05	       NA	       NA	       NA	8.26E-06	       NA	       NA	       NA	       NA	1.67E-04	1.89E-04	6.67E-05	2.22E-08	       NA	2.54E-05	5.00E-05	4.08E-06	7.11E-06	2.62E-05	1.67E-04	1.33E-04	8.50E-06	       NA	       NA	3.33E-05	5.00E-03	3.33E-05	6.64E-05	1.06E-06	2.41E-07	2.50E-05	5.00E-05	6.84E-07	3.33E-06	       NA	       NA	6.67E-05	5.00E-05	3.33E-05	8.29E-06	5.00E-05	6.67E-05	       NA	       NA	       NA	4.70E-06	1.33E-04	6.67E-05	       NA	1.00E-04	4.01E-05	MAX	5.99E-06	1.27E-05	6.67E-05	       NA	1.26E-05	       NA	       NA	       NA	       NA	       NA	       NA	0.00289	      NA	3.33E-05	9.18E-08	3.33E-05	3.33E-05	3.33E-05	2.67E-05	      NA	      NA	      NA	3.33E-05	      NA	MAX	   NA	      NA	      NA	      NA	MAX
MX1	3.50E-05	3.33E-05	3.91E-05	2.87E-05	3.95E-06	4.87E-07	3.33E-04	9.96E-09	       NA	1.89E-03	2.54E-04	1.05E-07	       NA	       NA	3.49E-06	2.92E-03	1.67E-04	3.33E-05	1.00E-05	       NA	       NA	       NA	1.19E-05	       NA	       NA	       NA	       NA	3.75E-05	       NA	6.38E-07	1.43E-08	       NA	5.17E-06	2.04E-06	2.24E-07	1.04E-06	7.76E-07	2.74E-05	1.33E-04	5.04E-07	       NA	       NA	3.33E-05	3.37E-03	2.66E-05	2.87E-04	6.14E-08	1.86E-07	6.53E-06	1.00E-04	3.16E-07	3.33E-06	       NA	       NA	3.33E-05	3.41E-06	1.23E-05	1.18E-05	1.26E-06	4.69E-05	       NA	       NA	3.41E-06	1.05E-06	1.02E-06	7.24E-06	       NA	3.33E-05	1.41E-05	0.000854	       NA	6.32E-07	       NA	1.14E-05	       NA	1.30E-06	1.29E-05	1.23E-05	5.36E-07	4.36E-06	4.80E-07	0.000879	      NA	      NA	3.60E-08	      NA	      NA	      NA	1.20E-05	4.64E-05	3.33E-05	3.33E-05	      NA	      NA	      NA	   NA	      NA	      NA	0.000147	MAX
UACC893D	2.21E-05	3.33E-05	2.66E-05	8.42E-06	6.45E-05	3.72E-07	3.33E-04	8.34E-08	       NA	1.89E-03	9.66E-05	2.81E-08	       NA	       NA	3.33E-05	2.92E-03	1.67E-04	       NA	1.27E-05	       NA	       NA	       NA	9.84E-06	       NA	       NA	       NA	       NA	1.61E-04	1.00E-03	6.57E-07	       NA	       NA	3.39E-06	5.00E-05	2.79E-06	5.00E-06	1.33E-06	1.67E-04	1.33E-04	3.32E-05	       NA	       NA	1.56E-07	1.16E-03	3.19E-05	1.06E-04	6.90E-08	4.54E-07	5.52E-06	       NA	1.16E-06	3.33E-06	       NA	       NA	       NA	       NA	3.33E-05	3.27E-05	5.00E-05	1.77E-05	       NA	       NA	6.67E-05	1.94E-06	1.19E-06	4.50E-05	       NA	       NA	6.06E-06	0.00346	5.12E-06	3.23E-08	1.33E-04	3.79E-07	1.17E-05	1.02E-05	1.21E-05	1.29E-05	1.27E-07	1.28E-04	6.40E-06	0.00264	      NA	      NA	3.95E-07	      NA	      NA	3.33E-05	5.60E-06	      NA	      NA	      NA	3.33E-05	      NA	0.000449	   NA	      NA	      NA	      NA	MAX
SUM225CWN	4.47E-05	3.33E-05	2.14E-05	2.50E-05	8.36E-05	1.26E-07	3.33E-04	3.11E-08	       NA	1.89E-03	3.31E-04	5.00E-06	       NA	       NA	3.33E-05	2.92E-03	1.67E-04	6.95E-06	9.77E-06	       NA	       NA	       NA	       NA	       NA	       NA	       NA	       NA	4.54E-05	1.26E-04	       NA	2.61E-08	       NA	3.95E-06	5.00E-05	2.41E-06	4.23E-06	3.22E-06	1.00E-04	1.33E-04	2.80E-05	       NA	       NA	3.33E-05	1.47E-03	3.93E-05	1.50E-03	2.57E-07	3.00E-07	6.43E-06	1.00E-04	1.85E-06	      NA	       NA	       NA	3.33E-05	3.33E-05	3.33E-05	1.35E-05	8.19E-05	       NA	       NA	       NA	6.67E-05	8.92E-06	1.33E-04	5.97E-05	       NA	1.00E-04	1.71E-05	0.003385	5.02E-06	1.69E-07	1.33E-04	2.34E-06	2.62E-05	       NA	       NA	       NA	       NA	1.33E-04	       NA	       NA	      NA	      NA	       NA	      NA	      NA	      NA	       NA	6.67E-05	3.33E-05	3.33E-05	      NA	1.18E-14	      NA	   NA	      NA	      NA	MAX	MAX
MB157	6.47E-06	3.33E-05	2.58E-05	2.46E-05	5.02E-07	2.21E-07	3.33E-04	2.97E-08	       NA	1.89E-03	4.01E-04	1.36E-08	       NA	       NA	3.33E-05	2.92E-03	       NA	1.67E-04	1.17E-05	       NA	       NA	       NA	       NA	2.55E-07	7.70E-06	1.68E-07	1.13E-05	       NA	1.00E-03	       NA	       NA	       NA	1.55E-05	5.00E-05	4.09E-06	3.77E-06	2.69E-06	1.67E-04	1.33E-04	1.42E-07	       NA	       NA	3.33E-05	5.00E-03	3.33E-05	3.79E-04	2.81E-07	3.82E-07	2.14E-05	5.00E-05	4.28E-07	      NA	1.67E-04	4.05E-08	6.67E-05	3.33E-05	3.33E-05	3.33E-05	7.42E-07	       NA	       NA	       NA	4.76E-06	1.38E-06	1.33E-04	6.67E-05	       NA	       NA	3.85E-05	MAX	       NA	3.65E-07	       NA	6.67E-05	       NA	       NA	       NA	       NA	       NA	2.00E-04	       NA	       NA	      NA	      NA	       NA	      NA	      NA	      NA	       NA	      NA	      NA	      NA	      NA	      NA	      NA	   NA	      NA	      NA	      NA	MAX
MDAMB468L	6.67E-05	5.06E-06	1.56E-05	2.32E-05	2.87E-05	2.98E-07	3.33E-04	1.00E-08	       NA	      NA	       NA	4.42E-09	       NA	       NA	1.94E-05	       NA	1.67E-04	1.88E-05	       NA	       NA	       NA	       NA	       NA	       NA	       NA	       NA	       NA	       NA	       NA	       NA	       NA	       NA	       NA	       NA	       NA	       NA	       NA	       NA	       NA	       NA	       NA	       NA	       NA	       NA	       NA	       NA	       NA	       NA	       NA	       NA	       NA	      NA	       NA	       NA	       NA	       NA	      NA	       NA	       NA	       NA	       NA	       NA	       NA	       NA	       NA	       NA	       NA	       NA	       NA	      NA	       NA	       NA	       NA	       NA	       NA	       NA	       NA	       NA	       NA	       NA	       NA	       NA	      NA	      NA	       NA	      NA	      NA	      NA	       NA	      NA	      NA	      NA	      NA	      NA	      NA	   NA	      NA	      NA	      NA	       NA
MDAMB436L	6.67E-05	3.33E-05	3.97E-05	7.61E-05	1.29E-05	9.79E-07	3.33E-04	1.04E-08	       NA	1.89E-03	9.87E-04	       NA	       NA	       NA	1.28E-05	2.92E-03	1.67E-04	       NA	8.15E-05	       NA	       NA	       NA	       NA	       NA	       NA	       NA	       NA	6.81E-05	       NA	       NA	       NA	       NA	       NA	       NA	       NA	       NA	       NA	       NA	       NA	       NA	       NA	       NA	       NA	       NA	       NA	       NA	       NA	       NA	       NA	       NA	       NA	      NA	       NA	       NA	       NA	       NA	      NA	       NA	       NA	       NA	       NA	       NA	       NA	       NA	       NA	       NA	       NA	       NA	       NA	      NA	       NA	       NA	       NA	       NA	       NA	       NA	       NA	       NA	       NA	       NA	       NA	       NA	      NA	      NA	       NA	      NA	      NA	      NA	       NA	      NA	      NA	      NA	      NA	      NA	      NA	   NA	      NA	      NA	      NA	       NA
UACC893L	1.11E-05	3.74E-06	5.65E-04	3.88E-06	2.73E-05	2.24E-07	6.68E-05	4.96E-09	       NA	1.89E-03	4.40E-05	3.51E-09	       NA	       NA	1.21E-06	       NA	2.11E-05	       NA	7.33E-06	       NA	       NA	       NA	       NA	       NA	       NA	       NA	       NA	3.46E-05	3.33E-04	       NA	       NA	       NA	       NA	       NA	       NA	       NA	       NA	       NA	       NA	       NA	       NA	       NA	       NA	       NA	       NA	       NA	       NA	       NA	       NA	       NA	       NA	      NA	       NA	       NA	       NA	       NA	      NA	       NA	       NA	       NA	       NA	       NA	       NA	       NA	       NA	       NA	       NA	       NA	       NA	      NA	1.20E-05	       NA	6.67E-05	       NA	1.30E-05	       NA	       NA	       NA	       NA	       NA	       NA	       NA	      NA	1.85E-08	       NA	      NA	5.71E-06	      NA	       NA	      NA	      NA	      NA	      NA	      NA	      NA	   NA	      NA	      NA	      NA	       NA
UACC812	3.33E-05	3.33E-05	2.75E-05	1.97E-05	       NA	       NA	       NA	       NA	1.03E-08	1.89E-03	1.80E-04	1.45E-05	7.25E-06	1.76E-08	       NA	2.92E-03	       NA	1.67E-04	       NA	2.98E-05	1.45E-08	4.27E-06	3.33E-05	1.50E-08	7.47E-06	1.75E-07	9.58E-07	8.81E-05	       NA	1.56E-05	       NA	6.85E-07	1.08E-05	5.00E-05	4.39E-06	5.27E-06	6.54E-06	1.00E-04	1.33E-04	3.21E-05	1.80E-04	2.16E-08	2.83E-06	9.59E-04	6.67E-05	2.40E-04	3.08E-07	3.84E-07	3.60E-05	1.00E-04	1.73E-06	3.33E-06	       NA	3.82E-07	3.33E-05	3.33E-05	6.67E-05	3.48E-05	4.93E-05	1.09E-07	       NA	2.13E-06	6.67E-05	9.79E-06	2.05E-06	4.65E-05	       NA	3.33E-05	8.22E-06	0.00848	9.54E-06	3.07E-08	1.33E-04	5.52E-05	1.45E-05	2.65E-06	1.43E-05	1.74E-05	3.94E-07	1.33E-04	7.26E-07	0.00371	7.20E-06	      NA	1.31E-07	      NA	      NA	      NA	       NA	6.67E-05	3.33E-05	3.33E-05	3.33E-05	1.33E-04	      NA	   NA	      NA	      NA	MAX	MAX
HBL100	6.67E-05	3.33E-05	2.85E-05	       NA	7.22E-06	9.03E-07	3.33E-04	5.39E-08	3.12E-08	      NA	       NA	       NA	2.40E-05	4.78E-08	3.33E-05	       NA	4.30E-05	1.67E-04	7.15E-06	1.84E-04	1.00E-05	1.73E-05	       NA	3.37E-06	9.41E-06	9.49E-08	3.29E-05	       NA	1.04E-04	       NA	       NA	6.85E-07	       NA	       NA	       NA	       NA	       NA	       NA	       NA	       NA	1.80E-02	5.36E-08	       NA	       NA	       NA	       NA	       NA	       NA	       NA	       NA	       NA	      NA	6.02E-05	4.93E-08	       NA	       NA	      NA	       NA	       NA	       NA	1.67E-04	1.41E-08	       NA	       NA	       NA	       NA	2.58E-07	       NA	       NA	      NA	       NA	       NA	       NA	       NA	       NA	       NA	       NA	       NA	       NA	       NA	       NA	       NA	7.20E-06	      NA	       NA	      NA	      NA	      NA	       NA	      NA	      NA	      NA	      NA	      NA	      NA	   NA	      NA	      NA	      NA	       NA
21NT	       NA	       NA	       NA	       NA	       NA	       NA	       NA	       NA	       NA	      NA	       NA	       NA	       NA	       NA	       NA	       NA	       NA	       NA	       NA	       NA	       NA	       NA	3.18E-05	       NA	       NA	       NA	       NA	       NA	       NA	6.67E-05	6.89E-06	       NA	       NA	       NA	       NA	       NA	       NA	       NA	       NA	       NA	       NA	       NA	       NA	       NA	       NA	       NA	       NA	       NA	       NA	       NA	       NA	3.33E-06	       NA	       NA	       NA	       NA	      NA	       NA	       NA	2.29E-05	       NA	       NA	       NA	       NA	       NA	       NA	       NA	       NA	       NA	      NA	       NA	       NA	       NA	       NA	       NA	5.54E-07	2.02E-05	1.31E-05	4.72E-07	       NA	1.35E-07	0.00207	      NA	      NA	       NA	      NA	      NA	      NA	       NA	      NA	      NA	      NA	      NA	      NA	      NA	   NA	      NA	      NA	      NA	       NA
ZR7530	       NA	       NA	       NA	       NA	       NA	       NA	       NA	       NA	1.07E-07	      NA	       NA	       NA	6.58E-06	8.11E-09	       NA	       NA	       NA	       NA	       NA	5.37E-05	5.10E-09	6.29E-04	3.42E-06	       NA	7.38E-05	4.45E-07	       NA	       NA	       NA	1.23E-06	       NA	       NA	       NA	       NA	       NA	       NA	       NA	       NA	       NA	       NA	       NA	       NA	       NA	       NA	       NA	       NA	       NA	       NA	       NA	       NA	       NA	3.33E-06	       NA	       NA	       NA	       NA	      NA	       NA	       NA	1.03E-07	       NA	       NA	       NA	       NA	       NA	       NA	       NA	       NA	       NA	      NA	       NA	       NA	       NA	       NA	       NA	       NA	1.67E-04	1.67E-04	1.93E-10	       NA	       NA	       NA	      NA	      NA	       NA	      NA	      NA	      NA	       NA	      NA	      NA	      NA	      NA	      NA	      NA	   NA	      NA	      NA	      NA	       NA
21MT1	       NA	       NA	       NA	       NA	       NA	       NA	       NA	       NA	       NA	      NA	       NA	       NA	       NA	       NA	       NA	       NA	       NA	       NA	       NA	       NA	       NA	       NA	1.84E-05	       NA	       NA	       NA	       NA	       NA	       NA	6.67E-05	5.51E-06	       NA	       NA	       NA	       NA	       NA	       NA	       NA	       NA	       NA	       NA	       NA	       NA	       NA	       NA	       NA	       NA	       NA	       NA	       NA	       NA	3.33E-06	       NA	       NA	       NA	       NA	      NA	       NA	       NA	6.67E-05	       NA	       NA	       NA	       NA	       NA	       NA	       NA	       NA	       NA	      NA	       NA	       NA	       NA	       NA	       NA	6.52E-07	5.98E-05	5.72E-05	5.50E-07	       NA	2.24E-07	0.00126	      NA	      NA	       NA	      NA	      NA	      NA	       NA	      NA	      NA	      NA	      NA	      NA	      NA	   NA	      NA	      NA	      NA	       NA
SUM44PE	       NA	       NA	       NA	       NA	       NA	       NA	       NA	       NA	       NA	      NA	       NA	       NA	       NA	       NA	       NA	       NA	       NA	8.09E-09	       NA	       NA	       NA	       NA	       NA	1.08E-08	       NA	       NA	       NA	       NA	       NA	       NA	       NA	       NA	       NA	       NA	       NA	       NA	       NA	       NA	       NA	       NA	       NA	       NA	       NA	       NA	       NA	       NA	       NA	       NA	       NA	       NA	       NA	      NA	3.13E-05	7.15E-07	       NA	       NA	      NA	       NA	       NA	       NA	       NA	       NA	       NA	       NA	       NA	       NA	       NA	       NA	       NA	      NA	       NA	       NA	       NA	       NA	       NA	       NA	       NA	       NA	       NA	       NA	       NA	       NA	      NA	      NA	       NA	      NA	      NA	      NA	       NA	      NA	      NA	      NA	      NA	      NA	      NA	   NA	      NA	      NA	      NA	       NA
MDAMB436	       NA	       NA	       NA	       NA	       NA	       NA	       NA	       NA	5.04E-08	      NA	       NA	       NA	3.80E-05	1.45E-06	       NA	       NA	       NA	1.67E-04	       NA	1.27E-04	2.45E-08	1.09E-04	       NA	5.79E-06	2.08E-05	7.56E-07	3.33E-05	       NA	       NA	       NA	       NA	6.85E-07	       NA	       NA	       NA	       NA	       NA	       NA	       NA	       NA	5.63E-03	3.85E-08	       NA	       NA	       NA	       NA	       NA	       NA	       NA	       NA	       NA	      NA	3.51E-05	1.94E-06	       NA	       NA	      NA	       NA	       NA	       NA	1.67E-04	4.64E-05	       NA	       NA	       NA	       NA	7.34E-06	       NA	       NA	      NA	       NA	       NA	       NA	       NA	       NA	       NA	       NA	       NA	       NA	       NA	       NA	       NA	      NA	      NA	       NA	      NA	      NA	      NA	       NA	      NA	      NA	      NA	      NA	      NA	      NA	1.00E-04	      NA	6.67E-05	      NA	       NA
MDAMB468	       NA	       NA	       NA	       NA	       NA	       NA	       NA	       NA	9.77E-09	      NA	       NA	       NA	1.72E-05	3.36E-08	       NA	       NA	       NA	7.41E-05	       NA	7.76E-05	4.88E-09	1.60E-04	       NA	3.19E-06	8.53E-05	2.14E-06	3.33E-05	       NA	       NA	       NA	       NA	       NA	       NA	       NA	       NA	       NA	       NA	       NA	       NA	       NA	7.39E-04	7.22E-04	       NA	       NA	       NA	       NA	       NA	       NA	       NA	       NA	       NA	      NA	       NA	1.35E-07	       NA	       NA	      NA	       NA	       NA	       NA	1.67E-04	1.18E-08	       NA	       NA	       NA	       NA	1.24E-06	       NA	       NA	      NA	       NA	       NA	       NA	       NA	       NA	       NA	       NA	       NA	       NA	       NA	       NA	       NA	      NA	      NA	       NA	      NA	      NA	      NA	       NA	      NA	      NA	      NA	      NA	      NA	      NA	   NA	      NA	      NA	      NA	       NA
UACC893	       NA	       NA	       NA	       NA	       NA	       NA	       NA	       NA	1.50E-08	      NA	       NA	       NA	1.84E-04	1.14E-08	       NA	       NA	       NA	1.67E-04	       NA	9.88E-04	2.74E-08	1.52E-04	       NA	2.30E-08	6.65E-05	8.53E-07	2.31E-06	       NA	       NA	       NA	       NA	6.85E-07	       NA	       NA	       NA	       NA	       NA	       NA	       NA	       NA	8.02E-04	3.15E-04	       NA	       NA	       NA	       NA	       NA	       NA	       NA	       NA	       NA	      NA	3.03E-05	4.16E-07	       NA	       NA	      NA	       NA	       NA	       NA	1.58E-06	1.55E-08	       NA	       NA	       NA	       NA	8.57E-07	       NA	       NA	      NA	       NA	       NA	       NA	       NA	       NA	       NA	       NA	       NA	       NA	       NA	       NA	       NA	6.29E-06	      NA	       NA	      NA	      NA	      NA	       NA	      NA	      NA	      NA	      NA	      NA	      NA	   NA	      NA	      NA	      NA	       NA
21PT	       NA	       NA	       NA	       NA	       NA	       NA	       NA	       NA	       NA	      NA	       NA	       NA	       NA	       NA	       NA	       NA	       NA	       NA	       NA	       NA	       NA	       NA	       NA	       NA	       NA	       NA	       NA	       NA	       NA	       NA	2.33E-08	       NA	       NA	       NA	       NA	       NA	       NA	       NA	       NA	       NA	       NA	       NA	       NA	       NA	       NA	       NA	       NA	       NA	       NA	       NA	       NA	      NA	       NA	       NA	       NA	       NA	      NA	       NA	       NA	       NA	       NA	       NA	       NA	       NA	       NA	       NA	       NA	       NA	       NA	      NA	       NA	       NA	       NA	       NA	       NA	       NA	       NA	       NA	       NA	       NA	       NA	       NA	      NA	      NA	       NA	      NA	      NA	      NA	       NA	      NA	      NA	      NA	      NA	      NA	      NA	   NA	      NA	      NA	      NA	       NA
JIMT1	       NA	       NA	       NA	       NA	       NA	       NA	       NA	       NA	       NA	      NA	       NA	       NA	       NA	       NA	       NA	       NA	       NA	       NA	       NA	       NA	       NA	       NA	       NA	       NA	       NA	       NA	       NA	       NA	       NA	       NA	2.11E-08	       NA	       NA	       NA	       NA	       NA	       NA	       NA	       NA	       NA	       NA	       NA	       NA	       NA	       NA	       NA	       NA	       NA	       NA	       NA	       NA	      NA	       NA	       NA	       NA	       NA	      NA	       NA	       NA	       NA	       NA	       NA	       NA	       NA	       NA	       NA	       NA	       NA	       NA	      NA	       NA	       NA	       NA	       NA	       NA	       NA	       NA	       NA	       NA	       NA	       NA	       NA	      NA	      NA	       NA	      NA	      NA	      NA	       NA	      NA	      NA	      NA	3.33E-05	      NA	      NA	   NA	      NA	      NA	      NA	       NA
S1	       NA	       NA	       NA	       NA	       NA	       NA	       NA	       NA	3.33E-05	      NA	       NA	       NA	1.48E-05	1.00E-04	       NA	       NA	       NA	       NA	       NA	9.87E-05	1.00E-05	6.40E-05	       NA	1.00E-04	7.38E-05	2.16E-06	1.22E-06	       NA	       NA	       NA	       NA	6.85E-07	       NA	       NA	       NA	       NA	       NA	       NA	       NA	       NA	1.74E-03	1.45E-04	       NA	       NA	       NA	       NA	       NA	       NA	       NA	       NA	       NA	      NA	2.50E-06	9.33E-05	       NA	       NA	      NA	       NA	       NA	       NA	1.67E-04	7.72E-08	       NA	       NA	       NA	       NA	8.62E-07	       NA	       NA	      NA	       NA	       NA	       NA	       NA	       NA	       NA	       NA	       NA	       NA	       NA	       NA	       NA	      NA	      NA	       NA	      NA	      NA	      NA	       NA	      NA	      NA	      NA	      NA	      NA	      NA	   NA	      NA	      NA	      NA	       NA
SUM102PT	       NA	       NA	       NA	       NA	       NA	       NA	       NA	       NA	       NA	      NA	       NA	       NA	5.00E-04	4.37E-08	       NA	       NA	       NA	       NA	       NA	       NA	       NA	       NA	       NA	       NA	       NA	4.13E-07	1.80E-05	       NA	       NA	       NA	       NA	6.85E-07	       NA	       NA	       NA	       NA	       NA	       NA	       NA	       NA	       NA	       NA	       NA	       NA	       NA	       NA	       NA	       NA	       NA	       NA	       NA	      NA	       NA	8.95E-07	       NA	       NA	      NA	       NA	       NA	       NA	       NA	       NA	       NA	       NA	       NA	       NA	       NA	       NA	       NA	      NA	       NA	       NA	       NA	       NA	       NA	       NA	       NA	       NA	       NA	       NA	       NA	       NA	7.20E-06	      NA	       NA	      NA	      NA	      NA	       NA	      NA	      NA	      NA	      NA	      NA	      NA	   NA	      NA	      NA	      NA	       NA
SUM190PT	       NA	       NA	       NA	       NA	       NA	       NA	       NA	       NA	1.72E-08	      NA	       NA	       NA	7.95E-07	1.03E-07	       NA	       NA	       NA	       NA	       NA	6.49E-06	1.03E-08	2.12E-06	       NA	3.95E-06	       NA	       NA	2.62E-06	       NA	       NA	       NA	       NA	       NA	       NA	       NA	       NA	       NA	       NA	       NA	       NA	       NA	1.92E-02	3.94E-09	       NA	       NA	       NA	       NA	       NA	       NA	       NA	       NA	       NA	      NA	3.90E-06	       NA	       NA	       NA	      NA	       NA	       NA	       NA	2.43E-06	       NA	       NA	       NA	       NA	       NA	2.29E-07	       NA	       NA	      NA	       NA	       NA	       NA	       NA	       NA	       NA	       NA	       NA	       NA	       NA	       NA	       NA	      NA	      NA	       NA	      NA	      NA	      NA	       NA	      NA	      NA	      NA	      NA	      NA	      NA	   NA	      NA	      NA	      NA	       NA
T4	       NA	       NA	       NA	       NA	       NA	       NA	       NA	       NA	1.11E-08	      NA	       NA	       NA	3.27E-05	7.50E-09	       NA	       NA	       NA	       NA	       NA	2.08E-04	5.19E-09	1.26E-04	       NA	       NA	2.78E-05	5.56E-07	       NA	       NA	       NA	       NA	       NA	       NA	       NA	       NA	       NA	       NA	       NA	       NA	       NA	       NA	       NA	       NA	       NA	       NA	       NA	       NA	       NA	       NA	       NA	       NA	       NA	      NA	       NA	       NA	       NA	       NA	      NA	       NA	       NA	       NA	       NA	       NA	       NA	       NA	       NA	       NA	       NA	       NA	       NA	      NA	       NA	       NA	       NA	       NA	       NA	       NA	       NA	       NA	       NA	       NA	       NA	       NA	      NA	      NA	       NA	      NA	      NA	      NA	       NA	      NA	      NA	      NA	      NA	      NA	      NA	   NA	      NA	      NA	      NA	       NA
1%BT20	       NA	       NA	       NA	       NA	       NA	       NA	       NA	       NA	       NA	      NA	       NA	       NA	       NA	       NA	       NA	       NA	       NA	       NA	       NA	       NA	       NA	       NA	       NA	       NA	       NA	       NA	       NA	       NA	       NA	       NA	       NA	       NA	       NA	       NA	       NA	       NA	       NA	       NA	       NA	       NA	       NA	       NA	       NA	       NA	       NA	       NA	       NA	       NA	       NA	       NA	       NA	      NA	       NA	       NA	       NA	       NA	      NA	       NA	       NA	       NA	       NA	       NA	       NA	       NA	       NA	       NA	       NA	       NA	       NA	      NA	       NA	       NA	       NA	       NA	       NA	       NA	       NA	       NA	       NA	       NA	       NA	       NA	      NA	      NA	       NA	      NA	      NA	      NA	       NA	      NA	      NA	      NA	      NA	      NA	      NA	   NA	      NA	      NA	      NA	       NA
1%CAMA1	       NA	       NA	       NA	       NA	       NA	       NA	       NA	       NA	       NA	      NA	       NA	       NA	       NA	       NA	       NA	       NA	       NA	       NA	       NA	       NA	       NA	       NA	       NA	       NA	       NA	       NA	       NA	       NA	       NA	       NA	       NA	       NA	       NA	       NA	       NA	       NA	       NA	       NA	       NA	       NA	       NA	       NA	       NA	       NA	       NA	       NA	       NA	       NA	       NA	       NA	       NA	      NA	       NA	       NA	       NA	       NA	      NA	       NA	       NA	       NA	       NA	       NA	       NA	       NA	       NA	       NA	       NA	       NA	       NA	      NA	       NA	       NA	       NA	       NA	       NA	       NA	       NA	       NA	       NA	       NA	       NA	       NA	      NA	      NA	       NA	      NA	      NA	      NA	       NA	      NA	      NA	      NA	      NA	      NA	      NA	   NA	      NA	      NA	      NA	       NA
1%JIMT1	       NA	       NA	       NA	       NA	       NA	       NA	       NA	       NA	       NA	      NA	       NA	       NA	       NA	       NA	       NA	       NA	       NA	       NA	       NA	       NA	       NA	       NA	       NA	       NA	       NA	       NA	       NA	       NA	       NA	       NA	       NA	       NA	       NA	       NA	       NA	       NA	       NA	       NA	       NA	       NA	       NA	       NA	       NA	       NA	       NA	       NA	       NA	       NA	       NA	       NA	       NA	      NA	       NA	       NA	       NA	       NA	      NA	       NA	       NA	       NA	       NA	       NA	       NA	       NA	       NA	       NA	       NA	       NA	       NA	      NA	       NA	       NA	       NA	       NA	       NA	       NA	       NA	       NA	       NA	       NA	       NA	       NA	      NA	      NA	       NA	      NA	      NA	      NA	       NA	      NA	      NA	      NA	      NA	      NA	      NA	   NA	      NA	      NA	      NA	       NA
1%LY2	       NA	       NA	       NA	       NA	       NA	       NA	       NA	       NA	       NA	      NA	       NA	       NA	       NA	       NA	       NA	       NA	       NA	       NA	       NA	       NA	       NA	       NA	       NA	       NA	       NA	       NA	       NA	       NA	       NA	       NA	       NA	       NA	       NA	       NA	       NA	       NA	       NA	       NA	       NA	       NA	       NA	       NA	       NA	       NA	       NA	       NA	       NA	       NA	       NA	       NA	       NA	      NA	       NA	       NA	       NA	       NA	      NA	       NA	       NA	       NA	       NA	       NA	       NA	       NA	       NA	       NA	       NA	       NA	       NA	      NA	       NA	       NA	       NA	       NA	       NA	       NA	       NA	       NA	       NA	       NA	       NA	       NA	      NA	      NA	       NA	      NA	      NA	      NA	       NA	      NA	      NA	      NA	      NA	      NA	      NA	   NA	      NA	      NA	      NA	       NA
1%MDAMB157	       NA	       NA	       NA	       NA	       NA	       NA	       NA	       NA	       NA	      NA	       NA	       NA	       NA	       NA	       NA	       NA	       NA	       NA	       NA	       NA	       NA	       NA	       NA	       NA	       NA	       NA	       NA	       NA	       NA	       NA	       NA	       NA	       NA	       NA	       NA	       NA	       NA	       NA	       NA	       NA	       NA	       NA	       NA	       NA	       NA	       NA	       NA	       NA	       NA	       NA	       NA	      NA	       NA	       NA	       NA	       NA	      NA	       NA	       NA	       NA	       NA	       NA	       NA	       NA	       NA	       NA	       NA	       NA	       NA	      NA	       NA	       NA	       NA	       NA	       NA	       NA	       NA	       NA	       NA	       NA	       NA	       NA	      NA	      NA	       NA	      NA	      NA	      NA	       NA	      NA	      NA	      NA	      NA	      NA	      NA	   NA	      NA	      NA	      NA	       NA
1%MDAMB231	       NA	       NA	       NA	       NA	       NA	       NA	       NA	       NA	       NA	      NA	       NA	       NA	       NA	       NA	       NA	       NA	       NA	       NA	       NA	       NA	       NA	       NA	       NA	       NA	       NA	       NA	       NA	       NA	       NA	       NA	       NA	       NA	       NA	       NA	       NA	       NA	       NA	       NA	       NA	       NA	       NA	       NA	       NA	       NA	       NA	       NA	       NA	       NA	       NA	       NA	       NA	      NA	       NA	       NA	       NA	       NA	      NA	       NA	       NA	       NA	       NA	       NA	       NA	       NA	       NA	       NA	       NA	       NA	       NA	      NA	       NA	       NA	       NA	       NA	       NA	       NA	       NA	       NA	       NA	       NA	       NA	       NA	      NA	      NA	       NA	      NA	      NA	      NA	       NA	      NA	      NA	      NA	      NA	      NA	      NA	   NA	      NA	      NA	      NA	       NA
1%MDAMB361	       NA	       NA	       NA	       NA	       NA	       NA	       NA	       NA	       NA	      NA	       NA	       NA	       NA	       NA	       NA	       NA	       NA	       NA	       NA	       NA	       NA	       NA	       NA	       NA	       NA	       NA	       NA	       NA	       NA	       NA	       NA	       NA	       NA	       NA	       NA	       NA	       NA	       NA	       NA	       NA	       NA	       NA	       NA	       NA	       NA	       NA	       NA	       NA	       NA	       NA	       NA	      NA	       NA	       NA	       NA	       NA	      NA	       NA	       NA	       NA	       NA	       NA	       NA	       NA	       NA	       NA	       NA	       NA	       NA	      NA	       NA	       NA	       NA	       NA	       NA	       NA	       NA	       NA	       NA	       NA	       NA	       NA	      NA	      NA	       NA	      NA	      NA	      NA	       NA	      NA	      NA	      NA	      NA	      NA	      NA	   NA	      NA	      NA	      NA	       NA
1%MDAMB436D	       NA	       NA	       NA	       NA	       NA	       NA	       NA	       NA	       NA	      NA	       NA	       NA	       NA	       NA	       NA	       NA	       NA	       NA	       NA	       NA	       NA	       NA	       NA	       NA	       NA	       NA	       NA	       NA	       NA	       NA	       NA	       NA	       NA	       NA	       NA	       NA	       NA	       NA	       NA	       NA	       NA	       NA	       NA	       NA	       NA	       NA	       NA	       NA	       NA	       NA	       NA	      NA	       NA	       NA	       NA	       NA	      NA	       NA	       NA	       NA	       NA	       NA	       NA	       NA	       NA	       NA	       NA	       NA	       NA	      NA	       NA	       NA	       NA	       NA	       NA	       NA	       NA	       NA	       NA	       NA	       NA	       NA	      NA	      NA	       NA	      NA	      NA	      NA	       NA	      NA	      NA	      NA	      NA	      NA	      NA	   NA	      NA	      NA	      NA	       NA
1%MDAMB453	       NA	       NA	       NA	       NA	       NA	       NA	       NA	       NA	       NA	      NA	       NA	       NA	       NA	       NA	       NA	       NA	       NA	       NA	       NA	       NA	       NA	       NA	       NA	       NA	       NA	       NA	       NA	       NA	       NA	       NA	       NA	       NA	       NA	       NA	       NA	       NA	       NA	       NA	       NA	       NA	       NA	       NA	       NA	       NA	       NA	       NA	       NA	       NA	       NA	       NA	       NA	      NA	       NA	       NA	       NA	       NA	      NA	       NA	       NA	       NA	       NA	       NA	       NA	       NA	       NA	       NA	       NA	       NA	       NA	      NA	       NA	       NA	       NA	       NA	       NA	       NA	       NA	       NA	       NA	       NA	       NA	       NA	      NA	      NA	       NA	      NA	      NA	      NA	       NA	      NA	      NA	      NA	      NA	      NA	      NA	   NA	      NA	      NA	      NA	       NA
1%MDAMB468D	       NA	       NA	       NA	       NA	       NA	       NA	       NA	       NA	       NA	      NA	       NA	       NA	       NA	       NA	       NA	       NA	       NA	       NA	       NA	       NA	       NA	       NA	       NA	       NA	       NA	       NA	       NA	       NA	       NA	       NA	       NA	       NA	       NA	       NA	       NA	       NA	       NA	       NA	       NA	       NA	       NA	       NA	       NA	       NA	       NA	       NA	       NA	       NA	       NA	       NA	       NA	      NA	       NA	       NA	       NA	       NA	      NA	       NA	       NA	       NA	       NA	       NA	       NA	       NA	       NA	       NA	       NA	       NA	       NA	      NA	       NA	       NA	       NA	       NA	       NA	       NA	       NA	       NA	       NA	       NA	       NA	       NA	      NA	      NA	       NA	      NA	      NA	      NA	       NA	      NA	      NA	      NA	      NA	      NA	      NA	   NA	      NA	      NA	      NA	       NA
1%UACC812	       NA	       NA	       NA	       NA	       NA	       NA	       NA	       NA	       NA	      NA	       NA	       NA	       NA	       NA	       NA	       NA	       NA	       NA	       NA	       NA	       NA	       NA	       NA	       NA	       NA	       NA	       NA	       NA	       NA	       NA	       NA	       NA	       NA	       NA	       NA	       NA	       NA	       NA	       NA	       NA	       NA	       NA	       NA	       NA	       NA	       NA	       NA	       NA	       NA	       NA	       NA	      NA	       NA	       NA	       NA	       NA	      NA	       NA	       NA	       NA	       NA	       NA	       NA	       NA	       NA	       NA	       NA	       NA	       NA	      NA	       NA	       NA	       NA	       NA	       NA	       NA	       NA	       NA	       NA	       NA	       NA	       NA	      NA	      NA	       NA	      NA	      NA	      NA	       NA	      NA	      NA	      NA	      NA	      NA	      NA	   NA	      NA	      NA	      NA	       NA
1%UACC893D	       NA	       NA	       NA	       NA	       NA	       NA	       NA	       NA	       NA	      NA	       NA	       NA	       NA	       NA	       NA	       NA	       NA	       NA	       NA	       NA	       NA	       NA	       NA	       NA	       NA	       NA	       NA	       NA	       NA	       NA	       NA	       NA	       NA	       NA	       NA	       NA	       NA	       NA	       NA	       NA	       NA	       NA	       NA	       NA	       NA	       NA	       NA	       NA	       NA	       NA	       NA	      NA	       NA	       NA	       NA	       NA	      NA	       NA	       NA	       NA	       NA	       NA	       NA	       NA	       NA	       NA	       NA	       NA	       NA	      NA	       NA	       NA	       NA	       NA	       NA	       NA	       NA	       NA	       NA	       NA	       NA	       NA	      NA	      NA	       NA	      NA	      NA	      NA	       NA	      NA	      NA	      NA	      NA	      NA	      NA	   NA	      NA	      NA	      NA	       NA
CAL120	       NA	       NA	       NA	       NA	       NA	       NA	       NA	       NA	       NA	      NA	       NA	       NA	       NA	       NA	       NA	       NA	       NA	       NA	       NA	       NA	       NA	       NA	       NA	       NA	       NA	       NA	       NA	       NA	       NA	       NA	2.51E-08	       NA	       NA	       NA	       NA	       NA	       NA	       NA	       NA	       NA	       NA	       NA	       NA	       NA	       NA	       NA	       NA	       NA	       NA	       NA	       NA	      NA	       NA	       NA	       NA	       NA	      NA	       NA	       NA	       NA	       NA	       NA	       NA	       NA	       NA	       NA	       NA	       NA	       NA	      NA	       NA	       NA	       NA	       NA	       NA	       NA	       NA	       NA	       NA	       NA	       NA	       NA	      NA	      NA	       NA	      NA	      NA	      NA	       NA	      NA	      NA	      NA	      NA	      NA	      NA	   NA	      NA	      NA	      NA	       NA
CAL148	       NA	       NA	       NA	       NA	       NA	       NA	       NA	       NA	       NA	      NA	       NA	       NA	       NA	       NA	       NA	       NA	       NA	       NA	       NA	       NA	       NA	       NA	       NA	       NA	       NA	       NA	       NA	       NA	       NA	       NA	1.10E-07	       NA	       NA	       NA	       NA	       NA	       NA	       NA	       NA	       NA	       NA	       NA	       NA	       NA	       NA	       NA	       NA	       NA	       NA	       NA	       NA	      NA	       NA	       NA	       NA	       NA	      NA	       NA	       NA	       NA	       NA	       NA	       NA	       NA	       NA	       NA	       NA	       NA	       NA	      NA	       NA	       NA	       NA	       NA	       NA	       NA	       NA	       NA	       NA	       NA	       NA	       NA	      NA	      NA	       NA	      NA	      NA	      NA	       NA	      NA	      NA	      NA	      NA	      NA	      NA	   NA	      NA	      NA	      NA	       NA
CAL85	       NA	       NA	       NA	       NA	       NA	       NA	       NA	       NA	       NA	      NA	       NA	       NA	       NA	       NA	       NA	       NA	       NA	       NA	       NA	       NA	       NA	       NA	       NA	       NA	       NA	       NA	       NA	       NA	       NA	       NA	5.41E-09	       NA	       NA	       NA	       NA	       NA	       NA	       NA	       NA	       NA	       NA	       NA	       NA	       NA	       NA	       NA	       NA	       NA	       NA	       NA	       NA	      NA	       NA	       NA	       NA	       NA	      NA	       NA	       NA	       NA	       NA	       NA	       NA	       NA	       NA	       NA	       NA	       NA	       NA	      NA	       NA	       NA	       NA	       NA	       NA	       NA	       NA	       NA	       NA	       NA	       NA	       NA	      NA	      NA	       NA	      NA	      NA	      NA	       NA	      NA	      NA	      NA	      NA	      NA	      NA	   NA	      NA	      NA	      NA	       NA
EFM192A	       NA	       NA	       NA	       NA	       NA	       NA	       NA	       NA	       NA	      NA	       NA	       NA	       NA	       NA	       NA	       NA	       NA	       NA	       NA	       NA	       NA	       NA	       NA	       NA	       NA	       NA	       NA	       NA	       NA	       NA	5.98E-09	       NA	       NA	       NA	       NA	       NA	       NA	       NA	       NA	       NA	       NA	       NA	       NA	       NA	       NA	       NA	       NA	       NA	       NA	       NA	       NA	      NA	       NA	       NA	       NA	       NA	      NA	       NA	       NA	       NA	       NA	       NA	       NA	       NA	       NA	       NA	       NA	       NA	       NA	      NA	       NA	       NA	       NA	       NA	       NA	       NA	       NA	       NA	       NA	       NA	       NA	       NA	      NA	      NA	       NA	      NA	      NA	      NA	       NA	      NA	      NA	      NA	      NA	      NA	      NA	   NA	      NA	      NA	      NA	       NA
EFM192B	       NA	       NA	       NA	       NA	       NA	       NA	       NA	       NA	       NA	      NA	       NA	       NA	       NA	       NA	       NA	       NA	       NA	       NA	       NA	       NA	       NA	       NA	       NA	       NA	       NA	       NA	       NA	       NA	       NA	       NA	1.21E-08	       NA	       NA	       NA	       NA	       NA	       NA	       NA	       NA	       NA	       NA	       NA	       NA	       NA	       NA	       NA	       NA	       NA	       NA	       NA	       NA	      NA	       NA	       NA	       NA	       NA	      NA	       NA	       NA	       NA	       NA	       NA	       NA	       NA	       NA	       NA	       NA	       NA	       NA	      NA	       NA	       NA	       NA	       NA	       NA	       NA	       NA	       NA	       NA	       NA	       NA	       NA	      NA	      NA	       NA	      NA	      NA	      NA	       NA	      NA	      NA	      NA	      NA	      NA	      NA	   NA	      NA	      NA	      NA	       NA
EFM192C	       NA	       NA	       NA	       NA	       NA	       NA	       NA	       NA	       NA	      NA	       NA	       NA	       NA	       NA	       NA	       NA	       NA	       NA	       NA	       NA	       NA	       NA	       NA	       NA	       NA	       NA	       NA	       NA	       NA	       NA	5.26E-08	       NA	       NA	       NA	       NA	       NA	       NA	       NA	       NA	       NA	       NA	       NA	       NA	       NA	       NA	       NA	       NA	       NA	       NA	       NA	       NA	      NA	       NA	       NA	       NA	       NA	      NA	       NA	       NA	       NA	       NA	       NA	       NA	       NA	       NA	       NA	       NA	       NA	       NA	      NA	       NA	       NA	       NA	       NA	       NA	       NA	       NA	       NA	       NA	       NA	       NA	       NA	      NA	      NA	       NA	      NA	      NA	      NA	       NA	      NA	      NA	      NA	      NA	      NA	      NA	   NA	      NA	      NA	      NA	       NA
EFM19	       NA	       NA	       NA	       NA	       NA	       NA	       NA	       NA	       NA	      NA	       NA	       NA	       NA	       NA	       NA	       NA	       NA	       NA	       NA	       NA	       NA	       NA	       NA	       NA	       NA	       NA	       NA	       NA	       NA	       NA	7.60E-09	       NA	       NA	       NA	       NA	       NA	       NA	       NA	       NA	       NA	       NA	       NA	       NA	       NA	       NA	       NA	       NA	       NA	       NA	       NA	       NA	      NA	       NA	       NA	       NA	       NA	      NA	       NA	       NA	       NA	       NA	       NA	       NA	       NA	       NA	       NA	       NA	       NA	       NA	      NA	       NA	       NA	       NA	       NA	       NA	       NA	       NA	       NA	       NA	       NA	       NA	       NA	      NA	      NA	       NA	      NA	      NA	      NA	       NA	      NA	      NA	      NA	      NA	      NA	      NA	   NA	      NA	      NA	      NA	       NA
