cell line	type	target	basal level
184B5	TNBC	Erk	-3.3432
AU-565	HER2amp	Erk	-3.1426
BT-20	TNBC	Erk	-3.3487
BT-474	HER2amp	Erk	-2.9764
BT-483	HR+	Erk	-2.774
BT-549	TNBC	Erk	-2.7611
CAMA-1	HR+	Erk	-2.9846
HCC1187	TNBC	Erk	-2.9097
HCC1395	TNBC	Erk	-3.1715
HCC1419	HER2amp	Erk	-2.5957
HCC1428	HR+	Erk	-2.9757
HCC1500	HR+	Erk	-2.7887
HCC1569	HER2amp	Erk	-2.907
HCC1806	TNBC	Erk	-3.4977
HCC1937	TNBC	Erk	-2.761
HCC1954	HER2amp	Erk	-2.8156
HCC202	HER2amp	Erk	-2.6396
HCC38	TNBC	Erk	-2.7826
HCC70	TNBC	Erk	-2.7303
Hs 578T	TNBC	Erk	-2.9782
MCF 10A	TNBC	Erk	-3.3755
MCF 10F	TNBC	Erk	-3.361
MCF-12A	TNBC	Erk	-3.5219
MCF7	HR+	Erk	-2.8096
MDA-MB-134-VI	HR+	Erk	-2.8457
MDA-MB-157	TNBC	Erk	-2.962
MDA-MB-175-VII	HR+	Erk	-2.8453
MDA-MB-231	TNBC	Erk	-3.4001
MDA-MB-361	HER2amp	Erk	-2.9212
MDA-MB-415	HR+	Erk	-2.6116
MDA-MB-436	TNBC	Erk	-3.101
MDA-MB-453	TNBC	Erk	-2.845
MDA-MB-468	TNBC	Erk	-3.2355
SK-BR-3	HER2amp	Erk	-2.8722
T47D	HR+	Erk	-3.2699
UACC-812	HER2amp	Erk	-2.6349
UACC-893	HER2amp	Erk	-2.9236
ZR-75-1	HR+	Erk	-2.6752
ZR-75-30	HER2amp	Erk	-3.0172
184B5	TNBC	Akt	-1.8391
AU-565	HER2amp	Akt	-1.4967
BT-20	TNBC	Akt	-1.7112
BT-474	HER2amp	Akt	-1.2266
BT-483	HR+	Akt	-1.4057
BT-549	TNBC	Akt	-1.5463
CAMA-1	HR+	Akt	-1.7958
HCC1187	TNBC	Akt	-1.1699
HCC1395	TNBC	Akt	-1.3977
HCC1419	HER2amp	Akt	-1.166
HCC1428	HR+	Akt	-1.1205
HCC1500	HR+	Akt	-1.5218
HCC1569	HER2amp	Akt	-1.5888
HCC1806	TNBC	Akt	-1.9335
HCC1937	TNBC	Akt	-1.6363
HCC1954	HER2amp	Akt	-1.5339
HCC202	HER2amp	Akt	-1.0768
HCC38	TNBC	Akt	-1.5148
HCC70	TNBC	Akt	-1.5193
Hs 578T	TNBC	Akt	-1.4128
MCF 10A	TNBC	Akt	-1.5922
MCF 10F	TNBC	Akt	-1.4727
MCF-12A	TNBC	Akt	-1.7818
MCF7	HR+	Akt	-0.893
MDA-MB-134-VI	HR+	Akt	-1.6607
MDA-MB-157	TNBC	Akt	-1.2641
MDA-MB-175-VII	HR+	Akt	-1.3201
MDA-MB-231	TNBC	Akt	-1.4434
MDA-MB-361	HER2amp	Akt	-1.1707
MDA-MB-415	HR+	Akt	-1.4753
MDA-MB-436	TNBC	Akt	-1.82
MDA-MB-453	TNBC	Akt	-0.92038
MDA-MB-468	TNBC	Akt	-1.7361
SK-BR-3	HER2amp	Akt	-1.4597
T47D	HR+	Akt	-1.4956
UACC-812	HER2amp	Akt	-1.2027
UACC-893	HER2amp	Akt	-1.1473
ZR-75-1	HR+	Akt	-0.98661
ZR-75-30	HER2amp	Akt	-1.1005
184B5	TNBC	EGFR	-0.69994
AU-565	HER2amp	EGFR	-1.2363
BT-20	TNBC	EGFR	-0.37109
BT-474	HER2amp	EGFR	-2.1675
BT-483	HR+	EGFR	-2.7102
BT-549	TNBC	EGFR	-0.85613
CAMA-1	HR+	EGFR	-1.6255
HCC1187	TNBC	EGFR	-1.1039
HCC1395	TNBC	EGFR	-1.405
HCC1419	HER2amp	EGFR	NaN
HCC1428	HR+	EGFR	-1.4031
HCC1500	HR+	EGFR	-2.069
HCC1569	HER2amp	EGFR	-2.0913
HCC1806	TNBC	EGFR	-0.88641
HCC1937	TNBC	EGFR	-0.89854
HCC1954	HER2amp	EGFR	-1.2068
HCC202	HER2amp	EGFR	-1.1755
HCC38	TNBC	EGFR	-1.3979
HCC70	TNBC	EGFR	-0.72811
Hs 578T	TNBC	EGFR	-0.96357
MCF 10A	TNBC	EGFR	-0.87648
MCF 10F	TNBC	EGFR	-1.538
MCF-12A	TNBC	EGFR	-0.72299
MCF7	HR+	EGFR	-1.9408
MDA-MB-134-VI	HR+	EGFR	-2.9677
MDA-MB-157	TNBC	EGFR	-1.4577
MDA-MB-175-VII	HR+	EGFR	-2.105
MDA-MB-231	TNBC	EGFR	-1.0773
MDA-MB-361	HER2amp	EGFR	-2.7824
MDA-MB-415	HR+	EGFR	NaN
MDA-MB-436	TNBC	EGFR	-1.5278
MDA-MB-453	TNBC	EGFR	-2.5518
MDA-MB-468	TNBC	EGFR	-0.04726
SK-BR-3	HER2amp	EGFR	-1.31
T47D	HR+	EGFR	-2.0062
UACC-812	HER2amp	EGFR	-2.4496
UACC-893	HER2amp	EGFR	-1.2583
ZR-75-1	HR+	EGFR	-2.6291
ZR-75-30	HER2amp	EGFR	NaN
184B5	TNBC	ErbB2	-1.7542
AU-565	HER2amp	ErbB2	0.074513
BT-20	TNBC	ErbB2	-1.4843
BT-474	HER2amp	ErbB2	0.024148
BT-483	HR+	ErbB2	-0.69648
BT-549	TNBC	ErbB2	-1.9515
CAMA-1	HR+	ErbB2	-1.1994
HCC1187	TNBC	ErbB2	-1.3811
HCC1395	TNBC	ErbB2	-2.5146
HCC1419	HER2amp	ErbB2	0.48186
HCC1428	HR+	ErbB2	-1.4121
HCC1500	HR+	ErbB2	-1.5448
HCC1569	HER2amp	ErbB2	0.082625
HCC1806	TNBC	ErbB2	-1.8559
HCC1937	TNBC	ErbB2	-1.6209
HCC1954	HER2amp	ErbB2	0.30716
HCC202	HER2amp	ErbB2	-0.029105
HCC38	TNBC	ErbB2	-1.384
HCC70	TNBC	ErbB2	-1.733
Hs 578T	TNBC	ErbB2	-1.9398
MCF 10A	TNBC	ErbB2	-1.7586
MCF 10F	TNBC	ErbB2	-1.5027
MCF-12A	TNBC	ErbB2	-2.0541
MCF7	HR+	ErbB2	-1.6351
MDA-MB-134-VI	HR+	ErbB2	-1.9199
MDA-MB-157	TNBC	ErbB2	-2.1756
MDA-MB-175-VII	HR+	ErbB2	-1.1261
MDA-MB-231	TNBC	ErbB2	-2.0993
MDA-MB-361	HER2amp	ErbB2	-0.67964
MDA-MB-415	HR+	ErbB2	-1.2757
MDA-MB-436	TNBC	ErbB2	-2.5573
MDA-MB-453	TNBC	ErbB2	-0.60726
MDA-MB-468	TNBC	ErbB2	NaN
SK-BR-3	HER2amp	ErbB2	0.15696
T47D	HR+	ErbB2	-1.4475
UACC-812	HER2amp	ErbB2	0.033254
UACC-893	HER2amp	ErbB2	0.53687
ZR-75-1	HR+	ErbB2	-1.2277
ZR-75-30	HER2amp	ErbB2	0.31268
184B5	TNBC	ErbB3	-2.6755
AU-565	HER2amp	ErbB3	-1.5369
BT-20	TNBC	ErbB3	-2.1298
BT-474	HER2amp	ErbB3	-1.5793
BT-483	HR+	ErbB3	-1.0344
BT-549	TNBC	ErbB3	NaN
CAMA-1	HR+	ErbB3	-1.4146
HCC1187	TNBC	ErbB3	-2.4585
HCC1395	TNBC	ErbB3	NaN
HCC1419	HER2amp	ErbB3	-1.3707
HCC1428	HR+	ErbB3	-1.4733
HCC1500	HR+	ErbB3	-1.6697
HCC1569	HER2amp	ErbB3	-1.6209
HCC1806	TNBC	ErbB3	-2.2591
HCC1937	TNBC	ErbB3	-2.6375
HCC1954	HER2amp	ErbB3	-1.7906
HCC202	HER2amp	ErbB3	-1.682
HCC38	TNBC	ErbB3	-1.6134
HCC70	TNBC	ErbB3	-2.0818
Hs 578T	TNBC	ErbB3	NaN
MCF 10A	TNBC	ErbB3	-2.8868
MCF 10F	TNBC	ErbB3	-2.1593
MCF-12A	TNBC	ErbB3	-2.7617
MCF7	HR+	ErbB3	-1.4014
MDA-MB-134-VI	HR+	ErbB3	-1.7694
MDA-MB-157	TNBC	ErbB3	NaN
MDA-MB-175-VII	HR+	ErbB3	-2.032
MDA-MB-231	TNBC	ErbB3	-3.2246
MDA-MB-361	HER2amp	ErbB3	-1.8412
MDA-MB-415	HR+	ErbB3	-1.5036
MDA-MB-436	TNBC	ErbB3	-3.1223
MDA-MB-453	TNBC	ErbB3	-1.5442
MDA-MB-468	TNBC	ErbB3	-2.4149
SK-BR-3	HER2amp	ErbB3	-1.6919
T47D	HR+	ErbB3	-1.5593
UACC-812	HER2amp	ErbB3	-1.9345
UACC-893	HER2amp	ErbB3	-1.6723
ZR-75-1	HR+	ErbB3	-1.5707
ZR-75-30	HER2amp	ErbB3	-1.3112
184B5	TNBC	ErbB4	NaN
AU-565	HER2amp	ErbB4	NaN
BT-20	TNBC	ErbB4	NaN
BT-474	HER2amp	ErbB4	NaN
BT-483	HR+	ErbB4	NaN
BT-549	TNBC	ErbB4	NaN
CAMA-1	HR+	ErbB4	-2.6102
HCC1187	TNBC	ErbB4	NaN
HCC1395	TNBC	ErbB4	NaN
HCC1419	HER2amp	ErbB4	NaN
HCC1428	HR+	ErbB4	-2.9197
HCC1500	HR+	ErbB4	-3.2729
HCC1569	HER2amp	ErbB4	NaN
HCC1806	TNBC	ErbB4	NaN
HCC1937	TNBC	ErbB4	NaN
HCC1954	HER2amp	ErbB4	NaN
HCC202	HER2amp	ErbB4	NaN
HCC38	TNBC	ErbB4	NaN
HCC70	TNBC	ErbB4	NaN
Hs 578T	TNBC	ErbB4	NaN
MCF 10A	TNBC	ErbB4	NaN
MCF 10F	TNBC	ErbB4	NaN
MCF-12A	TNBC	ErbB4	NaN
MCF7	HR+	ErbB4	NaN
MDA-MB-134-VI	HR+	ErbB4	NaN
MDA-MB-157	TNBC	ErbB4	NaN
MDA-MB-175-VII	HR+	ErbB4	NaN
MDA-MB-231	TNBC	ErbB4	NaN
MDA-MB-361	HER2amp	ErbB4	NaN
MDA-MB-415	HR+	ErbB4	NaN
MDA-MB-436	TNBC	ErbB4	NaN
MDA-MB-453	TNBC	ErbB4	NaN
MDA-MB-468	TNBC	ErbB4	-2.6784
SK-BR-3	HER2amp	ErbB4	NaN
T47D	HR+	ErbB4	-3.3539
UACC-812	HER2amp	ErbB4	NaN
UACC-893	HER2amp	ErbB4	NaN
ZR-75-1	HR+	ErbB4	NaN
ZR-75-30	HER2amp	ErbB4	NaN
184B5	TNBC	InsR	-2.8293
AU-565	HER2amp	InsR	-2.2343
BT-20	TNBC	InsR	-3.0843
BT-474	HER2amp	InsR	-2.5978
BT-483	HR+	InsR	-2.1287
BT-549	TNBC	InsR	NaN
CAMA-1	HR+	InsR	-2.7509
HCC1187	TNBC	InsR	-1.955
HCC1395	TNBC	InsR	NaN
HCC1419	HER2amp	InsR	NaN
HCC1428	HR+	InsR	NaN
HCC1500	HR+	InsR	-1.8564
HCC1569	HER2amp	InsR	NaN
HCC1806	TNBC	InsR	-2.8051
HCC1937	TNBC	InsR	-2.5694
HCC1954	HER2amp	InsR	NaN
HCC202	HER2amp	InsR	-2.1296
HCC38	TNBC	InsR	-2.77
HCC70	TNBC	InsR	NaN
Hs 578T	TNBC	InsR	NaN
MCF 10A	TNBC	InsR	NaN
MCF 10F	TNBC	InsR	-2.8658
MCF-12A	TNBC	InsR	NaN
MCF7	HR+	InsR	-2.1857
MDA-MB-134-VI	HR+	InsR	NaN
MDA-MB-157	TNBC	InsR	-2.5674
MDA-MB-175-VII	HR+	InsR	NaN
MDA-MB-231	TNBC	InsR	NaN
MDA-MB-361	HER2amp	InsR	-2.4508
MDA-MB-415	HR+	InsR	-2.5832
MDA-MB-436	TNBC	InsR	NaN
MDA-MB-453	TNBC	InsR	-2.2413
MDA-MB-468	TNBC	InsR	-2.197
SK-BR-3	HER2amp	InsR	-2.1615
T47D	HR+	InsR	-2.5795
UACC-812	HER2amp	InsR	NaN
UACC-893	HER2amp	InsR	-2.3449
ZR-75-1	HR+	InsR	NaN
ZR-75-30	HER2amp	InsR	NaN
184B5	TNBC	IGF1R	-1.6122
AU-565	HER2amp	IGF1R	-2.5562
BT-20	TNBC	IGF1R	-1.5302
BT-474	HER2amp	IGF1R	-1.8067
BT-483	HR+	IGF1R	-1.0217
BT-549	TNBC	IGF1R	-2.2358
CAMA-1	HR+	IGF1R	-2.2498
HCC1187	TNBC	IGF1R	-3.2332
HCC1395	TNBC	IGF1R	-2.8443
HCC1419	HER2amp	IGF1R	-2.2601
HCC1428	HR+	IGF1R	-1.604
HCC1500	HR+	IGF1R	-1.6182
HCC1569	HER2amp	IGF1R	-1.1962
HCC1806	TNBC	IGF1R	-2.2232
HCC1937	TNBC	IGF1R	-2.7146
HCC1954	HER2amp	IGF1R	-2.1146
HCC202	HER2amp	IGF1R	-2.5164
HCC38	TNBC	IGF1R	-1.8824
HCC70	TNBC	IGF1R	-2.1884
Hs 578T	TNBC	IGF1R	-2.295
MCF 10A	TNBC	IGF1R	-1.0071
MCF 10F	TNBC	IGF1R	-2.0935
MCF-12A	TNBC	IGF1R	-1.8703
MCF7	HR+	IGF1R	-1.1297
MDA-MB-134-VI	HR+	IGF1R	-1.6537
MDA-MB-157	TNBC	IGF1R	-2.7953
MDA-MB-175-VII	HR+	IGF1R	-2.1344
MDA-MB-231	TNBC	IGF1R	-2.3245
MDA-MB-361	HER2amp	IGF1R	-1.8026
MDA-MB-415	HR+	IGF1R	-2.3021
MDA-MB-436	TNBC	IGF1R	-2.0055
MDA-MB-453	TNBC	IGF1R	-2.6536
MDA-MB-468	TNBC	IGF1R	-2.4085
SK-BR-3	HER2amp	IGF1R	-2.7331
T47D	HR+	IGF1R	-1.6322
UACC-812	HER2amp	IGF1R	-1.678
UACC-893	HER2amp	IGF1R	-3.6866
ZR-75-1	HR+	IGF1R	-1.908
ZR-75-30	HER2amp	IGF1R	-2.1301
184B5	TNBC	IGF2R	-1.6071
AU-565	HER2amp	IGF2R	-1.654
BT-20	TNBC	IGF2R	-2.4247
BT-474	HER2amp	IGF2R	-1.7344
BT-483	HR+	IGF2R	-1.8257
BT-549	TNBC	IGF2R	-1.1146
CAMA-1	HR+	IGF2R	-1.8982
HCC1187	TNBC	IGF2R	-1.2765
HCC1395	TNBC	IGF2R	-1.9248
HCC1419	HER2amp	IGF2R	-1.4173
HCC1428	HR+	IGF2R	-1.7164
HCC1500	HR+	IGF2R	-1.3502
HCC1569	HER2amp	IGF2R	-1.6773
HCC1806	TNBC	IGF2R	-1.8394
HCC1937	TNBC	IGF2R	-2.0325
HCC1954	HER2amp	IGF2R	-1.7768
HCC202	HER2amp	IGF2R	-1.8851
HCC38	TNBC	IGF2R	-1.8213
HCC70	TNBC	IGF2R	-2.0851
Hs 578T	TNBC	IGF2R	-1.6694
MCF 10A	TNBC	IGF2R	-1.5911
MCF 10F	TNBC	IGF2R	-2.0217
MCF-12A	TNBC	IGF2R	-2.0349
MCF7	HR+	IGF2R	-1.6618
MDA-MB-134-VI	HR+	IGF2R	-1.7492
MDA-MB-157	TNBC	IGF2R	-1.7841
MDA-MB-175-VII	HR+	IGF2R	-1.8983
MDA-MB-231	TNBC	IGF2R	-1.5066
MDA-MB-361	HER2amp	IGF2R	-1.7885
MDA-MB-415	HR+	IGF2R	-1.7961
MDA-MB-436	TNBC	IGF2R	-1.3625
MDA-MB-453	TNBC	IGF2R	-1.9221
MDA-MB-468	TNBC	IGF2R	-2.2113
SK-BR-3	HER2amp	IGF2R	-1.6474
T47D	HR+	IGF2R	-1.7456
UACC-812	HER2amp	IGF2R	-1.5206
UACC-893	HER2amp	IGF2R	-1.2074
ZR-75-1	HR+	IGF2R	-2.0316
ZR-75-30	HER2amp	IGF2R	-1.7523
184B5	TNBC	VEGFR1	-3.9647
AU-565	HER2amp	VEGFR1	-3.8847
BT-20	TNBC	VEGFR1	NaN
BT-474	HER2amp	VEGFR1	-3.1926
BT-483	HR+	VEGFR1	-3.1429
BT-549	TNBC	VEGFR1	-3.302
CAMA-1	HR+	VEGFR1	-3.9172
HCC1187	TNBC	VEGFR1	-3.1133
HCC1395	TNBC	VEGFR1	-3.4305
HCC1419	HER2amp	VEGFR1	NaN
HCC1428	HR+	VEGFR1	-3.376
HCC1500	HR+	VEGFR1	-3.2778
HCC1569	HER2amp	VEGFR1	-3.7141
HCC1806	TNBC	VEGFR1	NaN
HCC1937	TNBC	VEGFR1	NaN
HCC1954	HER2amp	VEGFR1	NaN
HCC202	HER2amp	VEGFR1	-3.3247
HCC38	TNBC	VEGFR1	-3.8388
HCC70	TNBC	VEGFR1	NaN
Hs 578T	TNBC	VEGFR1	NaN
MCF 10A	TNBC	VEGFR1	NaN
MCF 10F	TNBC	VEGFR1	NaN
MCF-12A	TNBC	VEGFR1	NaN
MCF7	HR+	VEGFR1	NaN
MDA-MB-134-VI	HR+	VEGFR1	NaN
MDA-MB-157	TNBC	VEGFR1	-3.0788
MDA-MB-175-VII	HR+	VEGFR1	NaN
MDA-MB-231	TNBC	VEGFR1	NaN
MDA-MB-361	HER2amp	VEGFR1	NaN
MDA-MB-415	HR+	VEGFR1	-3.1892
MDA-MB-436	TNBC	VEGFR1	-3.3623
MDA-MB-453	TNBC	VEGFR1	-3.319
MDA-MB-468	TNBC	VEGFR1	-3.5904
SK-BR-3	HER2amp	VEGFR1	-3.4051
T47D	HR+	VEGFR1	-3.6569
UACC-812	HER2amp	VEGFR1	NaN
UACC-893	HER2amp	VEGFR1	-2.682
ZR-75-1	HR+	VEGFR1	NaN
ZR-75-30	HER2amp	VEGFR1	NaN
184B5	TNBC	VEGFR2	-2.973
AU-565	HER2amp	VEGFR2	NaN
BT-20	TNBC	VEGFR2	NaN
BT-474	HER2amp	VEGFR2	NaN
BT-483	HR+	VEGFR2	NaN
BT-549	TNBC	VEGFR2	NaN
CAMA-1	HR+	VEGFR2	NaN
HCC1187	TNBC	VEGFR2	-2.7307
HCC1395	TNBC	VEGFR2	NaN
HCC1419	HER2amp	VEGFR2	NaN
HCC1428	HR+	VEGFR2	NaN
HCC1500	HR+	VEGFR2	NaN
HCC1569	HER2amp	VEGFR2	NaN
HCC1806	TNBC	VEGFR2	NaN
HCC1937	TNBC	VEGFR2	NaN
HCC1954	HER2amp	VEGFR2	NaN
HCC202	HER2amp	VEGFR2	NaN
HCC38	TNBC	VEGFR2	NaN
HCC70	TNBC	VEGFR2	NaN
Hs 578T	TNBC	VEGFR2	NaN
MCF 10A	TNBC	VEGFR2	NaN
MCF 10F	TNBC	VEGFR2	NaN
MCF-12A	TNBC	VEGFR2	NaN
MCF7	HR+	VEGFR2	NaN
MDA-MB-134-VI	HR+	VEGFR2	NaN
MDA-MB-157	TNBC	VEGFR2	NaN
MDA-MB-175-VII	HR+	VEGFR2	NaN
MDA-MB-231	TNBC	VEGFR2	NaN
MDA-MB-361	HER2amp	VEGFR2	NaN
MDA-MB-415	HR+	VEGFR2	NaN
MDA-MB-436	TNBC	VEGFR2	NaN
MDA-MB-453	TNBC	VEGFR2	NaN
MDA-MB-468	TNBC	VEGFR2	-3.3882
SK-BR-3	HER2amp	VEGFR2	NaN
T47D	HR+	VEGFR2	NaN
UACC-812	HER2amp	VEGFR2	NaN
UACC-893	HER2amp	VEGFR2	NaN
ZR-75-1	HR+	VEGFR2	NaN
ZR-75-30	HER2amp	VEGFR2	NaN
184B5	TNBC	VEGFR3	NaN
AU-565	HER2amp	VEGFR3	NaN
BT-20	TNBC	VEGFR3	NaN
BT-474	HER2amp	VEGFR3	NaN
BT-483	HR+	VEGFR3	NaN
BT-549	TNBC	VEGFR3	NaN
CAMA-1	HR+	VEGFR3	NaN
HCC1187	TNBC	VEGFR3	NaN
HCC1395	TNBC	VEGFR3	NaN
HCC1419	HER2amp	VEGFR3	NaN
HCC1428	HR+	VEGFR3	NaN
HCC1500	HR+	VEGFR3	NaN
HCC1569	HER2amp	VEGFR3	NaN
HCC1806	TNBC	VEGFR3	NaN
HCC1937	TNBC	VEGFR3	NaN
HCC1954	HER2amp	VEGFR3	NaN
HCC202	HER2amp	VEGFR3	NaN
HCC38	TNBC	VEGFR3	NaN
HCC70	TNBC	VEGFR3	NaN
Hs 578T	TNBC	VEGFR3	NaN
MCF 10A	TNBC	VEGFR3	NaN
MCF 10F	TNBC	VEGFR3	NaN
MCF-12A	TNBC	VEGFR3	NaN
MCF7	HR+	VEGFR3	NaN
MDA-MB-134-VI	HR+	VEGFR3	NaN
MDA-MB-157	TNBC	VEGFR3	NaN
MDA-MB-175-VII	HR+	VEGFR3	NaN
MDA-MB-231	TNBC	VEGFR3	NaN
MDA-MB-361	HER2amp	VEGFR3	NaN
MDA-MB-415	HR+	VEGFR3	NaN
MDA-MB-436	TNBC	VEGFR3	NaN
MDA-MB-453	TNBC	VEGFR3	NaN
MDA-MB-468	TNBC	VEGFR3	NaN
SK-BR-3	HER2amp	VEGFR3	NaN
T47D	HR+	VEGFR3	NaN
UACC-812	HER2amp	VEGFR3	NaN
UACC-893	HER2amp	VEGFR3	NaN
ZR-75-1	HR+	VEGFR3	NaN
ZR-75-30	HER2amp	VEGFR3	NaN
184B5	TNBC	PDGFRa	-3.4675
AU-565	HER2amp	PDGFRa	NaN
BT-20	TNBC	PDGFRa	NaN
BT-474	HER2amp	PDGFRa	NaN
BT-483	HR+	PDGFRa	NaN
BT-549	TNBC	PDGFRa	-3.3035
CAMA-1	HR+	PDGFRa	NaN
HCC1187	TNBC	PDGFRa	-3.4058
HCC1395	TNBC	PDGFRa	-3.0978
HCC1419	HER2amp	PDGFRa	NaN
HCC1428	HR+	PDGFRa	NaN
HCC1500	HR+	PDGFRa	NaN
HCC1569	HER2amp	PDGFRa	NaN
HCC1806	TNBC	PDGFRa	NaN
HCC1937	TNBC	PDGFRa	NaN
HCC1954	HER2amp	PDGFRa	NaN
HCC202	HER2amp	PDGFRa	NaN
HCC38	TNBC	PDGFRa	NaN
HCC70	TNBC	PDGFRa	-3.2926
Hs 578T	TNBC	PDGFRa	-1.4831
MCF 10A	TNBC	PDGFRa	NaN
MCF 10F	TNBC	PDGFRa	NaN
MCF-12A	TNBC	PDGFRa	NaN
MCF7	HR+	PDGFRa	NaN
MDA-MB-134-VI	HR+	PDGFRa	NaN
MDA-MB-157	TNBC	PDGFRa	-3.4946
MDA-MB-175-VII	HR+	PDGFRa	NaN
MDA-MB-231	TNBC	PDGFRa	NaN
MDA-MB-361	HER2amp	PDGFRa	NaN
MDA-MB-415	HR+	PDGFRa	NaN
MDA-MB-436	TNBC	PDGFRa	NaN
MDA-MB-453	TNBC	PDGFRa	NaN
MDA-MB-468	TNBC	PDGFRa	NaN
SK-BR-3	HER2amp	PDGFRa	NaN
T47D	HR+	PDGFRa	NaN
UACC-812	HER2amp	PDGFRa	NaN
UACC-893	HER2amp	PDGFRa	NaN
ZR-75-1	HR+	PDGFRa	NaN
ZR-75-30	HER2amp	PDGFRa	-3.2186
184B5	TNBC	PDGFRb	NaN
AU-565	HER2amp	PDGFRb	NaN
BT-20	TNBC	PDGFRb	NaN
BT-474	HER2amp	PDGFRb	NaN
BT-483	HR+	PDGFRb	NaN
BT-549	TNBC	PDGFRb	-3.8235
CAMA-1	HR+	PDGFRb	-3.8679
HCC1187	TNBC	PDGFRb	-3.539
HCC1395	TNBC	PDGFRb	NaN
HCC1419	HER2amp	PDGFRb	-3.4797
HCC1428	HR+	PDGFRb	-3.575
HCC1500	HR+	PDGFRb	-3.3349
HCC1569	HER2amp	PDGFRb	NaN
HCC1806	TNBC	PDGFRb	-3.8104
HCC1937	TNBC	PDGFRb	NaN
HCC1954	HER2amp	PDGFRb	NaN
HCC202	HER2amp	PDGFRb	-3.4612
HCC38	TNBC	PDGFRb	NaN
HCC70	TNBC	PDGFRb	NaN
Hs 578T	TNBC	PDGFRb	-0.88291
MCF 10A	TNBC	PDGFRb	NaN
MCF 10F	TNBC	PDGFRb	-3.653
MCF-12A	TNBC	PDGFRb	NaN
MCF7	HR+	PDGFRb	NaN
MDA-MB-134-VI	HR+	PDGFRb	-3.4425
MDA-MB-157	TNBC	PDGFRb	-0.95855
MDA-MB-175-VII	HR+	PDGFRb	NaN
MDA-MB-231	TNBC	PDGFRb	-2.2174
MDA-MB-361	HER2amp	PDGFRb	NaN
MDA-MB-415	HR+	PDGFRb	-3.4788
MDA-MB-436	TNBC	PDGFRb	NaN
MDA-MB-453	TNBC	PDGFRb	-3.8849
MDA-MB-468	TNBC	PDGFRb	-3.6095
SK-BR-3	HER2amp	PDGFRb	-3.8286
T47D	HR+	PDGFRb	-3.5738
UACC-812	HER2amp	PDGFRb	NaN
UACC-893	HER2amp	PDGFRb	NaN
ZR-75-1	HR+	PDGFRb	NaN
ZR-75-30	HER2amp	PDGFRb	NaN
184B5	TNBC	Met	-0.37501
AU-565	HER2amp	Met	-1.1128
BT-20	TNBC	Met	-0.71136
BT-474	HER2amp	Met	-2.4829
BT-483	HR+	Met	NaN
BT-549	TNBC	Met	-0.51974
CAMA-1	HR+	Met	NaN
HCC1187	TNBC	Met	NaN
HCC1395	TNBC	Met	-1.5305
HCC1419	HER2amp	Met	NaN
HCC1428	HR+	Met	NaN
HCC1500	HR+	Met	NaN
HCC1569	HER2amp	Met	-1.3738
HCC1806	TNBC	Met	-0.57586
HCC1937	TNBC	Met	-0.69946
HCC1954	HER2amp	Met	-0.20047
HCC202	HER2amp	Met	NaN
HCC38	TNBC	Met	-1.9266
HCC70	TNBC	Met	-1.0869
Hs 578T	TNBC	Met	-0.68619
MCF 10A	TNBC	Met	-0.62903
MCF 10F	TNBC	Met	-0.39825
MCF-12A	TNBC	Met	-0.29197
MCF7	HR+	Met	NaN
MDA-MB-134-VI	HR+	Met	NaN
MDA-MB-157	TNBC	Met	NaN
MDA-MB-175-VII	HR+	Met	NaN
MDA-MB-231	TNBC	Met	-1.0958
MDA-MB-361	HER2amp	Met	NaN
MDA-MB-415	HR+	Met	-2.0514
MDA-MB-436	TNBC	Met	-0.5822
MDA-MB-453	TNBC	Met	NaN
MDA-MB-468	TNBC	Met	-0.75528
SK-BR-3	HER2amp	Met	-1.9036
T47D	HR+	Met	NaN
UACC-812	HER2amp	Met	-0.66725
UACC-893	HER2amp	Met	-1.637
ZR-75-1	HR+	Met	NaN
ZR-75-30	HER2amp	Met	NaN
184B5	TNBC	cKit	NaN
AU-565	HER2amp	cKit	NaN
BT-20	TNBC	cKit	NaN
BT-474	HER2amp	cKit	NaN
BT-483	HR+	cKit	NaN
BT-549	TNBC	cKit	NaN
CAMA-1	HR+	cKit	NaN
HCC1187	TNBC	cKit	-1.7235
HCC1395	TNBC	cKit	NaN
HCC1419	HER2amp	cKit	NaN
HCC1428	HR+	cKit	NaN
HCC1500	HR+	cKit	NaN
HCC1569	HER2amp	cKit	NaN
HCC1806	TNBC	cKit	-2.91
HCC1937	TNBC	cKit	NaN
HCC1954	HER2amp	cKit	-4.1036
HCC202	HER2amp	cKit	NaN
HCC38	TNBC	cKit	-2.69
HCC70	TNBC	cKit	-2.2802
Hs 578T	TNBC	cKit	NaN
MCF 10A	TNBC	cKit	NaN
MCF 10F	TNBC	cKit	NaN
MCF-12A	TNBC	cKit	NaN
MCF7	HR+	cKit	-3.8006
MDA-MB-134-VI	HR+	cKit	NaN
MDA-MB-157	TNBC	cKit	-2.0621
MDA-MB-175-VII	HR+	cKit	NaN
MDA-MB-231	TNBC	cKit	NaN
MDA-MB-361	HER2amp	cKit	NaN
MDA-MB-415	HR+	cKit	-2.3902
MDA-MB-436	TNBC	cKit	NaN
MDA-MB-453	TNBC	cKit	-4.5537
MDA-MB-468	TNBC	cKit	-3.8526
SK-BR-3	HER2amp	cKit	NaN
T47D	HR+	cKit	NaN
UACC-812	HER2amp	cKit	NaN
UACC-893	HER2amp	cKit	NaN
ZR-75-1	HR+	cKit	NaN
ZR-75-30	HER2amp	cKit	NaN
184B5	TNBC	EphA2	-1.6463
AU-565	HER2amp	EphA2	-2.1768
BT-20	TNBC	EphA2	-2.4195
BT-474	HER2amp	EphA2	-2.7367
BT-483	HR+	EphA2	NaN
BT-549	TNBC	EphA2	-0.54265
CAMA-1	HR+	EphA2	-3.1247
HCC1187	TNBC	EphA2	-2.4264
HCC1395	TNBC	EphA2	-1.8072
HCC1419	HER2amp	EphA2	-1.7021
HCC1428	HR+	EphA2	-3.0772
HCC1500	HR+	EphA2	NaN
HCC1569	HER2amp	EphA2	-1.9371
HCC1806	TNBC	EphA2	-1.3919
HCC1937	TNBC	EphA2	-0.86927
HCC1954	HER2amp	EphA2	-1.5626
HCC202	HER2amp	EphA2	-1.4234
HCC38	TNBC	EphA2	-1.1374
HCC70	TNBC	EphA2	-1.9748
Hs 578T	TNBC	EphA2	-1.0907
MCF 10A	TNBC	EphA2	-1.7583
MCF 10F	TNBC	EphA2	-1.8039
MCF-12A	TNBC	EphA2	-1.7631
MCF7	HR+	EphA2	-1.8571
MDA-MB-134-VI	HR+	EphA2	-3.0798
MDA-MB-157	TNBC	EphA2	-1.1304
MDA-MB-175-VII	HR+	EphA2	-1.843
MDA-MB-231	TNBC	EphA2	-0.93014
MDA-MB-361	HER2amp	EphA2	-2.9866
MDA-MB-415	HR+	EphA2	-2.0732
MDA-MB-436	TNBC	EphA2	-1.1278
MDA-MB-453	TNBC	EphA2	-2.796
MDA-MB-468	TNBC	EphA2	-2.0833
SK-BR-3	HER2amp	EphA2	-2.104
T47D	HR+	EphA2	-2.7355
UACC-812	HER2amp	EphA2	-1.765
UACC-893	HER2amp	EphA2	-1.9646
ZR-75-1	HR+	EphA2	-2.4204
ZR-75-30	HER2amp	EphA2	-2.4997
184B5	TNBC	Src	-0.13731
AU-565	HER2amp	Src	-1.1276
BT-20	TNBC	Src	-0.18264
BT-474	HER2amp	Src	-1.8692
BT-483	HR+	Src	0.68207
BT-549	TNBC	Src	-0.53132
CAMA-1	HR+	Src	-1.2386
HCC1187	TNBC	Src	-0.5421
HCC1395	TNBC	Src	-0.91136
HCC1419	HER2amp	Src	-1.8852
HCC1428	HR+	Src	0.18862
HCC1500	HR+	Src	-0.4044
HCC1569	HER2amp	Src	0.18339
HCC1806	TNBC	Src	-0.81631
HCC1937	TNBC	Src	-0.87576
HCC1954	HER2amp	Src	-0.68791
HCC202	HER2amp	Src	-0.60149
HCC38	TNBC	Src	-0.55196
HCC70	TNBC	Src	-1.1016
Hs 578T	TNBC	Src	-1.0615
MCF 10A	TNBC	Src	-0.46491
MCF 10F	TNBC	Src	-0.95216
MCF-12A	TNBC	Src	-1.0347
MCF7	HR+	Src	-0.90888
MDA-MB-134-VI	HR+	Src	-0.88579
MDA-MB-157	TNBC	Src	-1.0529
MDA-MB-175-VII	HR+	Src	-0.46819
MDA-MB-231	TNBC	Src	-0.64717
MDA-MB-361	HER2amp	Src	-0.99589
MDA-MB-415	HR+	Src	0.55562
MDA-MB-436	TNBC	Src	-1.4174
MDA-MB-453	TNBC	Src	NaN
MDA-MB-468	TNBC	Src	-1.0481
SK-BR-3	HER2amp	Src	-0.75446
T47D	HR+	Src	-0.54655
UACC-812	HER2amp	Src	0.14483
UACC-893	HER2amp	Src	-1.1556
ZR-75-1	HR+	Src	-0.39579
ZR-75-30	HER2amp	Src	-0.6556
184B5	TNBC	TrkA	NaN
AU-565	HER2amp	TrkA	NaN
BT-20	TNBC	TrkA	NaN
BT-474	HER2amp	TrkA	NaN
BT-483	HR+	TrkA	NaN
BT-549	TNBC	TrkA	NaN
CAMA-1	HR+	TrkA	NaN
HCC1187	TNBC	TrkA	NaN
HCC1395	TNBC	TrkA	NaN
HCC1419	HER2amp	TrkA	NaN
HCC1428	HR+	TrkA	NaN
HCC1500	HR+	TrkA	NaN
HCC1569	HER2amp	TrkA	NaN
HCC1806	TNBC	TrkA	NaN
HCC1937	TNBC	TrkA	NaN
HCC1954	HER2amp	TrkA	NaN
HCC202	HER2amp	TrkA	NaN
HCC38	TNBC	TrkA	NaN
HCC70	TNBC	TrkA	NaN
Hs 578T	TNBC	TrkA	NaN
MCF 10A	TNBC	TrkA	NaN
MCF 10F	TNBC	TrkA	NaN
MCF-12A	TNBC	TrkA	NaN
MCF7	HR+	TrkA	NaN
MDA-MB-134-VI	HR+	TrkA	NaN
MDA-MB-157	TNBC	TrkA	NaN
MDA-MB-175-VII	HR+	TrkA	NaN
MDA-MB-231	TNBC	TrkA	NaN
MDA-MB-361	HER2amp	TrkA	NaN
MDA-MB-415	HR+	TrkA	NaN
MDA-MB-436	TNBC	TrkA	NaN
MDA-MB-453	TNBC	TrkA	NaN
MDA-MB-468	TNBC	TrkA	NaN
SK-BR-3	HER2amp	TrkA	NaN
T47D	HR+	TrkA	NaN
UACC-812	HER2amp	TrkA	NaN
UACC-893	HER2amp	TrkA	-3.3658
ZR-75-1	HR+	TrkA	NaN
ZR-75-30	HER2amp	TrkA	NaN
184B5	TNBC	FGFR1	-0.88139
AU-565	HER2amp	FGFR1	-0.76165
BT-20	TNBC	FGFR1	-0.87712
BT-474	HER2amp	FGFR1	-0.74957
BT-483	HR+	FGFR1	-0.48559
BT-549	TNBC	FGFR1	-0.53057
CAMA-1	HR+	FGFR1	-0.89778
HCC1187	TNBC	FGFR1	-0.55333
HCC1395	TNBC	FGFR1	-0.76363
HCC1419	HER2amp	FGFR1	-0.73986
HCC1428	HR+	FGFR1	-0.75391
HCC1500	HR+	FGFR1	-0.68504
HCC1569	HER2amp	FGFR1	-0.66187
HCC1806	TNBC	FGFR1	-0.95294
HCC1937	TNBC	FGFR1	-0.64742
HCC1954	HER2amp	FGFR1	-0.63108
HCC202	HER2amp	FGFR1	-0.57833
HCC38	TNBC	FGFR1	-0.58445
HCC70	TNBC	FGFR1	-0.89331
Hs 578T	TNBC	FGFR1	-0.7869
MCF 10A	TNBC	FGFR1	-0.80292
MCF 10F	TNBC	FGFR1	-0.92285
MCF-12A	TNBC	FGFR1	-0.99591
MCF7	HR+	FGFR1	-0.58169
MDA-MB-134-VI	HR+	FGFR1	-0.73752
MDA-MB-157	TNBC	FGFR1	-0.80068
MDA-MB-175-VII	HR+	FGFR1	-0.61393
MDA-MB-231	TNBC	FGFR1	-0.83764
MDA-MB-361	HER2amp	FGFR1	-0.8985
MDA-MB-415	HR+	FGFR1	-0.63553
MDA-MB-436	TNBC	FGFR1	-0.792
MDA-MB-453	TNBC	FGFR1	-0.57894
MDA-MB-468	TNBC	FGFR1	-0.80003
SK-BR-3	HER2amp	FGFR1	-0.63956
T47D	HR+	FGFR1	-0.70708
UACC-812	HER2amp	FGFR1	-0.53322
UACC-893	HER2amp	FGFR1	-1.0811
ZR-75-1	HR+	FGFR1	-0.7735
ZR-75-30	HER2amp	FGFR1	-0.71198
184B5	TNBC	FGFR2	NaN
AU-565	HER2amp	FGFR2	NaN
BT-20	TNBC	FGFR2	NaN
BT-474	HER2amp	FGFR2	-2.7631
BT-483	HR+	FGFR2	NaN
BT-549	TNBC	FGFR2	NaN
CAMA-1	HR+	FGFR2	NaN
HCC1187	TNBC	FGFR2	-3.3385
HCC1395	TNBC	FGFR2	NaN
HCC1419	HER2amp	FGFR2	NaN
HCC1428	HR+	FGFR2	NaN
HCC1500	HR+	FGFR2	-2.4721
HCC1569	HER2amp	FGFR2	-3.1279
HCC1806	TNBC	FGFR2	-3.6737
HCC1937	TNBC	FGFR2	-3.5113
HCC1954	HER2amp	FGFR2	NaN
HCC202	HER2amp	FGFR2	-2.3809
HCC38	TNBC	FGFR2	-2.8864
HCC70	TNBC	FGFR2	NaN
Hs 578T	TNBC	FGFR2	NaN
MCF 10A	TNBC	FGFR2	NaN
MCF 10F	TNBC	FGFR2	NaN
MCF-12A	TNBC	FGFR2	NaN
MCF7	HR+	FGFR2	NaN
MDA-MB-134-VI	HR+	FGFR2	NaN
MDA-MB-157	TNBC	FGFR2	NaN
MDA-MB-175-VII	HR+	FGFR2	NaN
MDA-MB-231	TNBC	FGFR2	NaN
MDA-MB-361	HER2amp	FGFR2	-2.9611
MDA-MB-415	HR+	FGFR2	-2.7372
MDA-MB-436	TNBC	FGFR2	NaN
MDA-MB-453	TNBC	FGFR2	-2.8256
MDA-MB-468	TNBC	FGFR2	-3.8047
SK-BR-3	HER2amp	FGFR2	-2.8421
T47D	HR+	FGFR2	-2.9318
UACC-812	HER2amp	FGFR2	-3.8792
UACC-893	HER2amp	FGFR2	-2.3589
ZR-75-1	HR+	FGFR2	-3.5003
ZR-75-30	HER2amp	FGFR2	NaN
184B5	TNBC	FGFR3	NaN
AU-565	HER2amp	FGFR3	NaN
BT-20	TNBC	FGFR3	NaN
BT-474	HER2amp	FGFR3	-3.1837
BT-483	HR+	FGFR3	NaN
BT-549	TNBC	FGFR3	NaN
CAMA-1	HR+	FGFR3	NaN
HCC1187	TNBC	FGFR3	NaN
HCC1395	TNBC	FGFR3	NaN
HCC1419	HER2amp	FGFR3	-3.5406
HCC1428	HR+	FGFR3	NaN
HCC1500	HR+	FGFR3	-3.248
HCC1569	HER2amp	FGFR3	-3.0052
HCC1806	TNBC	FGFR3	-3.2868
HCC1937	TNBC	FGFR3	-3.0722
HCC1954	HER2amp	FGFR3	NaN
HCC202	HER2amp	FGFR3	-3.4492
HCC38	TNBC	FGFR3	NaN
HCC70	TNBC	FGFR3	NaN
Hs 578T	TNBC	FGFR3	NaN
MCF 10A	TNBC	FGFR3	-3.4862
MCF 10F	TNBC	FGFR3	NaN
MCF-12A	TNBC	FGFR3	NaN
MCF7	HR+	FGFR3	NaN
MDA-MB-134-VI	HR+	FGFR3	NaN
MDA-MB-157	TNBC	FGFR3	NaN
MDA-MB-175-VII	HR+	FGFR3	NaN
MDA-MB-231	TNBC	FGFR3	NaN
MDA-MB-361	HER2amp	FGFR3	NaN
MDA-MB-415	HR+	FGFR3	-3.4715
MDA-MB-436	TNBC	FGFR3	NaN
MDA-MB-453	TNBC	FGFR3	NaN
MDA-MB-468	TNBC	FGFR3	NaN
SK-BR-3	HER2amp	FGFR3	NaN
T47D	HR+	FGFR3	NaN
UACC-812	HER2amp	FGFR3	NaN
UACC-893	HER2amp	FGFR3	-2.0849
ZR-75-1	HR+	FGFR3	-3.6929
ZR-75-30	HER2amp	FGFR3	-2.716
184B5	TNBC	FGFR4	NaN
AU-565	HER2amp	FGFR4	NaN
BT-20	TNBC	FGFR4	NaN
BT-474	HER2amp	FGFR4	-2.6692
BT-483	HR+	FGFR4	-1.7806
BT-549	TNBC	FGFR4	NaN
CAMA-1	HR+	FGFR4	-2.3802
HCC1187	TNBC	FGFR4	NaN
HCC1395	TNBC	FGFR4	NaN
HCC1419	HER2amp	FGFR4	-2.8332
HCC1428	HR+	FGFR4	-2.2776
HCC1500	HR+	FGFR4	-3.5099
HCC1569	HER2amp	FGFR4	NaN
HCC1806	TNBC	FGFR4	NaN
HCC1937	TNBC	FGFR4	NaN
HCC1954	HER2amp	FGFR4	NaN
HCC202	HER2amp	FGFR4	-3.5974
HCC38	TNBC	FGFR4	NaN
HCC70	TNBC	FGFR4	NaN
Hs 578T	TNBC	FGFR4	NaN
MCF 10A	TNBC	FGFR4	NaN
MCF 10F	TNBC	FGFR4	NaN
MCF-12A	TNBC	FGFR4	NaN
MCF7	HR+	FGFR4	NaN
MDA-MB-134-VI	HR+	FGFR4	NaN
MDA-MB-157	TNBC	FGFR4	NaN
MDA-MB-175-VII	HR+	FGFR4	NaN
MDA-MB-231	TNBC	FGFR4	NaN
MDA-MB-361	HER2amp	FGFR4	NaN
MDA-MB-415	HR+	FGFR4	-2.4468
MDA-MB-436	TNBC	FGFR4	NaN
MDA-MB-453	TNBC	FGFR4	-1.1826
MDA-MB-468	TNBC	FGFR4	NaN
SK-BR-3	HER2amp	FGFR4	NaN
T47D	HR+	FGFR4	NaN
UACC-812	HER2amp	FGFR4	NaN
UACC-893	HER2amp	FGFR4	-2.6885
ZR-75-1	HR+	FGFR4	-3.3145
ZR-75-30	HER2amp	FGFR4	-3.8379
184B5	TNBC	EpCAM	-1.3579
AU-565	HER2amp	EpCAM	-0.56566
BT-20	TNBC	EpCAM	-0.47181
BT-474	HER2amp	EpCAM	-1.0004
BT-483	HR+	EpCAM	-0.37737
BT-549	TNBC	EpCAM	NaN
CAMA-1	HR+	EpCAM	-1.1362
HCC1187	TNBC	EpCAM	-0.79987
HCC1395	TNBC	EpCAM	NaN
HCC1419	HER2amp	EpCAM	-0.47165
HCC1428	HR+	EpCAM	-0.77761
HCC1500	HR+	EpCAM	-0.90199
HCC1569	HER2amp	EpCAM	-0.96848
HCC1806	TNBC	EpCAM	-0.65616
HCC1937	TNBC	EpCAM	-0.28054
HCC1954	HER2amp	EpCAM	-0.4542
HCC202	HER2amp	EpCAM	-0.0035085
HCC38	TNBC	EpCAM	-0.11721
HCC70	TNBC	EpCAM	-0.61791
Hs 578T	TNBC	EpCAM	NaN
MCF 10A	TNBC	EpCAM	-2.015
MCF 10F	TNBC	EpCAM	-0.75973
MCF-12A	TNBC	EpCAM	-1.2296
MCF7	HR+	EpCAM	-0.15004
MDA-MB-134-VI	HR+	EpCAM	-0.9746
MDA-MB-157	TNBC	EpCAM	NaN
MDA-MB-175-VII	HR+	EpCAM	-1.3518
MDA-MB-231	TNBC	EpCAM	-1.9538
MDA-MB-361	HER2amp	EpCAM	-0.54704
MDA-MB-415	HR+	EpCAM	-0.28151
MDA-MB-436	TNBC	EpCAM	-2.3442
MDA-MB-453	TNBC	EpCAM	-0.41741
MDA-MB-468	TNBC	EpCAM	-0.24358
SK-BR-3	HER2amp	EpCAM	-0.4938
T47D	HR+	EpCAM	-0.7786
UACC-812	HER2amp	EpCAM	-0.57048
UACC-893	HER2amp	EpCAM	-0.023096
ZR-75-1	HR+	EpCAM	-0.58445
ZR-75-30	HER2amp	EpCAM	-1.2369
184B5	TNBC	pErk (RnD)	-3.9179
AU-565	HER2amp	pErk (RnD)	-3.3855
BT-20	TNBC	pErk (RnD)	-3.9518
BT-474	HER2amp	pErk (RnD)	-3.7708
BT-483	HR+	pErk (RnD)	NaN
BT-549	TNBC	pErk (RnD)	-3.3222
CAMA-1	HR+	pErk (RnD)	NaN
HCC1187	TNBC	pErk (RnD)	-3.8074
HCC1395	TNBC	pErk (RnD)	NaN
HCC1419	HER2amp	pErk (RnD)	-3.2029
HCC1428	HR+	pErk (RnD)	-3.9633
HCC1500	HR+	pErk (RnD)	-3.6161
HCC1569	HER2amp	pErk (RnD)	-3.2424
HCC1806	TNBC	pErk (RnD)	NaN
HCC1937	TNBC	pErk (RnD)	NaN
HCC1954	HER2amp	pErk (RnD)	-3.6731
HCC202	HER2amp	pErk (RnD)	-3.0248
HCC38	TNBC	pErk (RnD)	-3.5904
HCC70	TNBC	pErk (RnD)	-3.3744
Hs 578T	TNBC	pErk (RnD)	NaN
MCF 10A	TNBC	pErk (RnD)	NaN
MCF 10F	TNBC	pErk (RnD)	-3.9068
MCF-12A	TNBC	pErk (RnD)	NaN
MCF7	HR+	pErk (RnD)	NaN
MDA-MB-134-VI	HR+	pErk (RnD)	-4.1427
MDA-MB-157	TNBC	pErk (RnD)	NaN
MDA-MB-175-VII	HR+	pErk (RnD)	-3.0701
MDA-MB-231	TNBC	pErk (RnD)	-3.6192
MDA-MB-361	HER2amp	pErk (RnD)	NaN
MDA-MB-415	HR+	pErk (RnD)	NaN
MDA-MB-436	TNBC	pErk (RnD)	-3.7291
MDA-MB-453	TNBC	pErk (RnD)	-3.7242
MDA-MB-468	TNBC	pErk (RnD)	-4.0155
SK-BR-3	HER2amp	pErk (RnD)	-3.715
T47D	HR+	pErk (RnD)	-3.6481
UACC-812	HER2amp	pErk (RnD)	-2.8949
UACC-893	HER2amp	pErk (RnD)	-2.7724
ZR-75-1	HR+	pErk (RnD)	-4.0697
ZR-75-30	HER2amp	pErk (RnD)	-2.6879
184B5	TNBC	pErk (CST)	-3.0046
AU-565	HER2amp	pErk (CST)	-2.7345
BT-20	TNBC	pErk (CST)	-3.3684
BT-474	HER2amp	pErk (CST)	-3.172
BT-483	HR+	pErk (CST)	-3.2028
BT-549	TNBC	pErk (CST)	-2.6896
CAMA-1	HR+	pErk (CST)	-3.3207
HCC1187	TNBC	pErk (CST)	-3.1948
HCC1395	TNBC	pErk (CST)	-2.846
HCC1419	HER2amp	pErk (CST)	-2.3151
HCC1428	HR+	pErk (CST)	-3.6806
HCC1500	HR+	pErk (CST)	-3.6305
HCC1569	HER2amp	pErk (CST)	-3.4161
HCC1806	TNBC	pErk (CST)	-3.3727
HCC1937	TNBC	pErk (CST)	-2.6714
HCC1954	HER2amp	pErk (CST)	-3.0225
HCC202	HER2amp	pErk (CST)	-2.1153
HCC38	TNBC	pErk (CST)	-3.0687
HCC70	TNBC	pErk (CST)	-3.5417
Hs 578T	TNBC	pErk (CST)	-3.3811
MCF 10A	TNBC	pErk (CST)	-3.1523
MCF 10F	TNBC	pErk (CST)	-3.7115
MCF-12A	TNBC	pErk (CST)	-3.8736
MCF7	HR+	pErk (CST)	-3.3909
MDA-MB-134-VI	HR+	pErk (CST)	-2.6037
MDA-MB-157	TNBC	pErk (CST)	-3.0614
MDA-MB-175-VII	HR+	pErk (CST)	-2.0739
MDA-MB-231	TNBC	pErk (CST)	-3.1478
MDA-MB-361	HER2amp	pErk (CST)	-3.1222
MDA-MB-415	HR+	pErk (CST)	-3.0639
MDA-MB-436	TNBC	pErk (CST)	-2.8613
MDA-MB-453	TNBC	pErk (CST)	-2.6854
MDA-MB-468	TNBC	pErk (CST)	-3.2227
SK-BR-3	HER2amp	pErk (CST)	-2.9687
T47D	HR+	pErk (CST)	-3.1522
UACC-812	HER2amp	pErk (CST)	-2.2085
UACC-893	HER2amp	pErk (CST)	-2.4548
ZR-75-1	HR+	pErk (CST)	-3.533
ZR-75-30	HER2amp	pErk (CST)	-2.3571
184B5	TNBC	pAkt	-1.1896
AU-565	HER2amp	pAkt	-0.56314
BT-20	TNBC	pAkt	-0.68905
BT-474	HER2amp	pAkt	-0.64569
BT-483	HR+	pAkt	-0.91645
BT-549	TNBC	pAkt	-0.51847
CAMA-1	HR+	pAkt	-0.56791
HCC1187	TNBC	pAkt	-0.60361
HCC1395	TNBC	pAkt	-0.45164
HCC1419	HER2amp	pAkt	-0.24708
HCC1428	HR+	pAkt	-2.4388
HCC1500	HR+	pAkt	-2.3929
HCC1569	HER2amp	pAkt	-0.4241
HCC1806	TNBC	pAkt	-2.218
HCC1937	TNBC	pAkt	-0.52853
HCC1954	HER2amp	pAkt	-0.16817
HCC202	HER2amp	pAkt	-0.35886
HCC38	TNBC	pAkt	-1.1128
HCC70	TNBC	pAkt	-0.54102
Hs 578T	TNBC	pAkt	-0.89303
MCF 10A	TNBC	pAkt	-1.0162
MCF 10F	TNBC	pAkt	-1.1596
MCF-12A	TNBC	pAkt	-1.7679
MCF7	HR+	pAkt	-1.4738
MDA-MB-134-VI	HR+	pAkt	-2.785
MDA-MB-157	TNBC	pAkt	-2.046
MDA-MB-175-VII	HR+	pAkt	-0.52793
MDA-MB-231	TNBC	pAkt	-2.1754
MDA-MB-361	HER2amp	pAkt	-1.2468
MDA-MB-415	HR+	pAkt	0.020561
MDA-MB-436	TNBC	pAkt	-0.53814
MDA-MB-453	TNBC	pAkt	-0.29554
MDA-MB-468	TNBC	pAkt	-0.5684
SK-BR-3	HER2amp	pAkt	-0.58459
T47D	HR+	pAkt	-0.73355
UACC-812	HER2amp	pAkt	-0.68516
UACC-893	HER2amp	pAkt	0.28862
ZR-75-1	HR+	pAkt	-1.4211
ZR-75-30	HER2amp	pAkt	-0.45764
184B5	TNBC	pEGFR	-1.1326
AU-565	HER2amp	pEGFR	-0.10597
BT-20	TNBC	pEGFR	-0.7106
BT-474	HER2amp	pEGFR	-0.90577
BT-483	HR+	pEGFR	-2.498
BT-549	TNBC	pEGFR	-1.7867
CAMA-1	HR+	pEGFR	-3.2949
HCC1187	TNBC	pEGFR	-1.9867
HCC1395	TNBC	pEGFR	-2.5592
HCC1419	HER2amp	pEGFR	-1.0611
HCC1428	HR+	pEGFR	-1.8247
HCC1500	HR+	pEGFR	-2.146
HCC1569	HER2amp	pEGFR	-1.8469
HCC1806	TNBC	pEGFR	-1.9834
HCC1937	TNBC	pEGFR	-2.2819
HCC1954	HER2amp	pEGFR	-0.57234
HCC202	HER2amp	pEGFR	-1.4141
HCC38	TNBC	pEGFR	-2.083
HCC70	TNBC	pEGFR	-1.1099
Hs 578T	TNBC	pEGFR	-2.1288
MCF 10A	TNBC	pEGFR	-1.6955
MCF 10F	TNBC	pEGFR	-1.8571
MCF-12A	TNBC	pEGFR	-0.70841
MCF7	HR+	pEGFR	NaN
MDA-MB-134-VI	HR+	pEGFR	NaN
MDA-MB-157	TNBC	pEGFR	-2.6441
MDA-MB-175-VII	HR+	pEGFR	-3.2672
MDA-MB-231	TNBC	pEGFR	-2.0014
MDA-MB-361	HER2amp	pEGFR	-2.2586
MDA-MB-415	HR+	pEGFR	-2.4585
MDA-MB-436	TNBC	pEGFR	-2.7897
MDA-MB-453	TNBC	pEGFR	-2.108
MDA-MB-468	TNBC	pEGFR	-0.76263
SK-BR-3	HER2amp	pEGFR	-0.4329
T47D	HR+	pEGFR	-2.4341
UACC-812	HER2amp	pEGFR	-1.7816
UACC-893	HER2amp	pEGFR	-0.71315
ZR-75-1	HR+	pEGFR	-2.7779
ZR-75-30	HER2amp	pEGFR	-2.6739
184B5	TNBC	pErbB2	-2.3545
AU-565	HER2amp	pErbB2	0.034618
BT-20	TNBC	pErbB2	-1.9384
BT-474	HER2amp	pErbB2	-0.0032348
BT-483	HR+	pErbB2	-1.6804
BT-549	TNBC	pErbB2	-1.9128
CAMA-1	HR+	pErbB2	-2.1295
HCC1187	TNBC	pErbB2	-1.81
HCC1395	TNBC	pErbB2	NaN
HCC1419	HER2amp	pErbB2	0.38591
HCC1428	HR+	pErbB2	NaN
HCC1500	HR+	pErbB2	-1.9962
HCC1569	HER2amp	pErbB2	-0.32919
HCC1806	TNBC	pErbB2	-2.3398
HCC1937	TNBC	pErbB2	NaN
HCC1954	HER2amp	pErbB2	-0.068404
HCC202	HER2amp	pErbB2	-0.71373
HCC38	TNBC	pErbB2	-2.0764
HCC70	TNBC	pErbB2	NaN
Hs 578T	TNBC	pErbB2	NaN
MCF 10A	TNBC	pErbB2	-2.0913
MCF 10F	TNBC	pErbB2	-2.33
MCF-12A	TNBC	pErbB2	-2.582
MCF7	HR+	pErbB2	NaN
MDA-MB-134-VI	HR+	pErbB2	NaN
MDA-MB-157	TNBC	pErbB2	NaN
MDA-MB-175-VII	HR+	pErbB2	-1.7976
MDA-MB-231	TNBC	pErbB2	-2.4551
MDA-MB-361	HER2amp	pErbB2	-1.1183
MDA-MB-415	HR+	pErbB2	-1.9824
MDA-MB-436	TNBC	pErbB2	NaN
MDA-MB-453	TNBC	pErbB2	-1.0179
MDA-MB-468	TNBC	pErbB2	-2.2263
SK-BR-3	HER2amp	pErbB2	0.076766
T47D	HR+	pErbB2	-1.9531
UACC-812	HER2amp	pErbB2	-0.22547
UACC-893	HER2amp	pErbB2	0.32696
ZR-75-1	HR+	pErbB2	-2.2445
ZR-75-30	HER2amp	pErbB2	-0.0034572
184B5	TNBC	pErbB3	NaN
AU-565	HER2amp	pErbB3	-1.1201
BT-20	TNBC	pErbB3	NaN
BT-474	HER2amp	pErbB3	-1.1892
BT-483	HR+	pErbB3	NaN
BT-549	TNBC	pErbB3	NaN
CAMA-1	HR+	pErbB3	NaN
HCC1187	TNBC	pErbB3	NaN
HCC1395	TNBC	pErbB3	NaN
HCC1419	HER2amp	pErbB3	-0.80319
HCC1428	HR+	pErbB3	NaN
HCC1500	HR+	pErbB3	NaN
HCC1569	HER2amp	pErbB3	-3.1891
HCC1806	TNBC	pErbB3	NaN
HCC1937	TNBC	pErbB3	NaN
HCC1954	HER2amp	pErbB3	-1.7787
HCC202	HER2amp	pErbB3	NaN
HCC38	TNBC	pErbB3	NaN
HCC70	TNBC	pErbB3	NaN
Hs 578T	TNBC	pErbB3	NaN
MCF 10A	TNBC	pErbB3	NaN
MCF 10F	TNBC	pErbB3	NaN
MCF-12A	TNBC	pErbB3	NaN
MCF7	HR+	pErbB3	NaN
MDA-MB-134-VI	HR+	pErbB3	NaN
MDA-MB-157	TNBC	pErbB3	NaN
MDA-MB-175-VII	HR+	pErbB3	-2.0407
MDA-MB-231	TNBC	pErbB3	NaN
MDA-MB-361	HER2amp	pErbB3	NaN
MDA-MB-415	HR+	pErbB3	NaN
MDA-MB-436	TNBC	pErbB3	NaN
MDA-MB-453	TNBC	pErbB3	-2.1205
MDA-MB-468	TNBC	pErbB3	NaN
SK-BR-3	HER2amp	pErbB3	-1.8496
T47D	HR+	pErbB3	NaN
UACC-812	HER2amp	pErbB3	NaN
UACC-893	HER2amp	pErbB3	-1.3977
ZR-75-1	HR+	pErbB3	NaN
ZR-75-30	HER2amp	pErbB3	-1.6781
184B5	TNBC	pErbB4	-2.7108
AU-565	HER2amp	pErbB4	-1.7272
BT-20	TNBC	pErbB4	-2.4854
BT-474	HER2amp	pErbB4	-1.5962
BT-483	HR+	pErbB4	-2.3629
BT-549	TNBC	pErbB4	-1.8378
CAMA-1	HR+	pErbB4	-2.8492
HCC1187	TNBC	pErbB4	-2.8231
HCC1395	TNBC	pErbB4	-3.1653
HCC1419	HER2amp	pErbB4	-0.56314
HCC1428	HR+	pErbB4	-2.3644
HCC1500	HR+	pErbB4	-2.5618
HCC1569	HER2amp	pErbB4	-2.4712
HCC1806	TNBC	pErbB4	-2.9058
HCC1937	TNBC	pErbB4	-2.2983
HCC1954	HER2amp	pErbB4	-1.761
HCC202	HER2amp	pErbB4	-2.0044
HCC38	TNBC	pErbB4	-2.2563
HCC70	TNBC	pErbB4	-2.8108
Hs 578T	TNBC	pErbB4	NaN
MCF 10A	TNBC	pErbB4	-2.0241
MCF 10F	TNBC	pErbB4	-2.4106
MCF-12A	TNBC	pErbB4	-3.1402
MCF7	HR+	pErbB4	NaN
MDA-MB-134-VI	HR+	pErbB4	NaN
MDA-MB-157	TNBC	pErbB4	-2.8518
MDA-MB-175-VII	HR+	pErbB4	-2.0965
MDA-MB-231	TNBC	pErbB4	-2.8636
MDA-MB-361	HER2amp	pErbB4	-3.0958
MDA-MB-415	HR+	pErbB4	-2.5154
MDA-MB-436	TNBC	pErbB4	NaN
MDA-MB-453	TNBC	pErbB4	-2.0085
MDA-MB-468	TNBC	pErbB4	-2.3282
SK-BR-3	HER2amp	pErbB4	-1.2934
T47D	HR+	pErbB4	-2.3526
UACC-812	HER2amp	pErbB4	-1.796
UACC-893	HER2amp	pErbB4	-1.3823
ZR-75-1	HR+	pErbB4	NaN
ZR-75-30	HER2amp	pErbB4	-1.9699
184B5	TNBC	pInsR	-1.1218
AU-565	HER2amp	pInsR	-1.2539
BT-20	TNBC	pInsR	-2.2978
BT-474	HER2amp	pInsR	-1.4767
BT-483	HR+	pInsR	-1.2363
BT-549	TNBC	pInsR	-2.1262
CAMA-1	HR+	pInsR	-1.7024
HCC1187	TNBC	pInsR	NaN
HCC1395	TNBC	pInsR	-2.1387
HCC1419	HER2amp	pInsR	-1.0484
HCC1428	HR+	pInsR	NaN
HCC1500	HR+	pInsR	-1.4514
HCC1569	HER2amp	pInsR	-2.4504
HCC1806	TNBC	pInsR	-2.4206
HCC1937	TNBC	pInsR	-1.5264
HCC1954	HER2amp	pInsR	-1.6409
HCC202	HER2amp	pInsR	-1.7002
HCC38	TNBC	pInsR	-2.7147
HCC70	TNBC	pInsR	NaN
Hs 578T	TNBC	pInsR	-1.4362
MCF 10A	TNBC	pInsR	-1.4592
MCF 10F	TNBC	pInsR	-1.2851
MCF-12A	TNBC	pInsR	-1.8124
MCF7	HR+	pInsR	-1.3606
MDA-MB-134-VI	HR+	pInsR	NaN
MDA-MB-157	TNBC	pInsR	-2.1614
MDA-MB-175-VII	HR+	pInsR	-2.1655
MDA-MB-231	TNBC	pInsR	-2.3487
MDA-MB-361	HER2amp	pInsR	-1.8537
MDA-MB-415	HR+	pInsR	-1.4131
MDA-MB-436	TNBC	pInsR	NaN
MDA-MB-453	TNBC	pInsR	-1.774
MDA-MB-468	TNBC	pInsR	-1.8738
SK-BR-3	HER2amp	pInsR	-1.5262
T47D	HR+	pInsR	-2.2931
UACC-812	HER2amp	pInsR	NaN
UACC-893	HER2amp	pInsR	-1.309
ZR-75-1	HR+	pInsR	-2.5222
ZR-75-30	HER2amp	pInsR	-1.6421
184B5	TNBC	pIGF1R	-1.7371
AU-565	HER2amp	pIGF1R	-1.9483
BT-20	TNBC	pIGF1R	NaN
BT-474	HER2amp	pIGF1R	-1.8684
BT-483	HR+	pIGF1R	-0.96528
BT-549	TNBC	pIGF1R	-2.2367
CAMA-1	HR+	pIGF1R	NaN
HCC1187	TNBC	pIGF1R	NaN
HCC1395	TNBC	pIGF1R	NaN
HCC1419	HER2amp	pIGF1R	-1.2484
HCC1428	HR+	pIGF1R	NaN
HCC1500	HR+	pIGF1R	-2.6278
HCC1569	HER2amp	pIGF1R	-2.2906
HCC1806	TNBC	pIGF1R	-2.7879
HCC1937	TNBC	pIGF1R	NaN
HCC1954	HER2amp	pIGF1R	-2.3039
HCC202	HER2amp	pIGF1R	NaN
HCC38	TNBC	pIGF1R	-2.2686
HCC70	TNBC	pIGF1R	NaN
Hs 578T	TNBC	pIGF1R	NaN
MCF 10A	TNBC	pIGF1R	-2.1701
MCF 10F	TNBC	pIGF1R	-1.7935
MCF-12A	TNBC	pIGF1R	-1.9631
MCF7	HR+	pIGF1R	NaN
MDA-MB-134-VI	HR+	pIGF1R	NaN
MDA-MB-157	TNBC	pIGF1R	NaN
MDA-MB-175-VII	HR+	pIGF1R	NaN
MDA-MB-231	TNBC	pIGF1R	NaN
MDA-MB-361	HER2amp	pIGF1R	NaN
MDA-MB-415	HR+	pIGF1R	NaN
MDA-MB-436	TNBC	pIGF1R	NaN
MDA-MB-453	TNBC	pIGF1R	NaN
MDA-MB-468	TNBC	pIGF1R	-2.6431
SK-BR-3	HER2amp	pIGF1R	-2.3862
T47D	HR+	pIGF1R	-2.2189
UACC-812	HER2amp	pIGF1R	NaN
UACC-893	HER2amp	pIGF1R	-1.6686
ZR-75-1	HR+	pIGF1R	NaN
ZR-75-30	HER2amp	pIGF1R	-2.1571
184B5	TNBC	pIGF1R (Y1131)	-1.5525
AU-565	HER2amp	pIGF1R (Y1131)	-2.0522
BT-20	TNBC	pIGF1R (Y1131)	-2.0446
BT-474	HER2amp	pIGF1R (Y1131)	NaN
BT-483	HR+	pIGF1R (Y1131)	-1.122
BT-549	TNBC	pIGF1R (Y1131)	NaN
CAMA-1	HR+	pIGF1R (Y1131)	NaN
HCC1187	TNBC	pIGF1R (Y1131)	NaN
HCC1395	TNBC	pIGF1R (Y1131)	NaN
HCC1419	HER2amp	pIGF1R (Y1131)	NaN
HCC1428	HR+	pIGF1R (Y1131)	NaN
HCC1500	HR+	pIGF1R (Y1131)	-1.4154
HCC1569	HER2amp	pIGF1R (Y1131)	NaN
HCC1806	TNBC	pIGF1R (Y1131)	NaN
HCC1937	TNBC	pIGF1R (Y1131)	NaN
HCC1954	HER2amp	pIGF1R (Y1131)	-1.6888
HCC202	HER2amp	pIGF1R (Y1131)	NaN
HCC38	TNBC	pIGF1R (Y1131)	NaN
HCC70	TNBC	pIGF1R (Y1131)	NaN
Hs 578T	TNBC	pIGF1R (Y1131)	-1.9988
MCF 10A	TNBC	pIGF1R (Y1131)	-1.4531
MCF 10F	TNBC	pIGF1R (Y1131)	-1.1106
MCF-12A	TNBC	pIGF1R (Y1131)	-1.2972
MCF7	HR+	pIGF1R (Y1131)	-0.71389
MDA-MB-134-VI	HR+	pIGF1R (Y1131)	NaN
MDA-MB-157	TNBC	pIGF1R (Y1131)	NaN
MDA-MB-175-VII	HR+	pIGF1R (Y1131)	NaN
MDA-MB-231	TNBC	pIGF1R (Y1131)	-1.9403
MDA-MB-361	HER2amp	pIGF1R (Y1131)	NaN
MDA-MB-415	HR+	pIGF1R (Y1131)	NaN
MDA-MB-436	TNBC	pIGF1R (Y1131)	NaN
MDA-MB-453	TNBC	pIGF1R (Y1131)	NaN
MDA-MB-468	TNBC	pIGF1R (Y1131)	NaN
SK-BR-3	HER2amp	pIGF1R (Y1131)	NaN
T47D	HR+	pIGF1R (Y1131)	-1.5729
UACC-812	HER2amp	pIGF1R (Y1131)	-0.959
UACC-893	HER2amp	pIGF1R (Y1131)	NaN
ZR-75-1	HR+	pIGF1R (Y1131)	NaN
ZR-75-30	HER2amp	pIGF1R (Y1131)	NaN
184B5	TNBC	pVEGFR1	NaN
AU-565	HER2amp	pVEGFR1	NaN
BT-20	TNBC	pVEGFR1	NaN
BT-474	HER2amp	pVEGFR1	NaN
BT-483	HR+	pVEGFR1	NaN
BT-549	TNBC	pVEGFR1	NaN
CAMA-1	HR+	pVEGFR1	NaN
HCC1187	TNBC	pVEGFR1	NaN
HCC1395	TNBC	pVEGFR1	NaN
HCC1419	HER2amp	pVEGFR1	NaN
HCC1428	HR+	pVEGFR1	NaN
HCC1500	HR+	pVEGFR1	NaN
HCC1569	HER2amp	pVEGFR1	NaN
HCC1806	TNBC	pVEGFR1	NaN
HCC1937	TNBC	pVEGFR1	NaN
HCC1954	HER2amp	pVEGFR1	NaN
HCC202	HER2amp	pVEGFR1	NaN
HCC38	TNBC	pVEGFR1	NaN
HCC70	TNBC	pVEGFR1	NaN
Hs 578T	TNBC	pVEGFR1	NaN
MCF 10A	TNBC	pVEGFR1	NaN
MCF 10F	TNBC	pVEGFR1	NaN
MCF-12A	TNBC	pVEGFR1	NaN
MCF7	HR+	pVEGFR1	NaN
MDA-MB-134-VI	HR+	pVEGFR1	NaN
MDA-MB-157	TNBC	pVEGFR1	NaN
MDA-MB-175-VII	HR+	pVEGFR1	NaN
MDA-MB-231	TNBC	pVEGFR1	NaN
MDA-MB-361	HER2amp	pVEGFR1	NaN
MDA-MB-415	HR+	pVEGFR1	NaN
MDA-MB-436	TNBC	pVEGFR1	NaN
MDA-MB-453	TNBC	pVEGFR1	NaN
MDA-MB-468	TNBC	pVEGFR1	NaN
SK-BR-3	HER2amp	pVEGFR1	NaN
T47D	HR+	pVEGFR1	NaN
UACC-812	HER2amp	pVEGFR1	NaN
UACC-893	HER2amp	pVEGFR1	NaN
ZR-75-1	HR+	pVEGFR1	NaN
ZR-75-30	HER2amp	pVEGFR1	NaN
184B5	TNBC	pVEGFR2	NaN
AU-565	HER2amp	pVEGFR2	NaN
BT-20	TNBC	pVEGFR2	NaN
BT-474	HER2amp	pVEGFR2	NaN
BT-483	HR+	pVEGFR2	NaN
BT-549	TNBC	pVEGFR2	NaN
CAMA-1	HR+	pVEGFR2	NaN
HCC1187	TNBC	pVEGFR2	-1.9316
HCC1395	TNBC	pVEGFR2	NaN
HCC1419	HER2amp	pVEGFR2	-2.9454
HCC1428	HR+	pVEGFR2	-2.3914
HCC1500	HR+	pVEGFR2	NaN
HCC1569	HER2amp	pVEGFR2	NaN
HCC1806	TNBC	pVEGFR2	NaN
HCC1937	TNBC	pVEGFR2	NaN
HCC1954	HER2amp	pVEGFR2	NaN
HCC202	HER2amp	pVEGFR2	NaN
HCC38	TNBC	pVEGFR2	NaN
HCC70	TNBC	pVEGFR2	NaN
Hs 578T	TNBC	pVEGFR2	NaN
MCF 10A	TNBC	pVEGFR2	NaN
MCF 10F	TNBC	pVEGFR2	NaN
MCF-12A	TNBC	pVEGFR2	NaN
MCF7	HR+	pVEGFR2	NaN
MDA-MB-134-VI	HR+	pVEGFR2	NaN
MDA-MB-157	TNBC	pVEGFR2	NaN
MDA-MB-175-VII	HR+	pVEGFR2	NaN
MDA-MB-231	TNBC	pVEGFR2	NaN
MDA-MB-361	HER2amp	pVEGFR2	NaN
MDA-MB-415	HR+	pVEGFR2	NaN
MDA-MB-436	TNBC	pVEGFR2	NaN
MDA-MB-453	TNBC	pVEGFR2	NaN
MDA-MB-468	TNBC	pVEGFR2	NaN
SK-BR-3	HER2amp	pVEGFR2	NaN
T47D	HR+	pVEGFR2	NaN
UACC-812	HER2amp	pVEGFR2	NaN
UACC-893	HER2amp	pVEGFR2	NaN
ZR-75-1	HR+	pVEGFR2	NaN
ZR-75-30	HER2amp	pVEGFR2	NaN
184B5	TNBC	pVEGFR3	NaN
AU-565	HER2amp	pVEGFR3	-2.7306
BT-20	TNBC	pVEGFR3	NaN
BT-474	HER2amp	pVEGFR3	-2.4718
BT-483	HR+	pVEGFR3	NaN
BT-549	TNBC	pVEGFR3	NaN
CAMA-1	HR+	pVEGFR3	NaN
HCC1187	TNBC	pVEGFR3	NaN
HCC1395	TNBC	pVEGFR3	NaN
HCC1419	HER2amp	pVEGFR3	-2.2309
HCC1428	HR+	pVEGFR3	NaN
HCC1500	HR+	pVEGFR3	NaN
HCC1569	HER2amp	pVEGFR3	-3.3986
HCC1806	TNBC	pVEGFR3	NaN
HCC1937	TNBC	pVEGFR3	NaN
HCC1954	HER2amp	pVEGFR3	NaN
HCC202	HER2amp	pVEGFR3	NaN
HCC38	TNBC	pVEGFR3	NaN
HCC70	TNBC	pVEGFR3	NaN
Hs 578T	TNBC	pVEGFR3	NaN
MCF 10A	TNBC	pVEGFR3	NaN
MCF 10F	TNBC	pVEGFR3	NaN
MCF-12A	TNBC	pVEGFR3	NaN
MCF7	HR+	pVEGFR3	NaN
MDA-MB-134-VI	HR+	pVEGFR3	NaN
MDA-MB-157	TNBC	pVEGFR3	NaN
MDA-MB-175-VII	HR+	pVEGFR3	NaN
MDA-MB-231	TNBC	pVEGFR3	NaN
MDA-MB-361	HER2amp	pVEGFR3	NaN
MDA-MB-415	HR+	pVEGFR3	NaN
MDA-MB-436	TNBC	pVEGFR3	NaN
MDA-MB-453	TNBC	pVEGFR3	NaN
MDA-MB-468	TNBC	pVEGFR3	NaN
SK-BR-3	HER2amp	pVEGFR3	NaN
T47D	HR+	pVEGFR3	NaN
UACC-812	HER2amp	pVEGFR3	-2.6821
UACC-893	HER2amp	pVEGFR3	-2.7509
ZR-75-1	HR+	pVEGFR3	NaN
ZR-75-30	HER2amp	pVEGFR3	-2.6699
184B5	TNBC	pPDGFRa	-2.9004
AU-565	HER2amp	pPDGFRa	-2.7581
BT-20	TNBC	pPDGFRa	NaN
BT-474	HER2amp	pPDGFRa	-2.2611
BT-483	HR+	pPDGFRa	-2.5419
BT-549	TNBC	pPDGFRa	-2.3426
CAMA-1	HR+	pPDGFRa	NaN
HCC1187	TNBC	pPDGFRa	-2.9302
HCC1395	TNBC	pPDGFRa	NaN
HCC1419	HER2amp	pPDGFRa	-1.8717
HCC1428	HR+	pPDGFRa	NaN
HCC1500	HR+	pPDGFRa	-2.8381
HCC1569	HER2amp	pPDGFRa	NaN
HCC1806	TNBC	pPDGFRa	-3.2851
HCC1937	TNBC	pPDGFRa	NaN
HCC1954	HER2amp	pPDGFRa	NaN
HCC202	HER2amp	pPDGFRa	-3.7264
HCC38	TNBC	pPDGFRa	NaN
HCC70	TNBC	pPDGFRa	-4.0551
Hs 578T	TNBC	pPDGFRa	-2.3768
MCF 10A	TNBC	pPDGFRa	NaN
MCF 10F	TNBC	pPDGFRa	NaN
MCF-12A	TNBC	pPDGFRa	NaN
MCF7	HR+	pPDGFRa	NaN
MDA-MB-134-VI	HR+	pPDGFRa	-2.8589
MDA-MB-157	TNBC	pPDGFRa	NaN
MDA-MB-175-VII	HR+	pPDGFRa	NaN
MDA-MB-231	TNBC	pPDGFRa	-3.2379
MDA-MB-361	HER2amp	pPDGFRa	-3.1516
MDA-MB-415	HR+	pPDGFRa	-2.6138
MDA-MB-436	TNBC	pPDGFRa	NaN
MDA-MB-453	TNBC	pPDGFRa	-2.5885
MDA-MB-468	TNBC	pPDGFRa	-2.8132
SK-BR-3	HER2amp	pPDGFRa	-2.787
T47D	HR+	pPDGFRa	-2.929
UACC-812	HER2amp	pPDGFRa	NaN
UACC-893	HER2amp	pPDGFRa	-2.1509
ZR-75-1	HR+	pPDGFRa	-2.6237
ZR-75-30	HER2amp	pPDGFRa	-2.9791
184B5	TNBC	pPDGFRb	NaN
AU-565	HER2amp	pPDGFRb	NaN
BT-20	TNBC	pPDGFRb	NaN
BT-474	HER2amp	pPDGFRb	NaN
BT-483	HR+	pPDGFRb	NaN
BT-549	TNBC	pPDGFRb	NaN
CAMA-1	HR+	pPDGFRb	NaN
HCC1187	TNBC	pPDGFRb	NaN
HCC1395	TNBC	pPDGFRb	NaN
HCC1419	HER2amp	pPDGFRb	NaN
HCC1428	HR+	pPDGFRb	NaN
HCC1500	HR+	pPDGFRb	NaN
HCC1569	HER2amp	pPDGFRb	NaN
HCC1806	TNBC	pPDGFRb	NaN
HCC1937	TNBC	pPDGFRb	NaN
HCC1954	HER2amp	pPDGFRb	NaN
HCC202	HER2amp	pPDGFRb	NaN
HCC38	TNBC	pPDGFRb	NaN
HCC70	TNBC	pPDGFRb	NaN
Hs 578T	TNBC	pPDGFRb	-2.8055
MCF 10A	TNBC	pPDGFRb	NaN
MCF 10F	TNBC	pPDGFRb	NaN
MCF-12A	TNBC	pPDGFRb	NaN
MCF7	HR+	pPDGFRb	NaN
MDA-MB-134-VI	HR+	pPDGFRb	NaN
MDA-MB-157	TNBC	pPDGFRb	NaN
MDA-MB-175-VII	HR+	pPDGFRb	NaN
MDA-MB-231	TNBC	pPDGFRb	NaN
MDA-MB-361	HER2amp	pPDGFRb	NaN
MDA-MB-415	HR+	pPDGFRb	NaN
MDA-MB-436	TNBC	pPDGFRb	NaN
MDA-MB-453	TNBC	pPDGFRb	NaN
MDA-MB-468	TNBC	pPDGFRb	NaN
SK-BR-3	HER2amp	pPDGFRb	NaN
T47D	HR+	pPDGFRb	NaN
UACC-812	HER2amp	pPDGFRb	NaN
UACC-893	HER2amp	pPDGFRb	NaN
ZR-75-1	HR+	pPDGFRb	NaN
ZR-75-30	HER2amp	pPDGFRb	NaN
184B5	TNBC	pMet	-3.0559
AU-565	HER2amp	pMet	-2.5099
BT-20	TNBC	pMet	-2.1871
BT-474	HER2amp	pMet	-3.085
BT-483	HR+	pMet	NaN
BT-549	TNBC	pMet	NaN
CAMA-1	HR+	pMet	NaN
HCC1187	TNBC	pMet	NaN
HCC1395	TNBC	pMet	NaN
HCC1419	HER2amp	pMet	-2.2796
HCC1428	HR+	pMet	-2.4774
HCC1500	HR+	pMet	-2.0099
HCC1569	HER2amp	pMet	-2.5937
HCC1806	TNBC	pMet	-2.6789
HCC1937	TNBC	pMet	NaN
HCC1954	HER2amp	pMet	-2.1426
HCC202	HER2amp	pMet	NaN
HCC38	TNBC	pMet	NaN
HCC70	TNBC	pMet	NaN
Hs 578T	TNBC	pMet	NaN
MCF 10A	TNBC	pMet	NaN
MCF 10F	TNBC	pMet	-3.9364
MCF-12A	TNBC	pMet	-2.0341
MCF7	HR+	pMet	NaN
MDA-MB-134-VI	HR+	pMet	NaN
MDA-MB-157	TNBC	pMet	NaN
MDA-MB-175-VII	HR+	pMet	NaN
MDA-MB-231	TNBC	pMet	NaN
MDA-MB-361	HER2amp	pMet	NaN
MDA-MB-415	HR+	pMet	NaN
MDA-MB-436	TNBC	pMet	NaN
MDA-MB-453	TNBC	pMet	NaN
MDA-MB-468	TNBC	pMet	-3.5002
SK-BR-3	HER2amp	pMet	-2.3981
T47D	HR+	pMet	NaN
UACC-812	HER2amp	pMet	NaN
UACC-893	HER2amp	pMet	-2.2454
ZR-75-1	HR+	pMet	NaN
ZR-75-30	HER2amp	pMet	NaN
184B5	TNBC	pcKit	NaN
AU-565	HER2amp	pcKit	NaN
BT-20	TNBC	pcKit	NaN
BT-474	HER2amp	pcKit	NaN
BT-483	HR+	pcKit	NaN
BT-549	TNBC	pcKit	NaN
CAMA-1	HR+	pcKit	NaN
HCC1187	TNBC	pcKit	NaN
HCC1395	TNBC	pcKit	NaN
HCC1419	HER2amp	pcKit	NaN
HCC1428	HR+	pcKit	NaN
HCC1500	HR+	pcKit	NaN
HCC1569	HER2amp	pcKit	NaN
HCC1806	TNBC	pcKit	NaN
HCC1937	TNBC	pcKit	NaN
HCC1954	HER2amp	pcKit	NaN
HCC202	HER2amp	pcKit	NaN
HCC38	TNBC	pcKit	NaN
HCC70	TNBC	pcKit	NaN
Hs 578T	TNBC	pcKit	NaN
MCF 10A	TNBC	pcKit	NaN
MCF 10F	TNBC	pcKit	NaN
MCF-12A	TNBC	pcKit	NaN
MCF7	HR+	pcKit	NaN
MDA-MB-134-VI	HR+	pcKit	NaN
MDA-MB-157	TNBC	pcKit	NaN
MDA-MB-175-VII	HR+	pcKit	NaN
MDA-MB-231	TNBC	pcKit	NaN
MDA-MB-361	HER2amp	pcKit	NaN
MDA-MB-415	HR+	pcKit	NaN
MDA-MB-436	TNBC	pcKit	NaN
MDA-MB-453	TNBC	pcKit	NaN
MDA-MB-468	TNBC	pcKit	NaN
SK-BR-3	HER2amp	pcKit	NaN
T47D	HR+	pcKit	NaN
UACC-812	HER2amp	pcKit	NaN
UACC-893	HER2amp	pcKit	NaN
ZR-75-1	HR+	pcKit	NaN
ZR-75-30	HER2amp	pcKit	NaN
184B5	TNBC	pEphA2	NaN
AU-565	HER2amp	pEphA2	-3.8176
BT-20	TNBC	pEphA2	NaN
BT-474	HER2amp	pEphA2	NaN
BT-483	HR+	pEphA2	NaN
BT-549	TNBC	pEphA2	NaN
CAMA-1	HR+	pEphA2	NaN
HCC1187	TNBC	pEphA2	NaN
HCC1395	TNBC	pEphA2	NaN
HCC1419	HER2amp	pEphA2	-2.9827
HCC1428	HR+	pEphA2	NaN
HCC1500	HR+	pEphA2	NaN
HCC1569	HER2amp	pEphA2	NaN
HCC1806	TNBC	pEphA2	NaN
HCC1937	TNBC	pEphA2	NaN
HCC1954	HER2amp	pEphA2	-3.6777
HCC202	HER2amp	pEphA2	NaN
HCC38	TNBC	pEphA2	NaN
HCC70	TNBC	pEphA2	NaN
Hs 578T	TNBC	pEphA2	NaN
MCF 10A	TNBC	pEphA2	NaN
MCF 10F	TNBC	pEphA2	NaN
MCF-12A	TNBC	pEphA2	-3.9584
MCF7	HR+	pEphA2	NaN
MDA-MB-134-VI	HR+	pEphA2	NaN
MDA-MB-157	TNBC	pEphA2	NaN
MDA-MB-175-VII	HR+	pEphA2	NaN
MDA-MB-231	TNBC	pEphA2	NaN
MDA-MB-361	HER2amp	pEphA2	NaN
MDA-MB-415	HR+	pEphA2	NaN
MDA-MB-436	TNBC	pEphA2	NaN
MDA-MB-453	TNBC	pEphA2	NaN
MDA-MB-468	TNBC	pEphA2	NaN
SK-BR-3	HER2amp	pEphA2	NaN
T47D	HR+	pEphA2	NaN
UACC-812	HER2amp	pEphA2	NaN
UACC-893	HER2amp	pEphA2	NaN
ZR-75-1	HR+	pEphA2	-3.7392
ZR-75-30	HER2amp	pEphA2	NaN
184B5	TNBC	pSrc	-3.3274
AU-565	HER2amp	pSrc	-4.6174
BT-20	TNBC	pSrc	-3.5639
BT-474	HER2amp	pSrc	-4.6432
BT-483	HR+	pSrc	-2.6339
BT-549	TNBC	pSrc	-3.6921
CAMA-1	HR+	pSrc	-4.5941
HCC1187	TNBC	pSrc	-4.1894
HCC1395	TNBC	pSrc	-3.8015
HCC1419	HER2amp	pSrc	-4.9085
HCC1428	HR+	pSrc	-2.6982
HCC1500	HR+	pSrc	-3.8259
HCC1569	HER2amp	pSrc	-3.4719
HCC1806	TNBC	pSrc	-4.1121
HCC1937	TNBC	pSrc	-3.9215
HCC1954	HER2amp	pSrc	-3.6479
HCC202	HER2amp	pSrc	-3.8731
HCC38	TNBC	pSrc	-3.8648
HCC70	TNBC	pSrc	-4.3908
Hs 578T	TNBC	pSrc	-4.1203
MCF 10A	TNBC	pSrc	-3.8238
MCF 10F	TNBC	pSrc	-4.0355
MCF-12A	TNBC	pSrc	-3.5916
MCF7	HR+	pSrc	-4.6473
MDA-MB-134-VI	HR+	pSrc	-4.1128
MDA-MB-157	TNBC	pSrc	-4.2335
MDA-MB-175-VII	HR+	pSrc	-3.4263
MDA-MB-231	TNBC	pSrc	-3.9353
MDA-MB-361	HER2amp	pSrc	-3.9767
MDA-MB-415	HR+	pSrc	-3.4435
MDA-MB-436	TNBC	pSrc	-4.3841
MDA-MB-453	TNBC	pSrc	-4.6388
MDA-MB-468	TNBC	pSrc	-4.1124
SK-BR-3	HER2amp	pSrc	-4.3187
T47D	HR+	pSrc	-3.8963
UACC-812	HER2amp	pSrc	-3.2022
UACC-893	HER2amp	pSrc	-4.1012
ZR-75-1	HR+	pSrc	-3.8098
ZR-75-30	HER2amp	pSrc	-4.144
184B5	TNBC	pTrkA	-3.3669
AU-565	HER2amp	pTrkA	NaN
BT-20	TNBC	pTrkA	NaN
BT-474	HER2amp	pTrkA	-3.1861
BT-483	HR+	pTrkA	NaN
BT-549	TNBC	pTrkA	NaN
CAMA-1	HR+	pTrkA	NaN
HCC1187	TNBC	pTrkA	NaN
HCC1395	TNBC	pTrkA	NaN
HCC1419	HER2amp	pTrkA	-2.7263
HCC1428	HR+	pTrkA	NaN
HCC1500	HR+	pTrkA	-3.0484
HCC1569	HER2amp	pTrkA	NaN
HCC1806	TNBC	pTrkA	NaN
HCC1937	TNBC	pTrkA	NaN
HCC1954	HER2amp	pTrkA	NaN
HCC202	HER2amp	pTrkA	NaN
HCC38	TNBC	pTrkA	NaN
HCC70	TNBC	pTrkA	NaN
Hs 578T	TNBC	pTrkA	NaN
MCF 10A	TNBC	pTrkA	NaN
MCF 10F	TNBC	pTrkA	NaN
MCF-12A	TNBC	pTrkA	NaN
MCF7	HR+	pTrkA	NaN
MDA-MB-134-VI	HR+	pTrkA	NaN
MDA-MB-157	TNBC	pTrkA	NaN
MDA-MB-175-VII	HR+	pTrkA	NaN
MDA-MB-231	TNBC	pTrkA	NaN
MDA-MB-361	HER2amp	pTrkA	NaN
MDA-MB-415	HR+	pTrkA	NaN
MDA-MB-436	TNBC	pTrkA	NaN
MDA-MB-453	TNBC	pTrkA	NaN
MDA-MB-468	TNBC	pTrkA	-2.2371
SK-BR-3	HER2amp	pTrkA	NaN
T47D	HR+	pTrkA	NaN
UACC-812	HER2amp	pTrkA	NaN
UACC-893	HER2amp	pTrkA	-2.5842
ZR-75-1	HR+	pTrkA	NaN
ZR-75-30	HER2amp	pTrkA	NaN